-- phpMyAdmin SQL Dump
-- version 4.9.2
-- https://www.phpmyadmin.net/
--
-- Servidor: 127.0.0.1:3306
-- Tiempo de generación: 10-06-2020 a las 07:57:26
-- Versión del servidor: 10.4.10-MariaDB
-- Versión de PHP: 7.3.12

SET SQL_MODE = "NO_AUTO_VALUE_ON_ZERO";
SET AUTOCOMMIT = 0;
START TRANSACTION;
SET time_zone = "+00:00";


/*!40101 SET @OLD_CHARACTER_SET_CLIENT=@@CHARACTER_SET_CLIENT */;
/*!40101 SET @OLD_CHARACTER_SET_RESULTS=@@CHARACTER_SET_RESULTS */;
/*!40101 SET @OLD_COLLATION_CONNECTION=@@COLLATION_CONNECTION */;
/*!40101 SET NAMES utf8mb4 */;

--
-- Base de datos: `leophard_dev`
--
CREATE DATABASE IF NOT EXISTS `leophard_dev` DEFAULT CHARACTER SET latin1 COLLATE latin1_swedish_ci;
USE `leophard_dev`;

-- --------------------------------------------------------

--
-- Estructura de tabla para la tabla `almacen`
--

DROP TABLE IF EXISTS `almacen`;
CREATE TABLE IF NOT EXISTS `almacen` (
  `id_almacen` int(11) NOT NULL AUTO_INCREMENT COMMENT 'ID UNICO',
  `des_almacen` varchar(50) NOT NULL COMMENT 'DESCRIPCION ALMACEN',
  `status_almacen` int(11) NOT NULL COMMENT 'ESTATUS ALMACEN',
  `sucursal_almacen` int(11) NOT NULL COMMENT 'SUCURSAL ALMACEN',
  PRIMARY KEY (`id_almacen`),
  KEY `sucursal_almacen` (`sucursal_almacen`)
) ENGINE=InnoDB AUTO_INCREMENT=2 DEFAULT CHARSET=latin1 COMMENT=' GUARDA DATOS DE ALMACENES';

--
-- Volcado de datos para la tabla `almacen`
--

INSERT INTO `almacen` (`id_almacen`, `des_almacen`, `status_almacen`, `sucursal_almacen`) VALUES
(1, 'ALMACEN PRINCIPAL', 1, 1);

-- --------------------------------------------------------

--
-- Estructura de tabla para la tabla `auth_assignment`
--

DROP TABLE IF EXISTS `auth_assignment`;
CREATE TABLE IF NOT EXISTS `auth_assignment` (
  `item_name` varchar(64) COLLATE utf8_unicode_ci NOT NULL,
  `user_id` varchar(64) COLLATE utf8_unicode_ci NOT NULL,
  `created_at` int(11) DEFAULT NULL,
  PRIMARY KEY (`item_name`,`user_id`),
  KEY `idx-auth_assignment-user_id` (`user_id`)
) ENGINE=InnoDB DEFAULT CHARSET=utf8 COLLATE=utf8_unicode_ci;

--
-- Volcado de datos para la tabla `auth_assignment`
--

INSERT INTO `auth_assignment` (`item_name`, `user_id`, `created_at`) VALUES
('superAdministrador', '2', 1587329183),
('Usuario', '3', 1587329061),
('Usuario', '4', 1587344349),
('Usuario', '6', 1587996523);

-- --------------------------------------------------------

--
-- Estructura de tabla para la tabla `auth_item`
--

DROP TABLE IF EXISTS `auth_item`;
CREATE TABLE IF NOT EXISTS `auth_item` (
  `name` varchar(64) COLLATE utf8_unicode_ci NOT NULL,
  `type` smallint(6) NOT NULL,
  `description` text COLLATE utf8_unicode_ci DEFAULT NULL,
  `rule_name` varchar(64) COLLATE utf8_unicode_ci DEFAULT NULL,
  `data` blob DEFAULT NULL,
  `created_at` int(11) DEFAULT NULL,
  `updated_at` int(11) DEFAULT NULL,
  PRIMARY KEY (`name`),
  KEY `rule_name` (`rule_name`),
  KEY `idx-auth_item-type` (`type`)
) ENGINE=InnoDB DEFAULT CHARSET=utf8 COLLATE=utf8_unicode_ci;

--
-- Volcado de datos para la tabla `auth_item`
--

INSERT INTO `auth_item` (`name`, `type`, `description`, `rule_name`, `data`, `created_at`, `updated_at`) VALUES
('/*', 2, NULL, NULL, NULL, 1562771698, 1562771698),
('/admin/*', 2, NULL, NULL, NULL, 1562771696, 1562771696),
('/admin/assignment/*', 2, NULL, NULL, NULL, 1562771695, 1562771695),
('/admin/assignment/assign', 2, NULL, NULL, NULL, 1562771695, 1562771695),
('/admin/assignment/index', 2, NULL, NULL, NULL, 1562771695, 1562771695),
('/admin/assignment/revoke', 2, NULL, NULL, NULL, 1562771695, 1562771695),
('/admin/assignment/view', 2, NULL, NULL, NULL, 1562771695, 1562771695),
('/admin/default/*', 2, NULL, NULL, NULL, 1562771696, 1562771696),
('/admin/default/index', 2, NULL, NULL, NULL, 1562771695, 1562771695),
('/admin/menu/*', 2, NULL, NULL, NULL, 1562771696, 1562771696),
('/admin/menu/create', 2, NULL, NULL, NULL, 1562771696, 1562771696),
('/admin/menu/delete', 2, NULL, NULL, NULL, 1562771696, 1562771696),
('/admin/menu/index', 2, NULL, NULL, NULL, 1562771696, 1562771696),
('/admin/menu/update', 2, NULL, NULL, NULL, 1562771696, 1562771696),
('/admin/menu/view', 2, NULL, NULL, NULL, 1562771696, 1562771696),
('/admin/permission/*', 2, NULL, NULL, NULL, 1562771696, 1562771696),
('/admin/permission/assign', 2, NULL, NULL, NULL, 1562771696, 1562771696),
('/admin/permission/create', 2, NULL, NULL, NULL, 1562771696, 1562771696),
('/admin/permission/delete', 2, NULL, NULL, NULL, 1562771696, 1562771696),
('/admin/permission/index', 2, NULL, NULL, NULL, 1562771696, 1562771696),
('/admin/permission/remove', 2, NULL, NULL, NULL, 1562771696, 1562771696),
('/admin/permission/update', 2, NULL, NULL, NULL, 1562771696, 1562771696),
('/admin/permission/view', 2, NULL, NULL, NULL, 1562771696, 1562771696),
('/admin/role/*', 2, NULL, NULL, NULL, 1562771696, 1562771696),
('/admin/role/assign', 2, NULL, NULL, NULL, 1562771696, 1562771696),
('/admin/role/create', 2, NULL, NULL, NULL, 1562771696, 1562771696),
('/admin/role/delete', 2, NULL, NULL, NULL, 1562771696, 1562771696),
('/admin/role/index', 2, NULL, NULL, NULL, 1562771696, 1562771696),
('/admin/role/remove', 2, NULL, NULL, NULL, 1562771696, 1562771696),
('/admin/role/update', 2, NULL, NULL, NULL, 1562771696, 1562771696),
('/admin/role/view', 2, NULL, NULL, NULL, 1562771696, 1562771696),
('/admin/route/*', 2, NULL, NULL, NULL, 1562771696, 1562771696),
('/admin/route/assign', 2, NULL, NULL, NULL, 1562771696, 1562771696),
('/admin/route/create', 2, NULL, NULL, NULL, 1562771696, 1562771696),
('/admin/route/index', 2, NULL, NULL, NULL, 1562771696, 1562771696),
('/admin/route/refresh', 2, NULL, NULL, NULL, 1562771696, 1562771696),
('/admin/route/remove', 2, NULL, NULL, NULL, 1562771696, 1562771696),
('/admin/rule/*', 2, NULL, NULL, NULL, 1562771696, 1562771696),
('/admin/rule/create', 2, NULL, NULL, NULL, 1562771696, 1562771696),
('/admin/rule/delete', 2, NULL, NULL, NULL, 1562771696, 1562771696),
('/admin/rule/index', 2, NULL, NULL, NULL, 1562771696, 1562771696),
('/admin/rule/update', 2, NULL, NULL, NULL, 1562771696, 1562771696),
('/admin/rule/view', 2, NULL, NULL, NULL, 1562771696, 1562771696),
('/admin/user/*', 2, NULL, NULL, NULL, 1562771696, 1562771696),
('/admin/user/activate', 2, NULL, NULL, NULL, 1562771696, 1562771696),
('/admin/user/change-password', 2, NULL, NULL, NULL, 1562771696, 1562771696),
('/admin/user/delete', 2, NULL, NULL, NULL, 1562771696, 1562771696),
('/admin/user/index', 2, NULL, NULL, NULL, 1562771696, 1562771696),
('/admin/user/login', 2, NULL, NULL, NULL, 1562771696, 1562771696),
('/admin/user/logout', 2, NULL, NULL, NULL, 1562771696, 1562771696),
('/admin/user/request-password-reset', 2, NULL, NULL, NULL, 1562771696, 1562771696),
('/admin/user/reset-password', 2, NULL, NULL, NULL, 1562771696, 1562771696),
('/admin/user/signup', 2, NULL, NULL, NULL, 1562771696, 1562771696),
('/admin/user/view', 2, NULL, NULL, NULL, 1562771696, 1562771696),
('/almacen/*', 2, NULL, NULL, NULL, 1562771696, 1562771696),
('/almacen/create', 2, NULL, NULL, NULL, 1562771696, 1562771696),
('/almacen/delete', 2, NULL, NULL, NULL, 1562771696, 1562771696),
('/almacen/index', 2, NULL, NULL, NULL, 1562771696, 1562771696),
('/almacen/update', 2, NULL, NULL, NULL, 1562771696, 1562771696),
('/almacen/view', 2, NULL, NULL, NULL, 1562771696, 1562771696),
('/cliente/*', 2, NULL, NULL, NULL, 1562771697, 1562771697),
('/cliente/cliente-list', 2, NULL, NULL, NULL, 1562771697, 1562771697),
('/cliente/create', 2, NULL, NULL, NULL, 1562771697, 1562771697),
('/cliente/delete', 2, NULL, NULL, NULL, 1562771697, 1562771697),
('/cliente/index', 2, NULL, NULL, NULL, 1562771696, 1562771696),
('/cliente/update', 2, NULL, NULL, NULL, 1562771697, 1562771697),
('/cliente/view', 2, NULL, NULL, NULL, 1562771697, 1562771697),
('/compra/*', 2, NULL, NULL, NULL, 1587333020, 1587333020),
('/compra/ajax-compras', 2, NULL, NULL, NULL, 1587333020, 1587333020),
('/compra/compra-rpt', 2, NULL, NULL, NULL, 1587333020, 1587333020),
('/compra/create', 2, NULL, NULL, NULL, 1587333020, 1587333020),
('/compra/delete', 2, NULL, NULL, NULL, 1587333020, 1587333020),
('/compra/index', 2, NULL, NULL, NULL, 1587333019, 1587333019),
('/compra/update', 2, NULL, NULL, NULL, 1587333020, 1587333020),
('/compra/view', 2, NULL, NULL, NULL, 1587333020, 1587333020),
('/cond-pago/*', 2, NULL, NULL, NULL, 1562771697, 1562771697),
('/cond-pago/create', 2, NULL, NULL, NULL, 1562771697, 1562771697),
('/cond-pago/delete', 2, NULL, NULL, NULL, 1562771697, 1562771697),
('/cond-pago/index', 2, NULL, NULL, NULL, 1562771697, 1562771697),
('/cond-pago/update', 2, NULL, NULL, NULL, 1562771697, 1562771697),
('/cond-pago/view', 2, NULL, NULL, NULL, 1562771697, 1562771697),
('/debug/*', 2, NULL, NULL, NULL, 1562771696, 1562771696),
('/debug/default/*', 2, NULL, NULL, NULL, 1562771696, 1562771696),
('/debug/default/db-explain', 2, NULL, NULL, NULL, 1562771696, 1562771696),
('/debug/default/download-mail', 2, NULL, NULL, NULL, 1562771696, 1562771696),
('/debug/default/index', 2, NULL, NULL, NULL, 1562771696, 1562771696),
('/debug/default/toolbar', 2, NULL, NULL, NULL, 1562771696, 1562771696),
('/debug/default/view', 2, NULL, NULL, NULL, 1562771696, 1562771696),
('/debug/user/*', 2, NULL, NULL, NULL, 1562771696, 1562771696),
('/debug/user/reset-identity', 2, NULL, NULL, NULL, 1562771696, 1562771696),
('/debug/user/set-identity', 2, NULL, NULL, NULL, 1562771696, 1562771696),
('/departamento/*', 2, NULL, NULL, NULL, 1562771697, 1562771697),
('/departamento/create', 2, NULL, NULL, NULL, 1562771697, 1562771697),
('/departamento/delete', 2, NULL, NULL, NULL, 1562771697, 1562771697),
('/departamento/departamentos', 2, NULL, NULL, NULL, 1562771697, 1562771697),
('/departamento/index', 2, NULL, NULL, NULL, 1562771697, 1562771697),
('/departamento/update', 2, NULL, NULL, NULL, 1562771697, 1562771697),
('/departamento/view', 2, NULL, NULL, NULL, 1562771697, 1562771697),
('/distrito/*', 2, NULL, NULL, NULL, 1562771697, 1562771697),
('/distrito/create', 2, NULL, NULL, NULL, 1562771697, 1562771697),
('/distrito/delete', 2, NULL, NULL, NULL, 1562771697, 1562771697),
('/distrito/distritos', 2, NULL, NULL, NULL, 1562771697, 1562771697),
('/distrito/index', 2, NULL, NULL, NULL, 1562771697, 1562771697),
('/distrito/update', 2, NULL, NULL, NULL, 1562771697, 1562771697),
('/distrito/view', 2, NULL, NULL, NULL, 1562771697, 1562771697),
('/documento/*', 2, NULL, NULL, NULL, 1587333020, 1587333020),
('/documento/ajax-gen-fact-xml', 2, NULL, NULL, NULL, 1587333020, 1587333020),
('/documento/anular-documento', 2, NULL, NULL, NULL, 1590188224, 1590188224),
('/documento/despachar-proforma', 2, NULL, NULL, NULL, 1587333020, 1587333020),
('/documento/documento-rpt', 2, NULL, NULL, NULL, 1587333020, 1587333020),
('/documento/factura-create', 2, NULL, NULL, NULL, 1587333020, 1587333020),
('/documento/guia-create', 2, NULL, NULL, NULL, 1587333020, 1587333020),
('/documento/guia-rpt', 2, NULL, NULL, NULL, 1587333020, 1587333020),
('/documento/index', 2, NULL, NULL, NULL, 1587333020, 1587333020),
('/documento/listado-factura', 2, NULL, NULL, NULL, 1587333020, 1587333020),
('/documento/pedidos-pendientes', 2, NULL, NULL, NULL, 1587333020, 1587333020),
('/documento/proforma-pendientes', 2, NULL, NULL, NULL, 1587333020, 1587333020),
('/empresa/*', 2, NULL, NULL, NULL, 1562771697, 1562771697),
('/empresa/create', 2, NULL, NULL, NULL, 1562771697, 1562771697),
('/empresa/delete', 2, NULL, NULL, NULL, 1562771697, 1562771697),
('/empresa/index', 2, NULL, NULL, NULL, 1562771697, 1562771697),
('/empresa/sucursales', 2, NULL, NULL, NULL, 1587333020, 1587333020),
('/empresa/update', 2, NULL, NULL, NULL, 1562771697, 1562771697),
('/empresa/view', 2, NULL, NULL, NULL, 1562771697, 1562771697),
('/empusuario/*', 2, NULL, NULL, NULL, 1587333021, 1587333021),
('/empusuario/create', 2, NULL, NULL, NULL, 1587333020, 1587333020),
('/empusuario/delete', 2, NULL, NULL, NULL, 1587333021, 1587333021),
('/empusuario/index', 2, NULL, NULL, NULL, 1587333020, 1587333020),
('/empusuario/update', 2, NULL, NULL, NULL, 1587333021, 1587333021),
('/empusuario/view', 2, NULL, NULL, NULL, 1587333020, 1587333020),
('/gii/*', 2, NULL, NULL, NULL, 1562771696, 1562771696),
('/gii/default/*', 2, NULL, NULL, NULL, 1562771696, 1562771696),
('/gii/default/action', 2, NULL, NULL, NULL, 1562771696, 1562771696),
('/gii/default/diff', 2, NULL, NULL, NULL, 1562771696, 1562771696),
('/gii/default/index', 2, NULL, NULL, NULL, 1562771696, 1562771696),
('/gii/default/preview', 2, NULL, NULL, NULL, 1562771696, 1562771696),
('/gii/default/view', 2, NULL, NULL, NULL, 1562771696, 1562771696),
('/gridview/*', 2, NULL, NULL, NULL, 1562771695, 1562771695),
('/gridview/export/*', 2, NULL, NULL, NULL, 1562771695, 1562771695),
('/gridview/export/download', 2, NULL, NULL, NULL, 1562771695, 1562771695),
('/lista-precios/*', 2, NULL, NULL, NULL, 1562771697, 1562771697),
('/lista-precios/create', 2, NULL, NULL, NULL, 1562771697, 1562771697),
('/lista-precios/delete', 2, NULL, NULL, NULL, 1562771697, 1562771697),
('/lista-precios/index', 2, NULL, NULL, NULL, 1562771697, 1562771697),
('/lista-precios/update', 2, NULL, NULL, NULL, 1562771697, 1562771697),
('/lista-precios/view', 2, NULL, NULL, NULL, 1562771697, 1562771697),
('/moneda/*', 2, NULL, NULL, NULL, 1562771697, 1562771697),
('/moneda/create', 2, NULL, NULL, NULL, 1562771697, 1562771697),
('/moneda/delete', 2, NULL, NULL, NULL, 1562771697, 1562771697),
('/moneda/index', 2, NULL, NULL, NULL, 1562771697, 1562771697),
('/moneda/update', 2, NULL, NULL, NULL, 1562771697, 1562771697),
('/moneda/view', 2, NULL, NULL, NULL, 1562771697, 1562771697),
('/motivo-traslado/*', 2, NULL, NULL, NULL, 1587333021, 1587333021),
('/motivo-traslado/create', 2, NULL, NULL, NULL, 1587333021, 1587333021),
('/motivo-traslado/delete', 2, NULL, NULL, NULL, 1587333021, 1587333021),
('/motivo-traslado/index', 2, NULL, NULL, NULL, 1587333021, 1587333021),
('/motivo-traslado/update', 2, NULL, NULL, NULL, 1587333021, 1587333021),
('/motivo-traslado/view', 2, NULL, NULL, NULL, 1587333021, 1587333021),
('/nota-credito/*', 2, NULL, NULL, NULL, 1587333021, 1587333021),
('/nota-credito/create', 2, NULL, NULL, NULL, 1587333021, 1587333021),
('/nota-credito/get-documento', 2, NULL, NULL, NULL, 1587333021, 1587333021),
('/nota-credito/index', 2, NULL, NULL, NULL, 1587333021, 1587333021),
('/nota-credito/nota-rpt', 2, NULL, NULL, NULL, 1587333021, 1587333021),
('/nota-ingreso-detalle/*', 2, NULL, NULL, NULL, 1587333022, 1587333022),
('/nota-ingreso-detalle/create', 2, NULL, NULL, NULL, 1587333022, 1587333022),
('/nota-ingreso-detalle/delete', 2, NULL, NULL, NULL, 1587333022, 1587333022),
('/nota-ingreso-detalle/index', 2, NULL, NULL, NULL, 1587333022, 1587333022),
('/nota-ingreso-detalle/update', 2, NULL, NULL, NULL, 1587333022, 1587333022),
('/nota-ingreso-detalle/view', 2, NULL, NULL, NULL, 1587333022, 1587333022),
('/nota-ingreso/*', 2, NULL, NULL, NULL, 1587333022, 1587333022),
('/nota-ingreso/anular-nota', 2, NULL, NULL, NULL, 1587333022, 1587333022),
('/nota-ingreso/aprobar-nota', 2, NULL, NULL, NULL, 1587333022, 1587333022),
('/nota-ingreso/create', 2, NULL, NULL, NULL, 1587333022, 1587333022),
('/nota-ingreso/delete', 2, NULL, NULL, NULL, 1587333022, 1587333022),
('/nota-ingreso/index', 2, NULL, NULL, NULL, 1587333021, 1587333021),
('/nota-ingreso/notai-rpt', 2, NULL, NULL, NULL, 1587333022, 1587333022),
('/nota-ingreso/update', 2, NULL, NULL, NULL, 1587333022, 1587333022),
('/nota-ingreso/view', 2, NULL, NULL, NULL, 1587333021, 1587333021),
('/nota-salida-detalle/*', 2, NULL, NULL, NULL, 1587333023, 1587333023),
('/nota-salida-detalle/create', 2, NULL, NULL, NULL, 1587333023, 1587333023),
('/nota-salida-detalle/delete', 2, NULL, NULL, NULL, 1587333023, 1587333023),
('/nota-salida-detalle/index', 2, NULL, NULL, NULL, 1587333023, 1587333023),
('/nota-salida-detalle/update', 2, NULL, NULL, NULL, 1587333023, 1587333023),
('/nota-salida-detalle/view', 2, NULL, NULL, NULL, 1587333023, 1587333023),
('/nota-salida/*', 2, NULL, NULL, NULL, 1587333023, 1587333023),
('/nota-salida/anular-nota', 2, NULL, NULL, NULL, 1587333023, 1587333023),
('/nota-salida/aprobar-nota', 2, NULL, NULL, NULL, 1587333022, 1587333022),
('/nota-salida/create', 2, NULL, NULL, NULL, 1587333022, 1587333022),
('/nota-salida/delete', 2, NULL, NULL, NULL, 1587333022, 1587333022),
('/nota-salida/index', 2, NULL, NULL, NULL, 1587333022, 1587333022),
('/nota-salida/notas-rpt', 2, NULL, NULL, NULL, 1587333023, 1587333023),
('/nota-salida/update', 2, NULL, NULL, NULL, 1587333022, 1587333022),
('/nota-salida/view', 2, NULL, NULL, NULL, 1587333022, 1587333022),
('/numeracion/*', 2, NULL, NULL, NULL, 1587333023, 1587333023),
('/numeracion/ajax-get-numeracion', 2, NULL, NULL, NULL, 1587333023, 1587333023),
('/numeracion/create', 2, NULL, NULL, NULL, 1587333023, 1587333023),
('/numeracion/delete', 2, NULL, NULL, NULL, 1587333023, 1587333023),
('/numeracion/index', 2, NULL, NULL, NULL, 1587333023, 1587333023),
('/numeracion/update', 2, NULL, NULL, NULL, 1587333023, 1587333023),
('/numeracion/view', 2, NULL, NULL, NULL, 1587333023, 1587333023),
('/pais/*', 2, NULL, NULL, NULL, 1562771697, 1562771697),
('/pais/create', 2, NULL, NULL, NULL, 1562771697, 1562771697),
('/pais/delete', 2, NULL, NULL, NULL, 1562771697, 1562771697),
('/pais/index', 2, NULL, NULL, NULL, 1562771697, 1562771697),
('/pais/update', 2, NULL, NULL, NULL, 1562771697, 1562771697),
('/pais/view', 2, NULL, NULL, NULL, 1562771697, 1562771697),
('/pedido-detalle/*', 2, NULL, NULL, NULL, 1562771697, 1562771697),
('/pedido-detalle/create', 2, NULL, NULL, NULL, 1562771697, 1562771697),
('/pedido-detalle/delete', 2, NULL, NULL, NULL, 1562771697, 1562771697),
('/pedido-detalle/index', 2, NULL, NULL, NULL, 1562771697, 1562771697),
('/pedido-detalle/update', 2, NULL, NULL, NULL, 1562771697, 1562771697),
('/pedido-detalle/view', 2, NULL, NULL, NULL, 1562771697, 1562771697),
('/pedido/*', 2, NULL, NULL, NULL, 1562771697, 1562771697),
('/pedido/create', 2, NULL, NULL, NULL, 1562771697, 1562771697),
('/pedido/delete', 2, NULL, NULL, NULL, 1562771697, 1562771697),
('/pedido/index', 2, NULL, NULL, NULL, 1562771697, 1562771697),
('/pedido/pedido-rpt', 2, NULL, NULL, NULL, 1562771697, 1562771697),
('/pedido/update', 2, NULL, NULL, NULL, 1562771697, 1562771697),
('/pedido/view', 2, NULL, NULL, NULL, 1562771697, 1562771697),
('/producto/*', 2, NULL, NULL, NULL, 1562771697, 1562771697),
('/producto/create', 2, NULL, NULL, NULL, 1562771697, 1562771697),
('/producto/delete', 2, NULL, NULL, NULL, 1562771697, 1562771697),
('/producto/index', 2, NULL, NULL, NULL, 1562771697, 1562771697),
('/producto/product-price', 2, NULL, NULL, NULL, 1562771697, 1562771697),
('/producto/producto-list', 2, NULL, NULL, NULL, 1562771697, 1562771697),
('/producto/update', 2, NULL, NULL, NULL, 1562771697, 1562771697),
('/producto/view', 2, NULL, NULL, NULL, 1562771697, 1562771697),
('/profile/*', 2, NULL, NULL, NULL, 1587333024, 1587333024),
('/profile/create', 2, NULL, NULL, NULL, 1587333023, 1587333023),
('/profile/delete', 2, NULL, NULL, NULL, 1587333023, 1587333023),
('/profile/index', 2, NULL, NULL, NULL, 1587333023, 1587333023),
('/profile/update', 2, NULL, NULL, NULL, 1587333023, 1587333023),
('/profile/view', 2, NULL, NULL, NULL, 1587333023, 1587333023),
('/proveedor/*', 2, NULL, NULL, NULL, 1562771698, 1562771698),
('/proveedor/create', 2, NULL, NULL, NULL, 1562771698, 1562771698),
('/proveedor/delete', 2, NULL, NULL, NULL, 1562771698, 1562771698),
('/proveedor/index', 2, NULL, NULL, NULL, 1562771698, 1562771698),
('/proveedor/proveedor-list', 2, NULL, NULL, NULL, 1587333024, 1587333024),
('/proveedor/update', 2, NULL, NULL, NULL, 1562771698, 1562771698),
('/proveedor/view', 2, NULL, NULL, NULL, 1562771698, 1562771698),
('/provincia/*', 2, NULL, NULL, NULL, 1562771698, 1562771698),
('/provincia/create', 2, NULL, NULL, NULL, 1562771698, 1562771698),
('/provincia/delete', 2, NULL, NULL, NULL, 1562771698, 1562771698),
('/provincia/index', 2, NULL, NULL, NULL, 1562771698, 1562771698),
('/provincia/provincias', 2, NULL, NULL, NULL, 1562771698, 1562771698),
('/provincia/update', 2, NULL, NULL, NULL, 1562771698, 1562771698),
('/provincia/view', 2, NULL, NULL, NULL, 1562771698, 1562771698),
('/series/*', 2, NULL, NULL, NULL, 1587333024, 1587333024),
('/series/create', 2, NULL, NULL, NULL, 1587333024, 1587333024),
('/series/delete', 2, NULL, NULL, NULL, 1587333024, 1587333024),
('/series/index', 2, NULL, NULL, NULL, 1587333024, 1587333024),
('/series/update', 2, NULL, NULL, NULL, 1587333024, 1587333024),
('/series/view', 2, NULL, NULL, NULL, 1587333024, 1587333024),
('/site/*', 2, NULL, NULL, NULL, 1562771698, 1562771698),
('/site/about', 2, NULL, NULL, NULL, 1562771698, 1562771698),
('/site/add-admin', 2, NULL, NULL, NULL, 1562771698, 1562771698),
('/site/captcha', 2, NULL, NULL, NULL, 1562771698, 1562771698),
('/site/consulta-ruc', 2, NULL, NULL, NULL, 1587333024, 1587333024),
('/site/contact', 2, NULL, NULL, NULL, 1562771698, 1562771698),
('/site/error', 2, NULL, NULL, NULL, 1562771698, 1562771698),
('/site/index', 2, NULL, NULL, NULL, 1562771698, 1562771698),
('/site/login', 2, NULL, NULL, NULL, 1562771698, 1562771698),
('/site/logout', 2, NULL, NULL, NULL, 1562771698, 1562771698),
('/site/signup', 2, NULL, NULL, NULL, 1562771698, 1562771698),
('/tipo-cambio/*', 2, NULL, NULL, NULL, 1587330390, 1587330390),
('/tipo-cambio/consulta-tipo', 2, NULL, NULL, NULL, 1587330390, 1587330390),
('/tipo-cambio/create', 2, NULL, NULL, NULL, 1587330389, 1587330389),
('/tipo-cambio/delete', 2, NULL, NULL, NULL, 1587330390, 1587330390),
('/tipo-cambio/diario', 2, NULL, NULL, NULL, 1587330389, 1587330389),
('/tipo-cambio/index', 2, NULL, NULL, NULL, 1587330389, 1587330389),
('/tipo-cambio/update', 2, NULL, NULL, NULL, 1587330390, 1587330390),
('/tipo-cambio/view', 2, NULL, NULL, NULL, 1587330389, 1587330389),
('/tipo-documento/*', 2, NULL, NULL, NULL, 1587330390, 1587330390),
('/tipo-documento/ajax-tipo-documento', 2, NULL, NULL, NULL, 1587330390, 1587330390),
('/tipo-documento/create', 2, NULL, NULL, NULL, 1587330390, 1587330390),
('/tipo-documento/delete', 2, NULL, NULL, NULL, 1587330390, 1587330390),
('/tipo-documento/index', 2, NULL, NULL, NULL, 1587330390, 1587330390),
('/tipo-documento/update', 2, NULL, NULL, NULL, 1587330390, 1587330390),
('/tipo-documento/view', 2, NULL, NULL, NULL, 1587330390, 1587330390),
('/tipo-identificacion/*', 2, NULL, NULL, NULL, 1587330390, 1587330390),
('/tipo-identificacion/create', 2, NULL, NULL, NULL, 1587330390, 1587330390),
('/tipo-identificacion/delete', 2, NULL, NULL, NULL, 1587330390, 1587330390),
('/tipo-identificacion/index', 2, NULL, NULL, NULL, 1587330390, 1587330390),
('/tipo-identificacion/update', 2, NULL, NULL, NULL, 1587330390, 1587330390),
('/tipo-identificacion/view', 2, NULL, NULL, NULL, 1587330390, 1587330390),
('/tipo-listap/*', 2, NULL, NULL, NULL, 1562771698, 1562771698),
('/tipo-listap/create', 2, NULL, NULL, NULL, 1562771698, 1562771698),
('/tipo-listap/delete', 2, NULL, NULL, NULL, 1562771698, 1562771698),
('/tipo-listap/index', 2, NULL, NULL, NULL, 1562771698, 1562771698),
('/tipo-listap/update', 2, NULL, NULL, NULL, 1562771698, 1562771698),
('/tipo-listap/view', 2, NULL, NULL, NULL, 1562771698, 1562771698),
('/tipo-movimiento/*', 2, NULL, NULL, NULL, 1587330391, 1587330391),
('/tipo-movimiento/create', 2, NULL, NULL, NULL, 1587330391, 1587330391),
('/tipo-movimiento/delete', 2, NULL, NULL, NULL, 1587330391, 1587330391),
('/tipo-movimiento/index', 2, NULL, NULL, NULL, 1587330390, 1587330390),
('/tipo-movimiento/update', 2, NULL, NULL, NULL, 1587330391, 1587330391),
('/tipo-movimiento/view', 2, NULL, NULL, NULL, 1587330391, 1587330391),
('/tipo-producto/*', 2, NULL, NULL, NULL, 1562771698, 1562771698),
('/tipo-producto/create', 2, NULL, NULL, NULL, 1562771698, 1562771698),
('/tipo-producto/delete', 2, NULL, NULL, NULL, 1562771698, 1562771698),
('/tipo-producto/index', 2, NULL, NULL, NULL, 1562771698, 1562771698),
('/tipo-producto/update', 2, NULL, NULL, NULL, 1562771698, 1562771698),
('/tipo-producto/view', 2, NULL, NULL, NULL, 1562771698, 1562771698),
('/tipo-proveedor/*', 2, NULL, NULL, NULL, 1562771698, 1562771698),
('/tipo-proveedor/create', 2, NULL, NULL, NULL, 1562771698, 1562771698),
('/tipo-proveedor/delete', 2, NULL, NULL, NULL, 1562771698, 1562771698),
('/tipo-proveedor/index', 2, NULL, NULL, NULL, 1562771698, 1562771698),
('/tipo-proveedor/update', 2, NULL, NULL, NULL, 1562771698, 1562771698),
('/tipo-proveedor/view', 2, NULL, NULL, NULL, 1562771698, 1562771698),
('/transportista/*', 2, NULL, NULL, NULL, 1587333024, 1587333024),
('/transportista/create', 2, NULL, NULL, NULL, 1587333024, 1587333024),
('/transportista/delete', 2, NULL, NULL, NULL, 1587333024, 1587333024),
('/transportista/index', 2, NULL, NULL, NULL, 1587333024, 1587333024),
('/transportista/update', 2, NULL, NULL, NULL, 1587333024, 1587333024),
('/transportista/view', 2, NULL, NULL, NULL, 1587333024, 1587333024),
('/unidad-medida/*', 2, NULL, NULL, NULL, 1562771698, 1562771698),
('/unidad-medida/create', 2, NULL, NULL, NULL, 1562771698, 1562771698),
('/unidad-medida/delete', 2, NULL, NULL, NULL, 1562771698, 1562771698),
('/unidad-medida/index', 2, NULL, NULL, NULL, 1562771698, 1562771698),
('/unidad-medida/update', 2, NULL, NULL, NULL, 1562771698, 1562771698),
('/unidad-medida/view', 2, NULL, NULL, NULL, 1562771698, 1562771698),
('/unidad-transporte/*', 2, NULL, NULL, NULL, 1587333024, 1587333024),
('/unidad-transporte/create', 2, NULL, NULL, NULL, 1587333024, 1587333024),
('/unidad-transporte/delete', 2, NULL, NULL, NULL, 1587333024, 1587333024),
('/unidad-transporte/index', 2, NULL, NULL, NULL, 1587333024, 1587333024),
('/unidad-transporte/update', 2, NULL, NULL, NULL, 1587333024, 1587333024),
('/unidad-transporte/view', 2, NULL, NULL, NULL, 1587333024, 1587333024),
('/vendedor/*', 2, NULL, NULL, NULL, 1562771698, 1562771698),
('/vendedor/create', 2, NULL, NULL, NULL, 1562771698, 1562771698),
('/vendedor/delete', 2, NULL, NULL, NULL, 1562771698, 1562771698),
('/vendedor/index', 2, NULL, NULL, NULL, 1562771698, 1562771698),
('/vendedor/update', 2, NULL, NULL, NULL, 1562771698, 1562771698),
('/vendedor/view', 2, NULL, NULL, NULL, 1562771698, 1562771698),
('/zona/*', 2, NULL, NULL, NULL, 1562771698, 1562771698),
('/zona/create', 2, NULL, NULL, NULL, 1562771698, 1562771698),
('/zona/delete', 2, NULL, NULL, NULL, 1562771698, 1562771698),
('/zona/index', 2, NULL, NULL, NULL, 1562771698, 1562771698),
('/zona/update', 2, NULL, NULL, NULL, 1562771698, 1562771698),
('/zona/view', 2, NULL, NULL, NULL, 1562771698, 1562771698),
('Administrador', 1, 'Rol para usuarios administradores', NULL, NULL, 1587328731, 1590272333),
('Invitado', 1, 'Rol para los usuarios recien registrados o usuarios invitados', NULL, NULL, 1587345072, 1587345281),
('superAdministrador', 1, 'Super Administrador (SA)', NULL, NULL, 1587328487, 1587936571),
('Usuario', 1, 'Rol para los usuarios', NULL, NULL, 1587328819, 1591578485);

-- --------------------------------------------------------

--
-- Estructura de tabla para la tabla `auth_item_child`
--

DROP TABLE IF EXISTS `auth_item_child`;
CREATE TABLE IF NOT EXISTS `auth_item_child` (
  `parent` varchar(64) COLLATE utf8_unicode_ci NOT NULL,
  `child` varchar(64) COLLATE utf8_unicode_ci NOT NULL,
  PRIMARY KEY (`parent`,`child`),
  KEY `child` (`child`)
) ENGINE=InnoDB DEFAULT CHARSET=utf8 COLLATE=utf8_unicode_ci;

--
-- Volcado de datos para la tabla `auth_item_child`
--

INSERT INTO `auth_item_child` (`parent`, `child`) VALUES
('Administrador', '/almacen/*'),
('Administrador', '/almacen/create'),
('Administrador', '/almacen/delete'),
('Administrador', '/almacen/index'),
('Administrador', '/almacen/update'),
('Administrador', '/almacen/view'),
('Administrador', '/cliente/*'),
('Administrador', '/cliente/cliente-list'),
('Administrador', '/cliente/create'),
('Administrador', '/cliente/delete'),
('Administrador', '/cliente/index'),
('Administrador', '/cliente/update'),
('Administrador', '/cliente/view'),
('Administrador', '/cond-pago/*'),
('Administrador', '/cond-pago/create'),
('Administrador', '/cond-pago/delete'),
('Administrador', '/cond-pago/index'),
('Administrador', '/cond-pago/update'),
('Administrador', '/cond-pago/view'),
('Administrador', '/debug/*'),
('Administrador', '/debug/default/*'),
('Administrador', '/debug/default/db-explain'),
('Administrador', '/debug/default/download-mail'),
('Administrador', '/debug/default/index'),
('Administrador', '/debug/default/toolbar'),
('Administrador', '/debug/default/view'),
('Administrador', '/debug/user/*'),
('Administrador', '/debug/user/reset-identity'),
('Administrador', '/debug/user/set-identity'),
('Administrador', '/departamento/*'),
('Administrador', '/departamento/create'),
('Administrador', '/departamento/delete'),
('Administrador', '/departamento/departamentos'),
('Administrador', '/departamento/index'),
('Administrador', '/departamento/update'),
('Administrador', '/departamento/view'),
('Administrador', '/distrito/*'),
('Administrador', '/distrito/create'),
('Administrador', '/distrito/delete'),
('Administrador', '/distrito/distritos'),
('Administrador', '/distrito/index'),
('Administrador', '/distrito/update'),
('Administrador', '/distrito/view'),
('Administrador', '/empresa/*'),
('Administrador', '/empresa/create'),
('Administrador', '/empresa/delete'),
('Administrador', '/empresa/index'),
('Administrador', '/empresa/update'),
('Administrador', '/empresa/view'),
('Administrador', '/gii/*'),
('Administrador', '/gii/default/*'),
('Administrador', '/gii/default/action'),
('Administrador', '/gii/default/diff'),
('Administrador', '/gii/default/index'),
('Administrador', '/gii/default/preview'),
('Administrador', '/gii/default/view'),
('Administrador', '/gridview/*'),
('Administrador', '/gridview/export/*'),
('Administrador', '/gridview/export/download'),
('Administrador', '/lista-precios/*'),
('Administrador', '/lista-precios/create'),
('Administrador', '/lista-precios/delete'),
('Administrador', '/lista-precios/index'),
('Administrador', '/lista-precios/update'),
('Administrador', '/lista-precios/view'),
('Administrador', '/moneda/*'),
('Administrador', '/moneda/create'),
('Administrador', '/moneda/delete'),
('Administrador', '/moneda/index'),
('Administrador', '/moneda/update'),
('Administrador', '/moneda/view'),
('Administrador', '/pais/*'),
('Administrador', '/pais/create'),
('Administrador', '/pais/delete'),
('Administrador', '/pais/index'),
('Administrador', '/pais/update'),
('Administrador', '/pais/view'),
('Administrador', '/pedido-detalle/*'),
('Administrador', '/pedido-detalle/create'),
('Administrador', '/pedido-detalle/delete'),
('Administrador', '/pedido-detalle/index'),
('Administrador', '/pedido-detalle/update'),
('Administrador', '/pedido-detalle/view'),
('Administrador', '/pedido/*'),
('Administrador', '/pedido/create'),
('Administrador', '/pedido/delete'),
('Administrador', '/pedido/index'),
('Administrador', '/pedido/pedido-rpt'),
('Administrador', '/pedido/update'),
('Administrador', '/pedido/view'),
('Administrador', '/producto/*'),
('Administrador', '/producto/create'),
('Administrador', '/producto/delete'),
('Administrador', '/producto/index'),
('Administrador', '/producto/product-price'),
('Administrador', '/producto/producto-list'),
('Administrador', '/producto/update'),
('Administrador', '/producto/view'),
('Administrador', '/proveedor/*'),
('Administrador', '/proveedor/create'),
('Administrador', '/proveedor/delete'),
('Administrador', '/proveedor/index'),
('Administrador', '/proveedor/update'),
('Administrador', '/proveedor/view'),
('Administrador', '/provincia/*'),
('Administrador', '/provincia/create'),
('Administrador', '/provincia/delete'),
('Administrador', '/provincia/index'),
('Administrador', '/provincia/provincias'),
('Administrador', '/provincia/update'),
('Administrador', '/provincia/view'),
('Administrador', '/site/*'),
('Administrador', '/site/about'),
('Administrador', '/site/add-admin'),
('Administrador', '/site/captcha'),
('Administrador', '/site/contact'),
('Administrador', '/site/error'),
('Administrador', '/site/index'),
('Administrador', '/site/login'),
('Administrador', '/site/logout'),
('Administrador', '/site/signup'),
('Administrador', '/tipo-documento/*'),
('Administrador', '/tipo-documento/ajax-tipo-documento'),
('Administrador', '/tipo-documento/create'),
('Administrador', '/tipo-documento/delete'),
('Administrador', '/tipo-documento/index'),
('Administrador', '/tipo-documento/update'),
('Administrador', '/tipo-documento/view'),
('Administrador', '/tipo-listap/*'),
('Administrador', '/tipo-listap/create'),
('Administrador', '/tipo-listap/delete'),
('Administrador', '/tipo-listap/index'),
('Administrador', '/tipo-listap/update'),
('Administrador', '/tipo-listap/view'),
('Administrador', '/tipo-producto/*'),
('Administrador', '/tipo-producto/create'),
('Administrador', '/tipo-producto/delete'),
('Administrador', '/tipo-producto/index'),
('Administrador', '/tipo-producto/update'),
('Administrador', '/tipo-producto/view'),
('Administrador', '/tipo-proveedor/*'),
('Administrador', '/tipo-proveedor/create'),
('Administrador', '/tipo-proveedor/delete'),
('Administrador', '/tipo-proveedor/index'),
('Administrador', '/tipo-proveedor/update'),
('Administrador', '/tipo-proveedor/view'),
('Administrador', '/unidad-medida/*'),
('Administrador', '/unidad-medida/create'),
('Administrador', '/unidad-medida/delete'),
('Administrador', '/unidad-medida/index'),
('Administrador', '/unidad-medida/update'),
('Administrador', '/unidad-medida/view'),
('Administrador', '/vendedor/*'),
('Administrador', '/vendedor/create'),
('Administrador', '/vendedor/delete'),
('Administrador', '/vendedor/index'),
('Administrador', '/vendedor/update'),
('Administrador', '/vendedor/view'),
('Administrador', '/zona/*'),
('Administrador', '/zona/create'),
('Administrador', '/zona/delete'),
('Administrador', '/zona/index'),
('Administrador', '/zona/update'),
('Administrador', '/zona/view'),
('Invitado', '/empresa/sucursales'),
('Invitado', '/profile/create'),
('Invitado', '/site/*'),
('superAdministrador', '/*'),
('superAdministrador', '/admin/*'),
('superAdministrador', '/admin/assignment/*'),
('superAdministrador', '/admin/assignment/assign'),
('superAdministrador', '/admin/assignment/index'),
('superAdministrador', '/admin/assignment/revoke'),
('superAdministrador', '/admin/assignment/view'),
('superAdministrador', '/admin/default/*'),
('superAdministrador', '/admin/default/index'),
('superAdministrador', '/admin/menu/*'),
('superAdministrador', '/admin/menu/create'),
('superAdministrador', '/admin/menu/delete'),
('superAdministrador', '/admin/menu/index'),
('superAdministrador', '/admin/menu/update'),
('superAdministrador', '/admin/menu/view'),
('superAdministrador', '/admin/permission/*'),
('superAdministrador', '/admin/permission/assign'),
('superAdministrador', '/admin/permission/create'),
('superAdministrador', '/admin/permission/delete'),
('superAdministrador', '/admin/permission/index'),
('superAdministrador', '/admin/permission/remove'),
('superAdministrador', '/admin/permission/update'),
('superAdministrador', '/admin/permission/view'),
('superAdministrador', '/admin/role/*'),
('superAdministrador', '/admin/role/assign'),
('superAdministrador', '/admin/role/create'),
('superAdministrador', '/admin/role/delete'),
('superAdministrador', '/admin/role/index'),
('superAdministrador', '/admin/role/remove'),
('superAdministrador', '/admin/role/update'),
('superAdministrador', '/admin/role/view'),
('superAdministrador', '/admin/route/*'),
('superAdministrador', '/admin/route/assign'),
('superAdministrador', '/admin/route/create'),
('superAdministrador', '/admin/route/index'),
('superAdministrador', '/admin/route/refresh'),
('superAdministrador', '/admin/route/remove'),
('superAdministrador', '/admin/rule/*'),
('superAdministrador', '/admin/rule/create'),
('superAdministrador', '/admin/rule/delete'),
('superAdministrador', '/admin/rule/index'),
('superAdministrador', '/admin/rule/update'),
('superAdministrador', '/admin/rule/view'),
('superAdministrador', '/admin/user/*'),
('superAdministrador', '/admin/user/activate'),
('superAdministrador', '/admin/user/change-password'),
('superAdministrador', '/admin/user/delete'),
('superAdministrador', '/admin/user/index'),
('superAdministrador', '/admin/user/login'),
('superAdministrador', '/admin/user/logout'),
('superAdministrador', '/admin/user/request-password-reset'),
('superAdministrador', '/admin/user/reset-password'),
('superAdministrador', '/admin/user/signup'),
('superAdministrador', '/admin/user/view'),
('superAdministrador', 'Administrador'),
('superAdministrador', 'Usuario'),
('Usuario', '/cliente/cliente-list'),
('Usuario', '/documento/ajax-gen-fact-xml'),
('Usuario', '/documento/anular-documento'),
('Usuario', '/documento/despachar-proforma'),
('Usuario', '/documento/documento-rpt'),
('Usuario', '/documento/factura-create'),
('Usuario', '/documento/guia-create'),
('Usuario', '/documento/guia-rpt'),
('Usuario', '/documento/index'),
('Usuario', '/documento/listado-factura'),
('Usuario', '/documento/pedidos-pendientes'),
('Usuario', '/documento/proforma-pendientes'),
('Usuario', '/nota-credito/create'),
('Usuario', '/nota-credito/get-documento'),
('Usuario', '/nota-credito/index'),
('Usuario', '/nota-credito/nota-rpt'),
('Usuario', '/nota-ingreso/anular-nota'),
('Usuario', '/nota-ingreso/aprobar-nota'),
('Usuario', '/nota-ingreso/create'),
('Usuario', '/nota-ingreso/delete'),
('Usuario', '/nota-ingreso/index'),
('Usuario', '/nota-ingreso/notai-rpt'),
('Usuario', '/nota-ingreso/update'),
('Usuario', '/nota-ingreso/view'),
('Usuario', '/nota-salida/anular-nota'),
('Usuario', '/nota-salida/aprobar-nota'),
('Usuario', '/nota-salida/create'),
('Usuario', '/nota-salida/delete'),
('Usuario', '/nota-salida/index'),
('Usuario', '/nota-salida/notas-rpt'),
('Usuario', '/nota-salida/update'),
('Usuario', '/nota-salida/view'),
('Usuario', '/pedido/*'),
('Usuario', '/pedido/create'),
('Usuario', '/pedido/delete'),
('Usuario', '/pedido/index'),
('Usuario', '/pedido/pedido-rpt'),
('Usuario', '/pedido/update'),
('Usuario', '/pedido/view'),
('Usuario', '/profile/*'),
('Usuario', '/profile/create'),
('Usuario', '/profile/delete'),
('Usuario', '/profile/index'),
('Usuario', '/profile/update'),
('Usuario', '/profile/view'),
('Usuario', '/site/consulta-ruc'),
('Usuario', '/tipo-cambio/consulta-tipo'),
('Usuario', '/tipo-cambio/create'),
('Usuario', '/tipo-cambio/diario'),
('Usuario', '/tipo-cambio/update'),
('Usuario', '/tipo-documento/*'),
('Usuario', '/tipo-documento/ajax-tipo-documento');

-- --------------------------------------------------------

--
-- Estructura de tabla para la tabla `auth_rule`
--

DROP TABLE IF EXISTS `auth_rule`;
CREATE TABLE IF NOT EXISTS `auth_rule` (
  `name` varchar(64) COLLATE utf8_unicode_ci NOT NULL,
  `data` blob DEFAULT NULL,
  `created_at` int(11) DEFAULT NULL,
  `updated_at` int(11) DEFAULT NULL,
  PRIMARY KEY (`name`)
) ENGINE=InnoDB DEFAULT CHARSET=utf8 COLLATE=utf8_unicode_ci;

-- --------------------------------------------------------

--
-- Estructura de tabla para la tabla `cliente`
--

DROP TABLE IF EXISTS `cliente`;
CREATE TABLE IF NOT EXISTS `cliente` (
  `id_clte` int(11) NOT NULL AUTO_INCREMENT COMMENT 'ID UNICO',
  `dni_clte` varchar(20) NOT NULL COMMENT 'DNI CLIENTE',
  `ruc_clte` varchar(20) NOT NULL COMMENT 'RUC CLIENTE',
  `nombre_clte` varchar(150) NOT NULL COMMENT 'NOMBRE CLIENTE',
  `direcc_clte` text NOT NULL COMMENT 'DIRECCION CLIENTE',
  `pais_cte` int(11) NOT NULL COMMENT 'PAIS CLIENTE',
  `depto_cte` int(11) NOT NULL COMMENT 'DEPARTAMENTO CLIENTE',
  `provi_cte` int(11) NOT NULL COMMENT 'PROVINCIA CLIENTE',
  `dtto_clte` int(11) NOT NULL COMMENT 'DISTRITO CLIENTE',
  `tlf_ctle` varchar(100) NOT NULL COMMENT 'TELEFONO CLIENTE',
  `email_clte` varchar(200) DEFAULT NULL COMMENT 'EMAIL CLIENTE',
  `vendedor_clte` int(11) NOT NULL COMMENT 'VENDEDOR CLIENTE',
  `estatus_ctle` int(11) NOT NULL COMMENT 'ESTATUS CLIENTE',
  `condp_clte` int(11) NOT NULL COMMENT 'CONDICION DE PAGO',
  `sucursal_clte` int(11) NOT NULL,
  `lista_clte` int(11) NOT NULL DEFAULT 0 COMMENT 'LISTA DE PRECIOS CLIENTE',
  `tipoid_clte` int(11) NOT NULL DEFAULT 6 COMMENT 'TIPO DE IDENTIFICACION CLIENTE',
  PRIMARY KEY (`id_clte`),
  KEY `sucursal_clte` (`sucursal_clte`),
  KEY `cliente_ibfk_1` (`vendedor_clte`),
  KEY `pais_cte` (`pais_cte`),
  KEY `provi_cte` (`provi_cte`),
  KEY `depto_cte` (`depto_cte`),
  KEY `dtto_cte` (`dtto_clte`),
  KEY `lista_clte` (`lista_clte`),
  KEY `tipoid_clte` (`tipoid_clte`)
) ENGINE=InnoDB AUTO_INCREMENT=777 DEFAULT CHARSET=latin1 COMMENT='GUARDA DATOS DE CLIENTES';

--
-- Volcado de datos para la tabla `cliente`
--

INSERT INTO `cliente` (`id_clte`, `dni_clte`, `ruc_clte`, `nombre_clte`, `direcc_clte`, `pais_cte`, `depto_cte`, `provi_cte`, `dtto_clte`, `tlf_ctle`, `email_clte`, `vendedor_clte`, `estatus_ctle`, `condp_clte`, `sucursal_clte`, `lista_clte`, `tipoid_clte`) VALUES
(2, '', '20486261901', '3H&P IMSEL DIESEL S.A.C.                                    ', 'AV.CARLOS A.PESCHIERA 376   JUNIN - CHANCHAMAYO - CHANCHAMAYO              ', 241, 104, 12, 104, '985043588', '', 5, 1, 1, 1, 1, 4),
(3, '', '20000147812', 'A-1 IMPORTACIONES - EDILBERTO REYNOSO B.                    ', 'JR.LOS PELITRES 2244 SJ.L                                                  ', 241, 216, 29, 217, '3876402//975392836 //*673729       ', '', 1, 1, 0, 1, 1, 4),
(4, '', '20600417712', 'ACCESUR CENTER E.I.R.L.                                     ', 'JR.CARABAYA NRO.226 VICTORIA  PUNO - PUNO - PUNO                           ', 241, 216, 29, 217, '978030032', '', 1, 1, 0, 1, 1, 4),
(5, '', '10225304535', 'ACENCIO CHACON PAULINA                                      ', 'JR. SANTA ISABEL NRO. 1558 URB. MIRAFLORES JUNIN - HUANCAYO - EL TAMBO     ', 241, 216, 29, 217, '933477936', '', 3, 1, 0, 1, 1, 4),
(6, '', '', 'ADELAIDA SOLANO POVIS                                       ', 'PSJ.LOS AROS 149                                                           ', 241, 216, 29, 217, '325-1930/996088499/NEX 826*2104    ', '', 1, 1, 0, 1, 1, 1),
(7, '', '10074859939', 'AGUILAR GONZALO FRANCISCO (PANCHITO)                        ', 'AV.IQUITOS #319-LA VICTORIA                                                ', 241, 216, 29, 217, '\"3307972, 422*4992, 833*0640        \"', '', 1, 1, 0, 1, 1, 4),
(8, '', '10158556290', 'AGUIRRE VELASQUEZ MONICA DEL ROSARIO                        ', 'JR. LIMA NRO. 1290 LIMA - BARRANCA - BARRANCA                              ', 241, 216, 29, 217, '                                   ', '', 1, 1, 0, 1, 1, 4),
(9, '', '10413944215', 'AHMAD ZIA MUNIR                                             ', 'AV.TUPAC AMARU #523 URB.LAS QUINTANAS-TRUJILLO-LA LIBERTAD                 ', 241, 216, 29, 217, '\"044-205672, *299875                \"', '', 1, 1, 0, 1, 1, 4),
(10, '', '', 'AIDE TORRES                                                 ', 'AV.GERARDO UNGER 4533 PSTO 8-4  - SAN MARTIN DE PORRES-LIMA                ', 241, 216, 29, 217, '964553325 - 988324080      ', '', 2, 1, 0, 1, 1, 1),
(11, '', '20600780582', 'AJL AUTOSPORT E.I.R.L.                                      ', 'AV.ATAHUALPA 165 P.J.JOSE OLAYA CAJAMARCA - CAJAMARCA - CAJAMARCA          ', 241, 216, 29, 217, '\"076361339 , # 727569 , 976554504   \"', 'LIDIA_FLOR1@HOTMAIL.COM       ', 1, 1, 0, 1, 1, 4),
(12, '', '', 'AL AUTO LAMPS CENTER SRL                                    ', 'PROLONG.PARINACOCHAS 1499 //AV MEXICO 1311                                 ', 241, 216, 29, 217, '981023268//#948034577//948034577   ', 'VENTAS@ALCENTER.COM.PE//A', 1, 1, 0, 1, 1, 1),
(13, '', '10004473278', 'ALAVE CHAMBILLA ROBERTO                                     ', 'AV.CIRCUNVALACION S/N INT.88 ASOC.MICAELA BASTIDAS TACNA-TACNA             ', 241, 216, 29, 217, '952821249', '', 1, 1, 0, 1, 1, 4),
(14, '', '10279884707', 'ALCANTARA MONSEFU APOLINAR                                  ', 'AV. GERARDO UNGER NRO. 4725 INT.B URB.EL NARANJAL LIMA -INDEPENDENCIA      ', 241, 216, 29, 217, '994065528', '', 1, 1, 0, 1, 1, 4),
(15, '', '10434649515', 'ALCANTARA MONSEFU JUANA BETTY                               ', 'AV.GERARDO UNGER 4513 INT.36 Z.I. URB.IND.NARANJAL-                        ', 241, 216, 29, 217, '                                   ', '', 2, 1, 0, 1, 1, 4),
(16, '', '10230034830', 'ALDABE RIVERA JOEL ERMINIO                                  ', 'AV.JOSE CARLOS MARIATEGUI 317 INT.A JUNIN - HUANCAYO - EL TAMBO            ', 241, 216, 29, 217, '941977670 - 9505001515     ', '', 3, 1, 0, 1, 1, 4),
(17, '               ', '', 'ALDANA CHAMBERGO DANICO RUBEN                               ', 'AV. AUGUSTO B. LEGUIA NRO. 1277-CHICLAYO                    ', 241, 216, 29, 217, '074-235354          ', '                                                  ', 1, 1, 0, 1, 1, 1),
(18, '', '10167354730', 'ALDANA CHAMBERGO DANILO RUBEN                               ', 'AV. AUGUSTO B LEGUIA # 1229 URB.SAN LORENZO LAMBAYEQUE-CHICLAYO            ', 241, 216, 29, 217, '998953934', '', 2, 1, 0, 1, 1, 4),
(19, '               ', '10167016133', 'ALDANA CHAMBERGO WILLE', 'AV. AUGUSTO B LEGUIA NRO. 1199 URB. SAN LORENZO - LAMBAYEQUE', 241, 216, 29, 217, '', '                                                  ', 2, 1, 0, 1, 1, 4),
(20, '', '20131543337', 'ALMACENES SAN CARLOS SRL                                    ', 'AV. GONZALES PRADA #901 URB. EL SOL-TRUJILLO-LA LIBERTAD                   ', 241, 216, 29, 217, '044-243915                         ', '', 1, 1, 0, 1, 1, 4),
(21, '', '20561102679', 'ALMACENES TAIWAN IMPORT E.I.R.L.                            ', 'AV. FRANCISCO CUNEO #1035 URB.PATAZCA LAMBAYEQUE-CHICLAYO                  ', 241, 216, 29, 217, '979114523', '', 2, 1, 0, 1, 1, 4),
(22, '', '10485178401', 'ALVA MENDOZA ANGIE JIANY                                    ', 'AV. OLLANTA HUMALA MZA. C LOTE. 10 A.H. 3 DE MAYO JUNIN - CHANCHAMAYO      ', 241, 216, 29, 217, '924299737', '', 3, 1, 0, 1, 1, 4),
(23, '', '10328289542', 'ALVARADO RIVAS TIMOTEO OSWALDO                              ', 'AV. PARDO NRO. 1727 P.J. MIRAFLORES BAJO-CHIMBOTE                          ', 241, 216, 29, 217, '998392689 /043-341639              ', '', 1, 1, 0, 1, 1, 4),
(24, '', '10225029313', 'ANDRADE MORALES MARIA DEL CARMEN                            ', '\"JR.HERMILIO VALDIZAN #137, HUANUCO - HUANUCO                               \"', 241, 216, 29, 217, '                                   ', '', 1, 1, 0, 1, 1, 4),
(25, '', '10224728188', 'ANDRADE MORALES PRIMITIVA JULIA                             ', 'JR. MAYRO NRO. 901 HUANUCO - HUANUCO                                       ', 241, 216, 29, 217, '                                   ', '', 1, 1, 0, 1, 1, 4),
(26, '', '10321095823', 'ANGELES CIRIACO OLINDA SOLEDAD                              ', 'AV.V.R.HAYA DE LA TORRE #1609 AH.MIRAFLORES BAJO ANCASH-CHIMBOTE           ', 241, 216, 29, 217, '984066800 // 043353612             ', '', 1, 1, 0, 1, 1, 4),
(27, '', '10210729700', 'ANGLAS BARTOLO LORENZA BRIGIDA                              ', 'AV.FRAY JERONIMO JIMENEZ 851 URB.SAN CARLOS JUNIN -CHANCHAMAYO             ', 241, 216, 29, 217, '960996677 - 964480626     ', '', 1, 1, 0, 1, 1, 4),
(28, '', '20551344992', 'ANIBAL ADVIENTO SUAREZ REYNA E.I.R.L.                       ', 'UCV 177 MZA.LT. 4 P.J. HUAYCAN ZONA N LIMA - LIMA - ATE                    ', 241, 216, 29, 217, '                                   ', '', 1, 1, 0, 1, 1, 4),
(29, '', '10421759427', 'ANTARA GONZALES CECILIA MAGDALENA                           ', 'AV.CIRCUNV.TUPAC AMARU #135-CHAUPIMARCA -CERRO DE PASCO                    ', 241, 216, 29, 217, '#999630350                         ', '', 1, 1, 0, 1, 1, 4),
(30, '', '', 'ANTONIA TIPULA TIPULA                                       ', 'AV.SIMON BOLIVAR 1445-BARRIO PORTEÑO                                       ', 241, 216, 29, 217, '962866469', '', 1, 1, 0, 1, 1, 1),
(31, '', '10426675451', 'AÑAMURO BENAVENTE BRAULIO                                   ', 'PAB.B TDA NRO.B5 CC LIBERTAD-ASOC.JEBES PUNO - SAN ROMAN - JULIACA         ', 241, 216, 29, 217, '963970089', '', 1, 1, 0, 1, 1, 4),
(32, '', '10324080070', 'APARICIO MAZA DE ALVA VIOLETA LUZ                           ', 'CAR.CENTRAL S.N BARR.LA ESPERANZA ANCASH- HUAYLAS - CARAZ                  ', 241, 216, 29, 217, '588286 - #901749        ', 'REPUESTOS_JARUMI@HOTMAIL.COM  ', 1, 1, 0, 1, 1, 4),
(33, '', '10472480877', 'APAZA PAREDES YOHNY                                         ', 'JR. CARABAYA NRO. 104 (BARRIO LAS MERCEDES) PUNO - SAN ROMAN - JULIACA     ', 241, 216, 29, 217, '990066430', '', 1, 1, 0, 1, 1, 4),
(34, '', '10091005331', 'ARANDA REYES HILARIO                                        ', 'AV.PROCERES DE LA INDEPENDENCIA 2288 URB.SAN HILARION ETAPA UNO-SJL        ', 241, 216, 29, 217, '01387-2011     ', '', 1, 1, 0, 1, 1, 4),
(35, '', '10178699356', 'ARAUJO CORONEL JOSEFINA TERESA                              ', 'AV. AMERICA SUR NRO. 2156 URB. SANTA MARIA-TRUJILLO                        ', 241, 216, 29, 217, '                                   ', '', 1, 1, 0, 1, 1, 4),
(36, '', '10414488078', 'ARCA SAL Y ROSAS EMERSON                                    ', 'AV.PACHACUTEC 3417 ZONA HOGAR POLICIAL LIMA -VILLA MARIA DEL TRIUNFO       ', 241, 216, 29, 217, '                                   ', '', 1, 1, 0, 1, 1, 4),
(37, '', '10441707911', 'ARCA SAL Y ROSAS ROSANGELA                                  ', 'AV.SEPARAD INDUSTRI MZM\' LTE50 ASOC.FERROVIARIO 4TA ET-LIMA-V.SALVADOR     ', 241, 216, 29, 217, '941399224', '', 1, 1, 0, 1, 1, 4),
(38, '', '10409255944', 'ARENAS PARIONA FOOSTHER                                     ', 'NRO.SN URB.JOSE MARIA ARGUEDAS APURIMAC - ANDAHUAYLAS - ANDAHUAYLAS        ', 241, 216, 29, 217, '                                   ', '', 2, 1, 0, 1, 1, 4),
(39, '', '10012855139', 'ARPASI PUMA WENCESLAO                                       ', 'JR. RICARDO PALMA NRO. 218 BARRIO MAGISTERIAL-PUNO                         ', 241, 216, 29, 217, '                                   ', '', 1, 1, 0, 1, 1, 4),
(40, '', '', 'ASIS GIRALDO CARLOS EMILIO                                  ', 'JR.FRANCISCO DE ARAOS 304 BARR CENT.ESTE ANCASH - HUARAZ-INDEPENDENCIA     ', 241, 216, 29, 217, '9433848414', '', 1, 1, 0, 1, 1, 1),
(41, '', '10457508099', 'ATALAYA LINARES ERIBERTO                                    ', 'AV.AUGUSTO B LEGUIA 1260 URB.SAN LORENZO LAMBAYEQUE-CHICLAYO-JOSE LEONARDO ', 241, 216, 29, 217, '\"*0222771, 975697143                \"', '', 1, 1, 0, 1, 1, 4),
(42, '', '10296050798', 'AUCAHUAQUI CAQUIAYA JAVIER PEDRO                            ', 'VIA VARIANTE DE UCHUMAYOKM. 3 INT.10 P.J.SEMI RURAL PACHACUTEC             ', 241, 216, 29, 217, '977215081', 'JAC.ELECTRICOS@GMAIL.COM ', 1, 1, 0, 1, 1, 4),
(43, '', '10072688266', 'AUCCASI HUARIPAUCAR SERAPIO ULISES                          ', 'MZA.F LT.14 URB.LAS FLORES 78 (ALT PARADERO 12 DE PROCERES) S.J.L          ', 241, 216, 29, 217, '                                   ', '', 1, 1, 0, 1, 1, 4),
(44, '21478400', '', 'AUGUSTO                                                     ', 'VILLA                                                                      ', 241, 216, 29, 217, '                                   ', '', 1, 1, 0, 1, 1, 1),
(45, '', '20517619362', 'AUTO LAMPS CENTER S.R.L.                                    ', 'AV. IQUITOS NRO. 574 LIMA - LIMA - LA VICTORIA                             ', 241, 216, 29, 217, '4337015-946548578      ', '', 1, 1, 0, 1, 1, 4),
(46, '', '20555173394', 'AUTO PARTES SAGOVA S.R.L.                                   ', 'AV. GERARDO UNGER NRO. 4797 URB. EL NARANJAL - SAN MARTIN DE PORRES        ', 241, 216, 29, 217, '994223130', '', 2, 1, 0, 1, 1, 4),
(47, '', '20492163351', 'AUTO PARTS IMPORT PERU E.I.R.L                              ', 'AV.MANCO CAPAC MZ.BS LT9D COO.JICAMARCA  S.J DE LURIGANCHO                 ', 241, 216, 29, 217, '\"3092179, #941897280                \"', '', 1, 1, 0, 1, 1, 4),
(48, '               ', '20403024849', 'AUTO PART\'S MELIRIS SRL                                     ', 'AV.PARDO 1144 P.J. MIRAMAR BAJO - ANCASH SANTA CHIMBOTE     ', 241, 216, 29, 217, '                    ', '                                                  ', 2, 1, 0, 1, 1, 4),
(49, '', '20406512178', 'AUTOACCESORIOS LOS GEMELOS S.A.C.                           ', 'JR. TUMBES NRO. 1772 MANCO CAPAC PUNO - SAN ROMAN - JULIACA                ', 241, 216, 29, 217, '946403964 - 051328255-951502350    ', '', 1, 1, 0, 1, 1, 4),
(50, '', '20568605501', 'AUTOBOUTIQUE LEO CUETO EIRL                                 ', 'AV.PESCHIERA NRO. S/N URB.LA MERCED JUNIN - CHANCHAMAYO - CHANCHAMAYO      ', 241, 216, 29, 217, '954085886', '', 1, 1, 0, 1, 1, 4),
(51, '', '20565841964', 'AUTOBUS MINIVAN - PARTS E.I.R.L                             ', 'AV. MEXICO NRO. 1329 LIMA - LIMA - LA VICTORIA                             ', 241, 216, 29, 217, '936826260', '', 3, 1, 0, 1, 1, 4),
(52, '', '20570848985', 'AUTOMANIA PERU S.A.C.                                       ', 'JR. SUCRE NRO. 436 BR LA FLORIDA CAJAMARCA - CAJAMARCA - CAJAMARCA         ', 241, 216, 29, 217, '9765744 97    ', '', 2, 1, 0, 1, 1, 4),
(53, '', '20481099936', 'AUTOMOTORES TRUJILLO E.I.R.L.                               ', 'UNION NRO. 1977 URB. CHIMU-TRUJILLO-LA LIBERTAD                            ', 241, 216, 29, 217, '\"044-211839, #664345                \"', '', 1, 1, 0, 1, 1, 4),
(54, '', '20526921217', 'AUTOMOTRIZ DELTA EIRL                                       ', 'MZA. D LOTE. 7 APV. CONSTRUCTORES SAN JERONIMO-CUSCO                       ', 241, 216, 29, 217, '273603', '', 1, 1, 0, 1, 1, 4),
(55, '', '20481339911', 'AUTOMOTRIZ ROYAL E.I.R.L.                                   ', 'AV.PERU #376 BARR LA INTENDENCIA-TRUJILLO-LA LIBERTAD                      ', 241, 216, 29, 217, '\"044-294488, *200013                \"', '', 1, 1, 0, 1, 1, 4),
(56, '', '20602271456', 'AUTOMUNDO REPUESTOS & ACCESORIOS S.A.                       ', 'CAR.CENTRAL NRO.SN BAR.COCHAHUAIN ANCASH - YUNGAY - YUNGAY                 ', 241, 216, 29, 217, '                                   ', 'MULTISERVICIOS YUNGAI     ', 1, 1, 0, 1, 1, 4),
(57, '', '', 'AUTOPARTES & ACCESORIOS GOICO CAR SRL                       ', 'AV.GERARDO UNGER 4729 URB.EL NARANJAL                                      ', 241, 216, 29, 217, '5299742/981141098/981141133        ', '', 1, 1, 0, 1, 1, 1),
(58, '', '20601720761', 'AUTOPARTES & SERVICIOS LIZ S.A.C.                           ', 'JR.LIBERTAD 1029  PUNO-SAN ROMAN-JULIACA                                   ', 241, 216, 29, 217, '995999934', '', 1, 1, 0, 1, 1, 4),
(59, '', '20570503651', 'AUTOPARTES BOLAÑOS E.I.R.L.                                 ', 'JR.SUCRE #401 BR LA FLORIDA CAJAMARCA                                      ', 241, 216, 29, 217, '976100205', '', 2, 1, 0, 1, 1, 4),
(60, '', '', 'AUTOPARTES CHABELITA-ISABEL CCAMA ALANOCA                   ', 'LA ROTONDA NUEVO SUCRE PST 138-TACNA                                       ', 241, 216, 29, 217, '952626813', '', 1, 1, 0, 1, 1, 1),
(61, '', '20521578891', 'AUTOPARTES CUADROS E.I.R.L.                                 ', 'PJ.LOS AROS 181 URB.SAN JACINTO LIMA - LIMA - SAN LUIS                     ', 241, 216, 29, 217, '14736627 - 998176422', 'AUTOPARTESCUADROSEIRL@HOT', 2, 1, 0, 1, 1, 4),
(62, '', '20602251978', 'AUTOPARTES SANTA FE CAR EMPRESA INDIVIDUAL DE RESPONSABILIDA', 'JR. LIBERTAD NRO. 876 PUNO - SAN ROMAN - JULIACA                           ', 241, 216, 29, 217, '                                   ', '', 1, 1, 0, 1, 1, 4),
(63, '', '20486849127', 'AUTOPARTES SEÑOR DE MURUHUAY E.I.R.L                        ', 'JR. JUNIN NRO. 747 -JUNIN - CHANCHAMAYO - PICHANAQUI                       ', 241, 216, 29, 217, '064384201-954800023    ', '', 3, 1, 0, 1, 1, 4),
(64, '', '20539716795', 'AUTOPARTES SINDY S.A.C.                                     ', 'AV.PERU #905 URB.LA INTENDENCIA -TRUJILLO-LA LIBERTAD                      ', 241, 216, 29, 217, '*271265                            ', '', 1, 1, 0, 1, 1, 4),
(65, '', '20544475747', 'AUTOPARTES VICTOR HUGO S.A.C.                               ', 'PJ. LOS AROS NRO. 185 URB. SAN JACINTO LIMA - LIMA - SAN LUIS              ', 241, 216, 29, 217, '947058523', '', 1, 1, 0, 1, 1, 4),
(66, '', '20602115667', 'AUTOPARTES VIMED E.I.R.L.                                   ', 'PUENTE ARNAO NRO. 216 AREQUIPA - AREQUIPA - MIRAFLORES                     ', 241, 216, 29, 217, '910492904', '', 3, 1, 0, 1, 1, 4),
(67, '', '20601242886', 'AUTOPARTES Y ACCESORIOS MI VICKY E.I.R.L.                   ', 'JR.SUCRE 473A BAR.LA FLORIDA CAJAMARCA-CAJAMARCA-CAJAMARCA                 ', 241, 216, 29, 217, '995436638', '', 2, 1, 0, 1, 1, 4),
(68, '', '20449373015', 'AUTOPARTES Y LUBRICANTES S.C.R.L                            ', 'MZA.E LT 03 INT.53 AS.CO.MI.CRISTINA VILDOSO TACNA - TACNA - TACNA         ', 241, 216, 29, 217, '976106030', '', 5, 1, 0, 1, 1, 4),
(69, '', '20600260805', 'AUTOPARTES Y SERVICIOS AGUA BLANCA E.I.R.L.                 ', 'JR.SUCRE 395 INT.A BARR.LA FLORIDA CAJAMARCA -CAJAMARCA -CAJAMARCA         ', 241, 216, 29, 217, '965674451', 'JUVER', 2, 1, 0, 1, 1, 4),
(70, '', '20601834660', 'AUTOPARTES Y TRASNPORTES VICPAREDES SCRL                    ', 'CAL.CAMINO REAL NRO.12-1 APV. TINGO CUSCO - CUSCO - SAN JERONIMO           ', 241, 216, 29, 217, '                                   ', '', 1, 1, 0, 1, 1, 4),
(71, '', '20481609136', 'AUTOREPUESTOS & FERRETERIA SANTO TOMAS SAC                  ', 'CALLE.GUZMAN BARRON 264.URB.PALERMO-TRUJILLO                               ', 241, 216, 29, 217, '988019288', '', 2, 1, 0, 1, 1, 4),
(72, '', '20555564822', 'AYR HUMBOLT E.I.R.L.                                        ', 'JR. HUMBOLDT NRO. 346 LIMA - LIMA - LA VICTORIA                            ', 241, 216, 29, 217, '                                   ', '', 1, 1, 0, 1, 1, 4),
(73, '', '10414281121', 'BACA CARPIO CARMEN LUISA                                    ', 'AV.SESQUICENTENARIO #379 APURIMAC-ANDAHUAYLAS                              ', 241, 216, 29, 217, '*989507                            ', '', 1, 1, 0, 1, 1, 4),
(74, '', '10200365157', 'BALBIN GALVAN, FREDY HERMOGENES', 'JR.MIGUEL GRAU #507  JUNIN - SATIPO                                        ', 241, 216, 29, 217, '#484837     ', '', 3, 1, 0, 1, 1, 4),
(75, '', '10035729106', 'BARBA SANCHEZ MARTHA DIDIA                                  ', 'MZA.E LT.09 A.H.15 DE MARZO (AV. EL PORVENIR) PIURA- SULLANA -SULLANA      ', 241, 216, 29, 217, '#951587429     ', '', 1, 1, 0, 1, 1, 4),
(76, '', '10454538817', 'BARZOLA LEYVA GUSTAVO                                       ', 'PRO.JUAN S. ATAHUALPA NRO. 279 SEC. TARMA   JUNIN - TARMA - TARMA          ', 241, 216, 29, 217, '                                   ', '', 3, 1, 0, 1, 1, 4),
(77, '', '10465042481', 'BARZOLA LEYVA LILIANA BEATRIZ                               ', 'PROL.JUAN S.ATAHUALPA 279 JUNIN - TARMA - TARMA                            ', 241, 216, 29, 217, '990434159 - 964091027      ', '', 1, 1, 0, 1, 1, 4),
(78, '', '10074728672', 'BAYES QUINTO LUIS ALBERTO                                   ', 'MEJICO NRO. 1679 LIMA - LIMA - LA VICTORIA                                 ', 241, 216, 29, 217, '                                   ', '', 1, 1, 0, 1, 1, 4),
(79, '10405059', '', 'BEDIA BAZAN IRMA                                            ', 'AV.VENEZUELA MZA.C LT.12 APURIMAC - ABANCAY - ABANCAY                      ', 241, 216, 29, 217, '                                   ', '', 1, 1, 0, 1, 1, 1),
(80, '', '10256375147', 'BELLIDO COLOS EMILIA                                        ', 'AV.PROCERES DE LA INDEP.2280 URB. SAN HILARION-LIMA-LIMA-S.J.L             ', 241, 216, 29, 217, '                                   ', '', 1, 1, 0, 1, 1, 4),
(81, '', '20600739400', 'BEN 10 REMISSE E.I.R.L.                                     ', 'CAL.CORRIENTES NRO. 121 URB. EL CARMEN LIMA - LIMA - SURQUILLO             ', 241, 216, 29, 217, '949574375-977176346       ', '', 1, 1, 0, 1, 1, 4),
(82, '', '10164365382', 'BENEL VIDAURRE ARMANDO ARIGO                                ', 'AV. AUGUSTO B. LEGUIA NRO. 958-CHICLAYO                                    ', 241, 216, 29, 217, '074-256436                         ', '', 1, 1, 0, 1, 1, 4),
(83, '', '10406627379', 'BERRIOS BERMUDEZ MARISOL                                    ', 'MLC.ALOMIA ROBLES 713 INT.A CENT C.U.HUANUCO-HUANUCO - HUANUCO             ', 241, 216, 29, 217, '987001548-957971582      ', '', 1, 1, 0, 1, 1, 4),
(84, '', '20495843778', 'BETOSCAR SERVIS EIRL                                        ', 'AV San Martin de Porres # 669 - CAJAMARCA                                  ', 241, 216, 29, 217, '\"963719333 , 976862513 , 046343914  \"', '', 1, 1, 0, 1, 1, 4),
(85, '', '10249903677', 'BOLIVAR SICCOS FRANCISCA                                    ', 'AV. MANCO INCA # 300 WANCHAQ- CUSCO                                        ', 241, 216, 29, 217, '\"084784976, 974260627,976300291     \"', '', 1, 1, 0, 1, 1, 4),
(86, '', '10244952084', 'BOLIVAR SICCOS TEODORO                                      ', 'AV. MANCO INCA # 307 WANCHAQ- CUSCO                                        ', 241, 216, 29, 217, '\"084784976, 974260627,976300291     \"', '', 3, 1, 0, 1, 1, 4),
(87, '', '10060105923', 'BOLIVAR SICCOS VICTORIA                                     ', 'AV. MANCO CCAPAC NRO. 419 (ALT. REG. PUBLICOS) CUSCO - CUSCO - WANCHAQ     ', 241, 216, 29, 217, '976300291', '', 1, 1, 0, 1, 1, 4),
(88, '', '10452873368', 'BORCIC AGUIRRE LEYLA DANIELA                                ', 'JR. LIMA # 1286 LIMA - BARRANCA - BARRANCA                                 ', 241, 216, 29, 217, '2355483', '', 1, 1, 0, 1, 1, 4),
(89, '', '20601069483', 'BRAVAZO CAR E.I.R.L.                                        ', 'AV. MESONES MURO NRO. 1318 SEC. NUEVO HORIZONTE CAJAMARCA - JAEN           ', 241, 216, 29, 217, '                                   ', '', 2, 1, 0, 1, 1, 4),
(90, '', '10179007181', 'BRICENO CALDERON CARLOS                                     ', 'AV.FEDERICO VILLAREAL #200-TRUJILLO-LA LIBERTAD                            ', 241, 216, 29, 217, '044-9904093                        ', '', 1, 1, 0, 1, 1, 4),
(91, '', '10407943720', 'BUENDIA SUBELETE ELENA                                      ', 'AV. GERARDO UNGER NRO. 4513 INT. 78 URB. INDUSTRIAL NARANJAL  SMP          ', 241, 216, 29, 217, '                                   ', '', 1, 1, 0, 1, 1, 4),
(92, '', '10165875325', 'BURGA BUSTAMANTE WALTER SERGIO                              ', 'AV. TODOS LOS SANTOS NRO. 939 CAJAMARCA - CHOTA - CHOTA                    ', 241, 216, 29, 217, '976708707', '', 1, 1, 0, 1, 1, 4),
(93, '', '10443653991', 'BUSTAMANTE MARRUFO MARCOS ANTONIO                           ', 'AV.TODOS LOS SANTOS #636 CHOTA-CAJAMARCA-CAJAMARCA                         ', 241, 216, 29, 217, '938589217', '', 2, 1, 0, 1, 1, 4),
(94, '', '10438871662', 'CABRERA BEJARANO CLAUDIA VANESSA                            ', 'AV.PERU #935-LA INTENDENCIA-TRUJILLO-LA LIBERTAD                           ', 241, 216, 29, 217, '\"044-673540, *269506                \"', 'MARIABEJARANOTAFUR@HOTMAI', 1, 1, 0, 1, 1, 4),
(95, '', '10466071256', 'CABRERA BEJARANO OSWALDO ALONSO                             ', 'AV.VALLEJO #1662 URB.PROLONGACION-TRUJILLO-LA LIBERTAD                     ', 241, 216, 29, 217, '                                   ', '', 1, 1, 0, 1, 1, 4),
(96, '', '10424607954', 'CACERES QUISPE ALICIA                                       ', 'CAL. CENTENARIO NRO. 910 INT. 2 C.C. CENTENARIO TACNA - TACNA - TACNA      ', 241, 216, 29, 217, '988100904', '', 1, 1, 0, 1, 1, 4),
(97, '', '20489724970', 'CAEISA S.C.R.L                                              ', 'MLC. DANIAL ALOMIA ROBLES #567 HUANUCO - HUANUCO                           ', 241, 216, 29, 217, '962087592', '', 3, 1, 0, 1, 1, 4),
(98, '', '10101225777', 'CAHUA CAHUA MARUJA DORIS                                    ', 'AV. PROCERES DE LA INDEPENDE. NRO. 5551  SJL                               ', 241, 216, 29, 217, '3920883', '', 1, 1, 0, 1, 1, 4),
(99, '', '10005202341', 'CAHUAYA MAMANI RICARDO                                      ', 'AV.J.BASADRE CON P MELENDEZ S/N INT.AS CC.VILDOSO INT22-23-TACNA-TACNA     ', 241, 216, 29, 217, '952293919', '', 3, 1, 0, 1, 1, 4),
(100, '', '10701840891', 'CALIZAYA CANAHUIRI ROCIO DEL PILAR                          ', 'JR.LAMBAYEQUE 473A  PUNO-JULIACA // GERONIMO CALIZAYA                      ', 241, 216, 29, 217, '950834377', 'SUDAMERICA26@HOTMAIL.COM ', 1, 1, 0, 1, 1, 4),
(101, '', '10295680518', 'CALLATA TICONA JULIO ALFREDO                                ', 'CAL.PUENTE ARNAO NRO. 220 AREQUIPA - AREQUIPA - MIRAFLORES                 ', 241, 216, 29, 217, '996868008', '', 1, 1, 0, 1, 1, 4),
(102, '', '10435029928', 'CALSINA NAVARRO REGINA ANASTACIA                            ', 'CAR.PANAMERICANA S/N SANTA CRUZ DE ACCOTA-CUSCO-CANCHIS-SICUANI            ', 241, 72, 8, 72, '953535355-950977649-984641481     ', '', 3, 1, 1, 1, 1, 4),
(103, '', '10181331921', 'CANCHUCAJA BONARRIBA ANA PATRICIA                           ', 'AV.CONDORCANQUI #1089 LA ESPERANZA-TRUJILLO-LA LIBERTAD                    ', 241, 216, 29, 217, '\"*516968, #990426885                \"', '', 1, 1, 0, 1, 1, 4),
(104, '', '10404531595', 'CANCHUCAJA BONARRIBA KARLA NOEMI                            ', 'AV.CONDORCANQUI #1089-LA ESPERANZA-TRUJILLO-LA LIBERTAD                    ', 241, 216, 29, 217, '\"990426885,*516968                  \"', '', 1, 1, 0, 1, 1, 4),
(105, '', '', 'CANDIOTTI ROJAS MARICELA                                    ', 'AV. GERARDO UNGER URB.EL NARANJAL LIMA -INDEPENDENCIA                      ', 241, 216, 29, 217, '992423799-967643967      ', '', 1, 1, 0, 1, 1, 1),
(106, '', '20495709532', 'CAR AUDIO E.I.R.L                                           ', 'AV.VIA DE EVITAMIENTO SUR #721 -  CAJAMARCA                                ', 241, 216, 29, 217, '                                   ', '', 1, 1, 0, 1, 1, 4),
(107, '', '10804940117', 'CARBAJAL SANCHEZ CESAR AUGUSTO                              ', 'AV. CONDORCANQUI#2552 PARTE ALTA-LA ESPERANZA-TRUJILLO                     ', 241, 216, 29, 217, '414309', '', 1, 1, 0, 1, 1, 4),
(108, '', '10074785951', 'CARBONELL VILLANUEVA CESAR JULIO                            ', 'AV.GERARDO UNGER 4565 INT.14 URB.IND.EL NARANJAL LIMA-SMP                  ', 241, 216, 29, 217, '947289072', '', 1, 1, 0, 1, 1, 4),
(109, '', '20485978233', 'CARGO 1 S.A.                                                ', 'AV.HUANCAVELICA NRO.2868 JUNIN - HUANCAYO - EL TAMBO                       ', 241, 216, 29, 217, '                                   ', '', 1, 1, 0, 1, 1, 4),
(110, '', '', 'CARLOS MIGUEL APOLINAR                                      ', 'JR.LAS MICAS 149 SAN JUAN DE LURIGANCHO                                    ', 241, 216, 29, 217, '                                   ', '', 4, 1, 0, 1, 1, 1),
(111, '', '20439807181', 'CARPAMA S.R.L.                                              ', 'AV.AMERICA SUR #1289 URB.STO DOMINGUITO-TRUJILLO-LA LIBERTAD               ', 241, 216, 29, 217, '\"044-291891,044251802               \"', '', 1, 1, 0, 1, 1, 4),
(112, '', '10423758789', 'CARRION TIMANA DE LEON YENY MARIBEL                         ', 'JR. SUCRE  306 BR LA FLORIDA CAJAMARCA - CAJAMARCA                         ', 241, 216, 29, 217, '                                   ', '', 1, 1, 0, 1, 1, 4),
(113, '', '20531750315', 'CASA DE REPUESTOS MUCHIK S.A.C.                             ', 'AV. V. R. HAYA DE LA TORRE NRO. 1870 A.H. MIRAFLORES CHIMBOTE              ', 241, 216, 29, 217, '043-323233                         ', '', 1, 1, 0, 1, 1, 4),
(114, '', '10448322641', 'CASAS MAXIMILIANO KELLY ROSARIO                             ', 'AV.MARIATEGUI 287 (ALT JR STA ISABEL.)JUNIN-HUANCAYO-EL TAMBO              ', 241, 216, 29, 217, '981553755-979309132', '', 1, 1, 0, 1, 1, 4),
(115, '', '10101665203', 'CASTAÑEDA ALARCON MARY LUZ                                  ', 'G UNGER NRO. 4513 NARANJAL (PUESTO68-69-CENTRO COMERCIAL RODEO I) LIMA     ', 241, 216, 29, 217, '998311109', '', 1, 1, 0, 1, 1, 4),
(116, '', '10200489794', 'CASTAÑEDA ALARCON YANSI DORIS                               ', 'AV.GERARDO UNGER 4513 URB.INDUSTRIAL NARANJAL-S.M.P-LIMA                   ', 241, 216, 29, 217, '998311109', '', 2, 1, 0, 1, 1, 4),
(117, '', '', 'CASTILLO CHUICA MAYRA                                       ', 'LIMA / LA CINCUENTA                                                        ', 241, 216, 29, 217, '                                   ', '', 1, 1, 0, 1, 1, 1),
(118, '', '10411563559', 'CASTRO DE LA CRUZ GISELLA                                   ', 'AV.CESAR VALLEJO #823 ARANJUEZ-TRUJILLO-LA LIBERTAD                        ', 241, 216, 29, 217, '\"044-231843, *257964                \"', '', 1, 1, 0, 1, 1, 4),
(119, '', '10435249057', 'CAYLLAHUA CASTRO ZENAIDA MERY LUZ                           ', 'CAL. PUENTE ARNAO #245 MIRAFLORES - AREQUIPA                               ', 241, 216, 29, 217, '\"RPC:973695269,#958501515           \"', '', 3, 1, 0, 1, 1, 4),
(120, '', '10418910726', 'CAYSAHUANA MEZA ELENA NOLVERTA                              ', 'SECTOR 2 BAR 2 MZA. Z LOTE. 15 AGR PACHACAMAC IV ETAPA                     ', 241, 216, 29, 217, '944774178-994716754      ', '', 2, 1, 0, 1, 1, 4),
(121, '', '10450337906', 'CELESTINO MORALES CONNIE FRANCIS                            ', 'AV. MARIATEGUI NRO. 330 INT. 21  JUNIN - HUANCAYO - EL TAMBO               ', 241, 216, 29, 217, '964542806-947470303      ', '', 3, 1, 0, 1, 1, 4),
(122, '', '10410741658', 'CERCEDO VIVIAN HECTOR DIONEL                                ', 'AV.UNIVERSITARIA 2521 URB.CAYHUAYNA HUANUCO - HUANUCO - PILLCO MARCA       ', 241, 216, 29, 217, '962644454', '', 1, 1, 0, 1, 1, 4),
(123, '', '10094812203', 'CERNA CELESTINO KATTY MAGNA                                 ', 'AV.GERARDO UNGER 4517 INT.42 LIMA - LIMA - INDEPENDENCIA                   ', 241, 216, 29, 217, '981581092', '', 2, 1, 0, 1, 1, 4),
(124, '', '10742081007', 'CHACON HUAYAPA MAURICIO ALFREDO                             ', 'CAL.PUNO # 505 MIRAFLORES-AREQUIPA                                         ', 241, 216, 29, 217, '\"969838252,   054696987             \"', '', 1, 1, 0, 1, 1, 4),
(125, '', '10013395743', 'CHAMBI CHACHAQUE AURELIA                                    ', 'AV.JORGE B.GROHOMAN #S/N INT.06 ASOC.CRISTINA VILDOSO-TACNA - TACNA        ', 241, 216, 29, 217, '952293919-943262000                ', '', 3, 1, 0, 1, 1, 4),
(126, '', '10406650222', 'CHAMBI CHACHAQUE NESTOR RUBEN                               ', 'MZA. M LOTE. 22 ASOC.RAMON COPAJA TACNA - TACNA - ALTO DE LA ALIANZA       ', 241, 216, 29, 217, '952257138', '', 1, 1, 0, 1, 1, 4),
(127, '', '10805318037', 'CHAMBI CHACHAQUE RUFINA                                     ', 'AV.JORGE BASADRE PSTO 41-42 NRO ASOC COM CRISTINA VILDOSO-TACNA            ', 241, 216, 29, 217, '                                   ', '', 1, 1, 0, 1, 1, 4),
(128, '', '10446289051', 'CHAMBILLA CALIZAYA VALERIA MAURA                            ', 'JR. LAMBAYEQUE NRO. 473SAN ROMAN - JULIACA                                 ', 241, 216, 29, 217, '950834377', '', 1, 1, 0, 1, 1, 4),
(129, '', '10438085403', 'CHAMBILLA VELASQUEZ, FREDY HERNAN', 'JR. CARABAYA #208 PORTEÑO-PUNO                                             ', 241, 216, 29, 217, '                                   ', '', 1, 1, 0, 1, 1, 4),
(130, '', '', 'CHANCHAMAYO                                                 ', 'PROCERES                                                                   ', 241, 216, 29, 217, '                                   ', '', 4, 1, 0, 1, 1, 1),
(131, '', '10407282944', 'CHAUCA FIGUEROA YAJSEELITA LIDIA                            ', 'JR FRANCISCO BOLOGNESI  143 URB ROSAS PAMPA ANCASH - HUARAZ - HUARAZ       ', 241, 216, 29, 217, '970030556', '', 1, 1, 0, 1, 1, 4),
(132, '', '10458895665', 'CHAVEZ ESPIRITU YERRI FELIX                                 ', 'UVC 7 LOTE. 2 A.H. HUAYCAN ZONA F                                          ', 241, 216, 29, 217, '\"3573308, 3533798-CHARLY            \"', '', 1, 1, 0, 1, 1, 4),
(133, '', '10180907331', 'CHAVEZ GARCIA JOHN FRANK                                    ', 'CAL.PUERTO ARGENTINO MZA.D LT12-EL PALOMAR-TRUJILLO-LA LIBERTAD            ', 241, 216, 29, 217, '\"948113540, *666061                 \"', '', 1, 1, 0, 1, 1, 4),
(134, '', '10463856392', 'CHIPANA QUINTO EDGAR JOSEPH                                 ', 'AV.MARIATEGUI 330 JUNIN - HUANCAYO - EL TAMBO                              ', 241, 216, 29, 217, '951530013', '', 1, 1, 0, 1, 1, 4),
(135, '', '10074020254', 'CHOQUE CUTIPA HUMBERTO VALERIANO                            ', 'AV. CALCA 107 COO.27 DE ABRIL  LIMA-LIMA-ATE                               ', 241, 216, 29, 217, '                                   ', '', 1, 1, 0, 1, 1, 4),
(136, '', '10422940320', 'CHOQUEHUANCA CHAMBI WILBER                                  ', 'JR.TUPAC AMARU 404 (ESQUINA CON AV. SIMON BOLIVAR) PUNO - PUNO - PUNO      ', 241, 216, 29, 217, '950869648', '', 1, 1, 0, 1, 1, 4),
(137, '', '10416077342', 'CHUA CHAVEZ ANDRES                                          ', 'MZA.C LOTE.24 URB. AEROPUERTO II ETAPA PUNO - SAN ROMAN - JULIACA          ', 241, 216, 29, 217, '974228953-951006291      ', '', 1, 1, 0, 1, 1, 4),
(138, '', '10428942880', 'CHURASACARI SAIRA WILLIAM                                   ', 'AV.FERNANDO LEON DE VIVERO MZ.A LT3 ICA - ICA - ICA                        ', 241, 216, 29, 217, '956320032', '', 1, 1, 0, 1, 1, 4),
(139, '', '20565421248', 'CIAC DEL PERU E.I.R.L.                                      ', '\"CAL.SANTA NICERATA NRO. 187 URB. 3RA,ETAPA PANDO LIMA - LIMA - LIMA        \"', 241, 216, 29, 217, '999129921-5644749       ', 'CIACDELPERU@GMAIL.COM         ', 1, 1, 0, 1, 1, 4),
(140, '', '10419846967', 'CIEZA ROJAS ALIGS                                           ', 'CAL.LOS TALADROS 228 INT.4 URB.EL NARANJAL -LIMA -LIMA -INDEPENDENCIA      ', 241, 216, 29, 217, '992454444', '', 1, 1, 0, 1, 1, 4),
(141, '', '10415442772', 'CIEZA ROJAS VICTOR                                          ', 'CAL.LOS TALLERES MZA.E LTE16A URB.IND.EL NARANJAL-INDEPENDENCIA            ', 241, 216, 29, 217, '                                   ', '', 1, 1, 0, 1, 1, 4),
(142, '', '10224683079', 'CLOUD ZEVALLOS JUAN DE DIOS                                 ', 'MLC. ALOMIA ROBLES  871  HUANUCO - HUANUCO                                 ', 241, 216, 29, 217, '984119544-971238009      ', '', 3, 1, 0, 1, 1, 4),
(143, '', '10295771815', 'COAQUIRA APAZA JUANA VIVIANA                                ', 'V.GOYENECHE # 802 INT. 2 SECCION 2 -MIRAFLORES - AREQUIPA                  ', 241, 216, 29, 217, '959269077', '', 1, 1, 0, 1, 1, 4),
(144, '', '10005043528', 'COAQUIRA LAQUI FLABIA DOMITILA                              ', 'PROLG. PATRICIO MELENDEZ S/N INT 171           ASOC. MICAELA BASTIDA - TACN', 241, 216, 29, 217, '952684352', '', 1, 1, 0, 1, 1, 4),
(145, '', '10418878431', 'COARITA UCHARICO DAYSI AZUCENA                              ', 'NRO. S/N INT. 49 ASOC. MANUEL A. ODRIA  TACNA - TACNA                      ', 241, 216, 29, 217, '924216255-970475025      ', '', 1, 1, 0, 1, 1, 4),
(146, '', '10471650116', 'COLLANTES GUEVARA TEODOMIRO                                 ', 'AV. AUGUSTO B. LEGUIA NRO. 1259LAMBAYEQUE - CHICLAYO - CHICLAYO            ', 241, 216, 29, 217, '                                   ', '', 1, 1, 0, 1, 1, 4),
(147, '', '20536479792', 'COMERCIAL R.G.C. S.R.L                                      ', 'AV.GERARDO UNGER 4727 URB.INDUSTRIAL LIMA - LIMA - INDEPENDENCIA           ', 241, 216, 29, 217, '                                   ', '', 2, 1, 0, 1, 1, 4),
(148, '', '20515901711', 'COMPANY LIMITED SUR AMERICA SRL                             ', 'PROLONG. PARINACOCHAS #1450  LA VICTORIA                                   ', 241, 216, 29, 217, '                                   ', '', 1, 1, 0, 1, 1, 4),
(149, '', '20547168349', 'COMPANY SHANGHAI CENTER E.I.R.L.                            ', 'AV. MEXICO NRO. 1343 LIMA - LIMA - LA VICTORIA                             ', 241, 216, 29, 217, '4327536-955213197      ', '', 3, 1, 0, 1, 1, 4),
(150, '', '10157357315', 'CONDOR MORENO HOMERO JUAN                                   ', 'AV.GERARDO UNGER 4513 INT.15 LIMA-LIMA-S.M.P                               ', 241, 216, 29, 217, '                                   ', '', 1, 1, 0, 1, 1, 4),
(151, '', '10407526738', 'CONDORI BARRANTES ISAAC RENZO                               ', 'JR.LIBERTAD 901 SAN ROMAN JULIACA-JULIACA                                  ', 241, 216, 29, 217, '950059075 -#951648727              ', '', 3, 1, 0, 1, 1, 4),
(152, '', '10422498414', 'CONDORI CONDORI WILBER                                      ', 'AV.CIRCUNVALACION #707 URB.SAN JOSE-PUNO-SAN ROMAN-JULIACA                 ', 241, 216, 29, 217, '951578454', '', 1, 1, 0, 1, 1, 4),
(153, '', '10075174310', 'CONDORI FLORES SATURNINO FLORENCIO                          ', 'AV. MEXICO NRO. 1685-LA VICTORIA-LIMA                                      ', 241, 216, 29, 217, '                                   ', '', 1, 1, 0, 1, 1, 4),
(154, '', '10026421654', 'CONDORI MAMANI MARIO SEBASTIAN                              ', 'AV. CHULUCANAS  S/N ZONA INDUSTRIAL III PIURA -PIURA -26 OCTUBRE           ', 241, 216, 29, 217, '955163710', '', 1, 1, 0, 1, 1, 4),
(155, '', '20529383925', 'CONTRATISTAS GENERALES SAN LORENZO EIRL                     ', 'AV.VIA EVITAMIENTO SUR # 716 ASC. VICTOR RAUL CAJAMARCA                    ', 241, 216, 29, 217, '# 259798                           ', '', 1, 1, 0, 1, 1, 4),
(156, '', '20508971177', 'CORPORACION ADDYE SAC                                       ', 'PJ. FAROS 160 P.J.SAN JACINTO LIMA - LIMA - SAN LUIS                       ', 241, 216, 29, 217, '3247668', '', 1, 1, 0, 1, 1, 4),
(157, '', '20490834916', 'CORPORACION DE AUTOPARTES Y TRANSPORTE LIMA S.R.L.          ', 'AV.MANCO CAPAC 411-WANCHAQ-CUSCO                                           ', 241, 216, 29, 217, '984631210', '', 1, 1, 0, 1, 1, 4),
(158, '', '20600803680', 'CORPORACION ZUKA S.A.C.                                     ', 'AV. AVIACION NRO. 939 URB. SAN GERMAN (...) LIMA - LIMA - LA VICTORIA      ', 241, 216, 29, 217, '                                   ', '', 1, 1, 0, 1, 1, 4),
(159, '', '10206624154', 'COTERA MUÑOZ RODRIGO DECILOS                                ', 'AV.PROCERES DE INDEPENDENCIA 2274  LIMA-LIMA -SAN JUAN DE LURIGANCHO       ', 241, 216, 29, 217, '947360518', '', 1, 1, 0, 1, 1, 4),
(160, '', '10465154701', 'CRESPO GAMARRA DEYVIS OLIVER                                ', 'MZA.F3 LT.03 A.H.BOCANEGRA PROV.CONST. DEL CALLAO - PROV. CONST.CALLAO     ', 241, 216, 29, 217, '939314995', '', 1, 1, 0, 1, 1, 4),
(161, '', '10401042003', 'CRIOLLO GUERRERO ANGELITA                                   ', 'AV.BUENOS AIRES MZ A4 LT 2B AH. STA TERESITA-PIURA-SULLANA                 ', 241, 216, 29, 217, '968098408', '', 1, 1, 0, 1, 1, 4),
(162, '', '10474475927', 'CRISTOBAL CARLOS DANILA                                     ', 'AV.CIRCUNV.TUPAC AMARU #135  CHAUPIMARCA -CERRO DE PASCO                   ', 241, 216, 29, 217, '#437777                            ', '', 1, 1, 0, 1, 1, 4),
(163, '42525925', '10425259259', 'CRISTOBAL ROJAS ELVA VIRGINIA                               ', 'AV LEON.PRADO 1206(CRUCE C/AMAZONAS) HUANCAYO-JUNIN         ', 241, 216, 29, 217, '                    ', '                                                  ', 3, 1, 1, 1, 1, 2),
(164, '', '10012225909', 'CRUZ CANAHUIRI PEDRO DOMINGO                                ', 'JR. ALFONSO UGARTE 213 BAR.LA FLORIDA CAJAMARCA-CAJAMARCA                  ', 241, 216, 29, 217, '                                   ', '', 2, 1, 0, 1, 1, 4),
(165, '', '10443910391', 'CRUZ JAHUIRA BEATRIZ JHENNY                                 ', 'JR.SUCRE #394 BR FLORIDA - CAJAMARCA-CAJAMARCA                             ', 241, 216, 29, 217, '\"076-777985 , *240582 ,    # 9444420\"', '', 2, 1, 0, 1, 1, 4),
(166, '', '10756945047', 'CRUZ JAHUIRA JAVIER AURELIO                                 ', 'JR. SUCRE NRO. 388 BAR. LA FLORIDA CAJAMARCA - CAJAMARCA - CAJAMARCA       ', 241, 216, 29, 217, '945365260', '', 1, 1, 0, 1, 1, 4),
(167, '', '10097943007', 'CRUZ LLANO EUGENIO CARLOS                                   ', 'AV. MARISCAL CACERES #316 HUAMANGA-AYACUCHO                                ', 241, 216, 29, 217, '66528318', '', 1, 1, 0, 1, 1, 4),
(168, '', '10013456211', 'CRUZ LLANO ZORAIDA CARMEN                                   ', 'AV.MARISCAL CACERES 326 AYACUCHO - HUAMANGA - AYACUCHO                     ', 241, 216, 29, 217, '\"985824657,969821304 ,966800656   \"', 'PARABRISASPRISMACAR@HOTMA', 1, 1, 0, 1, 1, 4),
(169, '', '10098796326', 'CRUZ RAMOS IRMA                                             ', 'AV.DEFENSORES DEL MORRO MZE LT30 ASOC.SARITA COLONIA CHORRILLOS-LIMA       ', 241, 216, 29, 217, '990608661', '', 1, 1, 0, 1, 1, 4),
(170, '', '10036653332', 'CRUZ TINEO CHARITO                                          ', 'CAL. LAS LOMAS NRO. 203 A.H. EL OBRERO-SULLANANA                           ', 241, 216, 29, 217, '968960290', '', 1, 1, 0, 1, 1, 4),
(171, '', '10205900719', 'CUETO ONOFRE TITO VIDES                                     ', 'AV.PESCHIERA NRO. S/N  JUNIN - CHANCHAMAYO - CHANCHAMAYO                   ', 241, 216, 29, 217, '954085886', '', 1, 1, 0, 1, 1, 4),
(172, '', '10245766829', 'CUSI CCAPATINTA EDILBERTO                                   ', 'SICUANI-SICUANI-CUSCO                                                      ', 241, 216, 29, 217, '                                   ', '', 1, 1, 0, 1, 1, 4),
(173, '', '10479457609', 'CUYA SANCHEZ ROBERTO                                        ', 'JR.LOSTALLERES MZA.E LT16 INT.21 P.J.INDUSTRIAL EL NARANJAL                ', 241, 216, 29, 217, '                                   ', '', 1, 1, 0, 1, 1, 4),
(174, '', '20525962203', 'D & R E HIJOS REPRESENTACIONES Y DISTRIBUCIONES GENERALES   ', 'AV. GRAU NRO. 4009 A.H. SAN MARTIN III ETAPA -PIURA                        ', 241, 216, 29, 217, '073-360214                         ', '', 1, 1, 0, 1, 1, 4),
(175, '', '10428877654', 'DAMAS BOHORQUEZ JENNIFER                                    ', 'AV.PROCERES DE INDEPENDENCIA 1741 APV.SAN HILARION LIMA-S.J.L              ', 241, 216, 29, 217, '                                   ', '', 4, 1, 0, 1, 1, 4),
(176, '', '20532876461', 'D\'AMERICAN PARTS E.I.R.L.                                   ', 'CAL.TALARA NRO. 1430 TACNA-TACNA                                           ', 241, 216, 29, 217, '952888861', '', 1, 1, 0, 1, 1, 4),
(177, '', '20549122346', 'DANIEL CAR S.R.L.                                           ', 'AV. GERARDO UNGER NRO. 4599 INT. B LIMA - LIMA - INDEPENDENCIA             ', 241, 216, 29, 217, '                                   ', '', 1, 1, 0, 1, 1, 4),
(178, '', '10403930259', 'DANILA ANGELICA GARCIA SILVIA                               ', 'AV.METROPOLITANA MZ.J LT7 INT1A ASOC FORTALEZA DE VITARTE-LIMA             ', 241, 216, 29, 217, '942619045', '', 1, 1, 0, 1, 1, 4),
(179, '', '20553221049', 'DAVID SERVIS E.I.R.L.                                       ', 'AV.G.UNGER 4513 INT.90 URB. NARANJAL-LIMA - LIMA-S.M.P                     ', 241, 216, 29, 217, '981258297', '', 1, 1, 0, 1, 1, 4),
(180, '', '10180109876', 'DE LA CRUZ TUESTA MARIA DIOMIRA                             ', 'AV.CESAR VALLEJO 823 URB.PALERMO LA LIBERTAD -TRUJILLO -TRUJILLO           ', 241, 216, 29, 217, '                                   ', '', 1, 1, 0, 1, 1, 4),
(181, '', '10716579170', 'DE LA CRUZ ZEVALLOS EDERSON                                 ', 'AV. MANCO CCAQPAC #511-CUSCO - WANCHAQ                                     ', 241, 216, 29, 217, '#950889755     ', '', 1, 1, 0, 1, 1, 4),
(182, '', '20600458753', 'DECORVILM E.I.R.L.                                          ', 'AV.PACHACUTEC 3499 LIMA - LIMA - VILLA MARIA DEL TRIUNFO                   ', 241, 216, 29, 217, '951399650-943065353      ', '', 1, 1, 0, 1, 1, 4),
(183, '', '10178815542', 'DEZA DEZA ESDRAS MIGUEL                                     ', 'AV.CESAR VALLEJO  1617 INT.B PALOMAR-LA LIBERTAD - TRUJILLO                ', 241, 216, 29, 217, '996464232-977391606  ', '', 1, 1, 0, 1, 1, 4),
(184, '', '10407917851', 'DIAZ CALLA ALEXANDER ALFONSO                                ', 'AV.GERARDO UNGER 4475 INT.4  LIMA - LIMA - COMAS                           ', 241, 216, 29, 217, '                                   ', '', 2, 1, 0, 1, 1, 4),
(185, '', '10435744562', 'DIAZ CALLA JORGE LUIS                                       ', 'AV.GERARDO UNGER 4475 (INTERIOR STAND NRO 38) LIMA-LIMA-S.M.P              ', 241, 216, 29, 217, '                                   ', '', 1, 1, 0, 1, 1, 4),
(186, '', '10425386137', 'DIAZ CONTRERAS JAVIER RANULFO                               ', 'AV.CHACHAPOYAS NRO.1805 AMAZONAS- UTCUBAMBA -BAGUA GRANDE                  ', 241, 216, 29, 217, '955614261', '', 1, 1, 0, 1, 1, 4),
(187, '', '10414975718', 'DIAZ GAMARRA ANTERO MANUEL                                  ', 'AV. LOS INCAS NRO. 1065 LAMBAYEQUE - CHICLAYO - LA VICTORIA                ', 241, 216, 29, 217, '979903723', '', 1, 1, 0, 1, 1, 4),
(188, '', '10071656204', 'DIONICIO RAMIREZ MAGNOR ABDON                               ', '\"AV.GERARDO UNGER 4533 INT8,9 URB.EL NARANJAL LIMA -LIMA -INDEPENDENCIA     \"', 241, 216, 29, 217, '                                   ', '', 1, 1, 0, 1, 1, 4),
(189, '', '20452726051', 'DISTRIBUIDORA DE REPUESTOS Y SERVICIOS DIJOFRA S.R.L.       ', 'AV. LOS INCAS NRO. SN (2DA CUADR N° 215)ICA - NASCA - NASCA                ', 241, 216, 29, 217, '966660366', '', 1, 1, 0, 1, 1, 4),
(190, '', '', 'DORIS CAHUI                                                 ', 'PROCERES DE LA INDEPENDENCIA-SAN JUAN DE LURIGANCHO                        ', 241, 216, 29, 217, '                                   ', '', 1, 1, 0, 1, 1, 1),
(191, '', '20538773388', 'DURAN REPUESTOS Y SERVICIOS S.A.C                           ', 'AV.DE LOS HEROES #395-SJM                                                  ', 241, 216, 29, 217, '\"2765114, NEX:420*8727, 9898788148  \"', '', 1, 1, 0, 1, 1, 4),
(192, '', '10249936427', 'EGUIA CAMPANA LINDER                                        ', 'AV. MANCO CAPAC NRO. 604 WANCHAP CUSCO - CUSCO                             ', 241, 216, 29, 217, '                                   ', '', 1, 1, 0, 1, 1, 4),
(193, '', '20539819501', 'EL ARABE REPUESTOS DE AUTOS S.A.C.                          ', 'AV.TUPAC AMARU 1ER PISO #523 URB.LAS QUINTANAS-TRUJILLO-LA LIBERTAD        ', 241, 216, 29, 217, '*299875                            ', '', 1, 1, 0, 1, 1, 4),
(194, '', '', 'EL CHATO                                                    ', '                                                                           ', 241, 216, 29, 217, '7664782', '', 1, 1, 0, 1, 1, 1),
(195, '', '20564006646', 'EL FARAMALLA EMPRESA INDIVIDUAL DE RESPONSABILIDAD LIMITADA ', 'AV.DIAGONAL ANGAMOS #1860 WANCHAQ-CUSCO                                    ', 241, 216, 29, 217, '974965645-#984998000-MAYRA         ', '', 1, 1, 0, 1, 1, 4),
(196, '', '20477529900', 'EL INGE INVERSIONES JR S.A.C.                               ', 'MZ.D LT02 A.H.EL PALOMAR-TRUJILLO-LA LIBERTAD                              ', 241, 216, 29, 217, '\"*666602, #942535                   \"', '', 1, 1, 0, 1, 1, 4),
(197, '', '20601551129', 'EL MUNDO DE LOS ACCESORIOS AUTOMOTOS E.I.R.L                ', 'V. ANDRES AVELINO CACERES LOTE. 17 A.H. HUAYCAN ZONA B (66) LIMA - ATE     ', 241, 216, 29, 217, '947128094', '', 1, 1, 0, 1, 1, 4),
(198, '', '20494916208', 'EL PARAISO DE LOS REPUESTOS E.I.R.L.                    ', 'CAL.CONDE DE LA MONCLOVA #795                          ICA - PISCO         ', 241, 216, 29, 217, '\"056311997 , 056766127, 956091715   \"', '', 1, 1, 0, 1, 1, 4),
(199, '', '', 'ELVIS                                                       ', 'LA 50-SMP                                                                  ', 241, 216, 29, 217, '                                   ', '', 1, 1, 0, 1, 1, 1),
(200, '', '20331492630', 'EMBRAGUES Y FRENOS LOPEZ EIRL                               ', 'AV.LA MAR 151- ATE                                                         ', 241, 216, 29, 217, '3487473', '', 1, 1, 0, 1, 1, 4),
(201, '', '', 'EMILIA BELLIDO                                              ', 'VILLA MARIA                                                                ', 241, 216, 29, 217, '                                   ', '', 4, 1, 0, 1, 1, 1),
(202, '', '20530781250', 'EMPRESA COMERC. Y SERV. AUTO BOUTIQUE MISHELL S.R.L.        ', 'AV.INDEPENDENCIA #1970 ANCASH-HUARAZ-INDEPENDENCIA                         ', 241, 216, 29, 217, ' # 970031943-#959577216            ', '', 1, 1, 0, 1, 1, 4),
(203, '', '20563253950', 'EMPRESA DE TRANSPORTES DE CARGA PEPITO E.I.R.L.             ', 'ANDAHUAYLAS 735 (FREN A LA BIBLIOT.MUNICIPAL) LIMA-LIMA-LA VICTORIA        ', 241, 216, 29, 217, '987152331', '', 1, 1, 0, 1, 1, 4),
(204, '', '20536124404', 'EMPRESA DE TRANSPORTES PAREDES RECINES S.A.                 ', 'MZA.M LOTE. 8 COO.VIV PACHACUTEC  LIMA - LIMA - SANTA ANITA                ', 241, 216, 29, 217, '964887668', '', 5, 1, 0, 1, 1, 4),
(205, '', '20517903915', 'EQUIP CAR INDUSTRIAL S.R.L.                                 ', 'AV.MEXICO  790 (ENTRE APTAO Y MEXICO) LIMA - LIMA - LA VICTORIA            ', 241, 216, 29, 217, '981253234', '', 1, 1, 0, 1, 1, 4),
(206, '', '20559327604', 'EQUIPAMIENTOS SUCAR´S E.I.R.L.                              ', 'NRO. 118 CHANCAY AREQUIPA - AREQUIPA - MARIANO MELGAR                      ', 241, 216, 29, 217, '959741967', '', 1, 1, 0, 1, 1, 4),
(207, '', '', 'ERNESTO                                                     ', 'AV. JOSE CARLOS MARIATEGUI LOTE 39-HUAYCAN                                 ', 241, 216, 29, 217, '                                   ', '', 1, 1, 0, 1, 1, 1),
(208, '', '10404619361', 'ESCALANTE AGUIRRE FLORA                                     ', 'AV.PANAMERICANA KM.1 URB.BELLAVISTA BAJA APURIMAC-ABANCAY                  ', 241, 216, 29, 217, '959631111', '', 1, 1, 0, 1, 1, 4),
(209, '', '10181962475', 'ESCALANTE CERQUEIRA AISSA JANETTE                           ', 'CAL.GUZMAN BARRON #110 URB.PALERMO-TRUJILLO-LA LIBERTAD                    ', 241, 216, 29, 217, '\"#75079011, 975079011, 044226917, #9\"', '', 1, 1, 0, 1, 1, 4),
(210, '', '10209952373', 'ESCOBAR ALVA MARIELLA                                       ', 'CAR. MARGINAL 01 JUNIN - SATIPO - SATIPO                                   ', 241, 216, 29, 217, '964337823', '', 1, 1, 0, 1, 1, 4),
(211, '', '10084347839', 'ESCOBAR BALBIN JUANA MARIA                                  ', 'AV. NICOLAS AYLLON #685 URB.SAN JACINTO -LA VICTORIA                       ', 241, 216, 29, 217, '3236056', '', 1, 1, 0, 1, 1, 4);
INSERT INTO `cliente` (`id_clte`, `dni_clte`, `ruc_clte`, `nombre_clte`, `direcc_clte`, `pais_cte`, `depto_cte`, `provi_cte`, `dtto_clte`, `tlf_ctle`, `email_clte`, `vendedor_clte`, `estatus_ctle`, `condp_clte`, `sucursal_clte`, `lista_clte`, `tipoid_clte`) VALUES
(212, '', '10038340935', 'ESCOBAR CAMACHO RICARTE GONOFREDO                           ', 'AV.BUENOS AIRES 535 A.H. STA TERESITA PIURA-SULLANA                        ', 241, 216, 29, 217, '                                   ', '', 1, 1, 0, 1, 1, 4),
(213, '', '10198596928', 'ESCOBAR DE HINOSTROZA ALEJANDRA PROFETA                     ', 'JR.MARISCAL CACERES #199 JUNIN - HUANCAYO - CHILCA                         ', 241, 216, 29, 217, '                                   ', '', 1, 1, 0, 1, 1, 4),
(214, '', '10198818238', 'ESCOBAR JORA ELSA                                           ', 'JR. AMAZONAS  199 JUNIN - HUANCAYO - CHILCA                                ', 241, 216, 29, 217, '990270315', '', 1, 1, 0, 1, 1, 4),
(215, '', '10108307566', 'ESCOBEDO CERNA ROSA AMELIA                                  ', 'AV.10 DE JULIO 249 PBLO.HUAMACHUCO LA LIBERTAD-SANCHEZ CARRION             ', 241, 216, 29, 217, '                                   ', '', 1, 1, 0, 1, 1, 4),
(216, '', '10308377160', 'ESCUDERO CUBA JUAN CARLOS                                   ', 'MZA.F LOTE 2 APVIS SAN BORJA-MOLLENDO-AREQUIPA-AREQUIPA                    ', 241, 216, 29, 217, '                                   ', '', 1, 1, 0, 1, 1, 4),
(217, '', '10420901572', 'ESPIRILLA CALSINA AMERICO                                   ', 'AV.PROL. AV.AREQUIPA # 905 CUSCO - CANCHIS -SICUANI                        ', 241, 216, 29, 217, '                                   ', '', 1, 1, 0, 1, 1, 4),
(218, '', '10211066836', 'ESTRELLA PANDO RICHARD JHON                                 ', 'AV. MANUEL A ODRIA NRO. 919  JUNIN - TARMA - TARMA                         ', 241, 216, 29, 217, '989897962', '', 1, 1, 0, 1, 1, 4),
(219, '', '', 'EVA ESPINOZA                                                ', 'AV.IQUITOS 574                                                             ', 241, 216, 29, 217, '4337015', '', 1, 1, 0, 1, 1, 1),
(220, '', '10082920876', 'EVANGELISTA GARCIA CARLOS MANUEL                            ', 'AV.CESAR VALLEJO 606 URB.PALERMO LA LIBERTAD TRUJILLO TRUJILLO             ', 241, 216, 29, 217, '#044204876     ', '', 1, 1, 0, 1, 1, 4),
(221, '0', '', 'EWDIN QUISPE CONDOR                                         ', 'HUAYCAN                                                                    ', 241, 216, 29, 217, '                                   ', '', 5, 1, 0, 1, 1, 1),
(222, '', '20545625271', 'EXTINTORES MARCOS S.A.C                                     ', 'AV.SEPARADORA INDUSTRIAL MZD\' LT31 URB.PACHACAMAC 4TA ET-V.SALVADOR        ', 241, 216, 29, 217, '947291742-994131759      ', '', 2, 1, 0, 1, 1, 4),
(223, '', '20454269552', 'EZAP E.I.R.L.                                               ', 'CAL. PUNO NRO. 546 AREQUIPA - AREQUIPA - MIRAFLORES                        ', 241, 216, 29, 217, '958578821-054-285672-#977220938    ', '', 1, 1, 0, 1, 1, 4),
(224, '', '20489504341', 'FACTORIA PEPE E.I.R.L.                                      ', 'AV.TUPAC AMARU NRO.505 HUANUCO - AMARILIS                                  ', 241, 216, 29, 217, '                                   ', '', 1, 1, 0, 1, 1, 4),
(225, '', '10103835815', 'FARFAN LUCIANO ELENA MARIBEL                                ', 'AV. AUGUSTO B. LEGUIA 1206-CHICLAYO                                        ', 241, 216, 29, 217, '074-257257//*270533// 985726367 MON', '', 1, 1, 0, 1, 1, 4),
(226, '', '20491629798', 'FEDERAL TECH CORPORATION S.R.L.                             ', 'AV.VIA DE EVITAMIENTO SUR #710                             ASC. VICTOR RAUL', 241, 216, 29, 217, '#413190                            ', '', 1, 1, 0, 1, 1, 4),
(227, '', '', 'FELICIANA LARA DIAZ                                         ', 'AV-WIESE 330 E.M SAN JUAN DE LURIGANCHO                                    ', 241, 216, 29, 217, '968523590', '', 1, 1, 0, 1, 1, 1),
(228, '', '', 'FELIX JALISTO OLARTE                                        ', 'AV.PROLONGACION HUAYLAS M.D.LT 32-CHORRILLO                                ', 241, 216, 29, 217, '959109905', '', 1, 1, 0, 1, 1, 1),
(229, '', '10412836443', 'FERIL CHOCCA EDGAR                                          ', 'AV. MARIATEGUI NRO. 317 JUNIN - HUANCAYO - EL TAMBO                        ', 241, 216, 29, 217, '949052530', '', 3, 1, 0, 1, 1, 4),
(230, '', '10400729161', 'FERNANDEZ TANTAYAURI DAVID IVAN                             ', 'AV.MARIATRGUI 287 JUNIN - HUANCAYO - EL TAMBO                              ', 241, 216, 29, 217, '964750590', '', 1, 1, 0, 1, 1, 4),
(231, '', '10401808235', 'FERNANDEZ TANTAYAURI ORLANDO ROMAN                          ', 'AV. MARIATEGUI NRO. 240 B JUNIN - HUANCAYO-EL TAMBO                        ', 241, 216, 29, 217, '996844098', '', 3, 1, 0, 1, 1, 4),
(232, '', '20525066976', 'FIRENZE IMPORT & EXPORT E.I.R.L.                            ', 'PRL FRANCIA #1707-LA VICTORIA                                              ', 241, 216, 29, 217, '\"NEX:126*5606, 3245926, 3256828, 324\"', '', 1, 1, 0, 1, 1, 4),
(233, '', '', 'FLOR GARCIA                                                 ', 'AV.GERARDO UNGER S/N URB.INDUSTRIAL NARANJAL SMP-LIMA                      ', 241, 216, 29, 217, '                                   ', '', 1, 1, 0, 1, 1, 1),
(234, '', '10414917491', 'FLORA VIOLETA FLORES FLORES                                 ', 'CALL.PUNO 704 MIRAFLORES-AREQUIPA-AREQUIPA                                 ', 241, 216, 29, 217, '983461104', '', 3, 1, 0, 1, 1, 4),
(235, '', '10414618737', 'FLORES CHANCOLLA MISTER CESAR                               ', 'CAL. PUNO NRO. 600 MIRAFLORES-AREQUIPA-AREQUIPA                            ', 241, 216, 29, 217, '962533444', '', 3, 1, 0, 1, 1, 4),
(236, '', '10024322713', 'FLORES HUMPIRI TIMOTEA                                      ', 'JR. LIBERTAD #802 MANCO CAPAC PUNO-SAN ROMAN-JULIACA                       ', 241, 216, 29, 217, '950081189', '', 3, 1, 0, 1, 1, 4),
(237, '', '10471253052', 'FLORES LOPEZ JAVIER                                         ', 'PROL.LUCANAS #1273 URB.MATUTE-LA VICTORIA-LIMA                             ', 241, 216, 29, 217, '406-4109                           ', '', 1, 1, 0, 1, 1, 4),
(238, '', '10410090622', 'FLOREZ HUAMAN CASIANO                                       ', 'AV. MANCO CCAPAC NRO. 531  CUSCO - CUSCO - WANCHAQ                         ', 241, 216, 29, 217, '990681985', '', 3, 1, 0, 1, 1, 4),
(239, '', '20495992340', 'FOCSA E.I.R.L.                                              ', 'JR.SUCRE # 349 BR LA FLORIDA -  CAJAMARCA                                  ', 241, 216, 29, 217, '\"# 886539 , 076362828               \"', '', 1, 1, 0, 1, 1, 4),
(240, '', '20601815428', 'FRANCAR PERU E.I.R.L.                                       ', 'AV. SALAMANCA C-8 (ESQ CON JR GRAU) AMAZONAS-CHACHAPOYAS-CHACHAPOYAS       ', 241, 216, 29, 217, '994764070', '', 2, 1, 0, 1, 1, 4),
(241, '', '20495893015', 'FREIMINSA EIRL                                              ', 'JR. SUCRE # 473 BARRIO LA FLORIDA //        CAJAMARCA                      ', 241, 216, 29, 217, '\"976990554 , #259798, 975574497, #68\"', '', 1, 1, 0, 1, 1, 4),
(242, '', '20549881760', 'G & H INVERSIONES SUAREZ S.A.C.                             ', 'PJ. SIN NOMBRE MZA. 177 LOTE. 04 A.H. HUAYCAN ZONA N- ATE                  ', 241, 216, 29, 217, '                                   ', '', 1, 1, 0, 1, 1, 4),
(243, '', '10453532891', 'GALECIO RIOS TEOLINDA ELENA DESIREE                         ', 'AV. BUENOS AIRES NRO. 264 A.H. JUAN VELASCO-SULLANA                        ', 241, 216, 29, 217, '#945206857                         ', '', 1, 1, 0, 1, 1, 4),
(244, '', '10328603107', 'GAMARRA MICHER IRMA CONCEPCION                              ', 'MZA. A LOTE. 1 A.H. VILLA MARIA ENACE ANCASH-NUEVO CHIMBOTE                ', 241, 216, 29, 217, '#968149921                         ', '', 1, 1, 0, 1, 1, 4),
(245, '', '10801950529', 'GAMARRA PERALTA LUZ MARINA                                  ', 'JR.PAMPACHIRI 166 APURIMAC - ANDAHUAYLAS - ANDAHUAYLAS                     ', 241, 216, 29, 217, '964565646', '', 1, 1, 0, 1, 1, 4),
(246, '', '10239205475', 'GAMARRA PERALTA TOMASA                                      ', 'AV. SESQUICENTENARIO NRO.SN APURIMAC - ANDAHUAYLAS - ANDAHUAYLAS           ', 241, 216, 29, 217, '                                   ', '', 1, 1, 0, 1, 1, 4),
(247, '', '10098413681', 'GAMERO ESPIRITU RUTH CELIA                                  ', 'AV.MEXICO 1116 URB. BALCONCILLO LIMA - LIMA - LA VICTORIA                  ', 241, 216, 29, 217, '                                   ', '', 3, 1, 0, 1, 1, 4),
(248, '', '10005064282', 'GARCIA APAZA NORMA                                          ', 'MZ B LT.05 PARQ INDUSTRIAL TACNA - TACNA - ALTO DE LA ALIANZA              ', 241, 216, 29, 217, '952652682', '', 1, 1, 0, 1, 1, 4),
(249, '', '10406510358', 'GARCIA FLORES FLOR ISABET                                   ', 'AV.GERARDO UNGER 4513 LIMA - LIMA - S.M.P                                  ', 241, 216, 29, 217, '983276389', '', 1, 1, 0, 1, 1, 4),
(250, '', '10402514090', 'GIRALDO QUIÑONES WALTER FILOMENO                            ', 'AV CONFRAT. INTERNAC OES 920 BAR DE CHALLHUA ANCASH - HUARAZ - HUARAZ      ', 241, 216, 29, 217, '943194983', '', 1, 1, 0, 1, 1, 4),
(251, '', '10101856491', 'GOMERO CRISTOBAL DIOCELINDA CARMELA                         ', 'AV. NICOLAS AYLLON NRO. 687 LIMA - LIMA - SAN LUIS                         ', 241, 216, 29, 217, '940075663', '', 1, 1, 0, 1, 1, 4),
(252, '', '10070857095', 'GOMERO CRISTOBAL MARIZOL MILDA                              ', 'PJ. AROS NRO.142 P.J. SAN JACINTO LIMA - LIMA - SAN LUIS                   ', 241, 216, 29, 217, '947368047-983232135      ', '', 1, 1, 0, 1, 1, 4),
(253, '', '10449450502', 'GONGORA MORALES GARY JOHNATHAN                              ', 'AV.HUAYNA CCAPAC 302A (ALT. DE LA PISCINA DE WANCHAQ) CUSCO-CUSCO-CUSC     ', 241, 216, 29, 217, '                                   ', '', 1, 1, 0, 1, 1, 4),
(254, '', '10475442569', 'GONZALES CASACHAGUA JOSMAR TANIA                            ', 'AV. JACINTO IBARRA NRO. 490 JUNIN-HUANCAYO - HUANCAYO                      ', 241, 216, 29, 217, '977322909', '', 1, 1, 0, 1, 1, 4),
(255, '', '10083440096', 'GONZALES TRUJILLO DE DE LA CRUZ GRACIELA                    ', 'AV. EL COMERCIO 390  ANCASH - HUARI - RAHUAPAMPA                           ', 241, 216, 29, 217, '                                   ', '', 1, 1, 0, 1, 1, 4),
(256, '', '10192309455', 'GONZALEZ BENITES JOBA MARCELA                               ', 'AV. ENRIQUE VALENZUELA #198-PACASMAYO-LA LIBERTAD                          ', 241, 216, 29, 217, '044-521322                         ', '', 1, 1, 0, 1, 1, 4),
(257, '', '10152084337', 'GRACIANO VELLON FLORENCIA GENOBEBA                          ', 'AV.TUPAC AMARU 226 LIMA-HUAURA - HUACHO                                    ', 241, 216, 29, 217, '957582132', '', 1, 1, 0, 1, 1, 4),
(258, '', '10230097629', 'GRADOS TELLO MILTON BERNARDO                                ', 'AV.TUPAC AMARU 600 PAUCARBAMBA HUANUCO-HUANUCO - AMARILIS                  ', 241, 216, 29, 217, '958582805', '', 3, 1, 0, 1, 1, 4),
(259, '', '20546692672', 'GRELAMY S.A.C                                               ', 'AV.GER.UNGER 4465 INT10 A URB.INDUST.EL NARANJAL-LIMA-S.M.P                ', 241, 216, 29, 217, '981027411-5213609        ', '', 1, 1, 0, 1, 1, 4),
(260, '', '20486515776', 'GRUPO BALDEON SOCIEDAD ANONIMA CERRADA                      ', 'AV. MANUEL A. ODRIA NRO. 2178 URB. HUALHUAS CHICO JUNIN - TARMA - TARM     ', 241, 216, 29, 217, '                                   ', '', 1, 1, 0, 1, 1, 4),
(261, '', '20568145403', 'GRUPO MEJICANO E.I.R.L                                      ', 'AV. MARIATEGUI 336 JUNIN - HUANCAYO-EL TAMBO                               ', 241, 216, 29, 217, '954488333', '', 3, 1, 0, 1, 1, 4),
(262, '', '20600150201', 'GRUPO VILCAR S.R.L.                                         ', 'MZ. Ñ2 LT. 9A MADRE COVADONGA AYACUCHO - HUAMANGA - AYACUCHO               ', 241, 216, 29, 217, '957554182-#010125        ', '', 2, 1, 0, 1, 1, 4),
(263, '', '10616601348', 'GUERRA LEÑAN RAFAEL                                         ', 'JR. BELLAVISTA 192  AYACUCHO - HUAMANGA - AYACUCHO                         ', 241, 216, 29, 217, '944800102', '', 1, 1, 0, 1, 1, 4),
(264, '', '10467114951', 'GUERRERO MORETO EDITH KOOKI                                 ', 'AV. AUGUSTO.B.LEGUIA NRO. 951 INT. 86 URB. FERIA SAN LORENZO               ', 241, 216, 29, 217, '#945345500     ', '', 1, 1, 0, 1, 1, 4),
(265, '', '10011607042', 'GUEVARA SALON ALEX                                          ', 'JR. LIBERTAD NRO. 161 HUAYCO SAN MARTIN - SAN MARTIN - TARAPOTO            ', 241, 216, 29, 217, '                                   ', '', 2, 1, 0, 1, 1, 4),
(266, '', '10082147506', 'GUIZADO GAGO LUIS ANDRES                                    ', 'CAL.SEGOVIA MZ.C LT9 URB.MAYORAZGO-ATE                                     ', 241, 216, 29, 217, '\"3497435,  946533933                \"', '', 1, 1, 0, 1, 1, 4),
(267, '', '10421699165', 'GUTIERREZ GOMEZ LUIS ANGEL                                  ', 'CAR.CENTRAL 3425 URB.CAYHUAYNA HUANUCO - HUANUCO - HUANUCO                 ', 241, 216, 29, 217, '962570279', '', 3, 1, 0, 1, 1, 4),
(268, '', '10459121671', 'GUTIERREZ PALPA ROX MERY                                    ', 'AV.GERARDO UNGER 4475 INT.19 URB.IND EL NARANJAL-S.M.P                     ', 241, 216, 29, 217, '993853349-982566127     ', '', 1, 1, 0, 1, 1, 4),
(269, '', '10316292068', 'GUZMAN ROSARIO ZENAIDA ARMANDA                              ', 'AV.CONFRAT. INTERN. OESTE # 457-ANCASH                                     ', 241, 216, 29, 217, '\"043423115 , # 285626               \"', '', 1, 1, 0, 1, 1, 4),
(270, '', '10406703784', 'GUZMAN TICONA MARGOT SILVIA                                 ', 'AV.SIMON BOLIVAR 1277 BARRIO PORTEñO-PUNO-PUNO                             ', 241, 216, 29, 217, '976588366', '', 3, 1, 0, 1, 1, 4),
(271, '', '20481589194', 'GZM EIRL                                                    ', 'AV.PERU #916 BAR.LA INTENDENCIA-TRUJILLO-LA LIBERTAD                       ', 241, 216, 29, 217, '225283', '', 1, 1, 0, 1, 1, 4),
(272, '', '10023678875', 'HANCCO LIPA SIMON                                           ', 'JR. LIBERTAD NRO. 825 LAS MERCEDES-SAN ROMAN-JULIACA                       ', 241, 216, 29, 217, '\"051-337139, 951013882              \"', '', 3, 1, 0, 1, 1, 4),
(273, '', '10415053784', 'HERNANDEZ IZQUIERDO ANAHI ZULEYKA                           ', 'PJ. LOS AROS NRO. 158 P.J. SAN JACINTO LIMA - LIMA - SAN LUIS              ', 241, 216, 29, 217, '2383891', '', 1, 1, 0, 1, 1, 4),
(274, '', '10438610753', 'HERRERA HUAMANI CARLOS                                      ', 'AV.PANAMERICANA KM.02 URB. BELLAVISTA BAJA APURIMAC -ABANCAY - ABANCAY     ', 241, 216, 29, 217, '956006869', '', 1, 1, 0, 1, 1, 4),
(275, '', '10414888327', 'HERRERA HUAMANI JORGE                                       ', 'AV.PANAMERICANA MZA.B LT13 APURIMAC - ABANCAY - ABANCAY                    ', 241, 216, 29, 217, '933255978', '', 2, 1, 0, 1, 1, 4),
(276, '', '10412548677', 'HERRERA HUAMANI MARICELA                                    ', 'AV.PANAMERICANA NRO.S/N URB.BELLAVISTA BAJA APURIMAC-ABANCAY-ABANCAY       ', 241, 216, 29, 217, '#9984 06017 -983984561      ', '', 2, 1, 0, 1, 1, 4),
(277, '', '10327326851', 'HIDALGO BARRIOS LUIS ALVARO                                 ', 'AV. JOSE PARDO NRO. 1194 CHIMBOTE                                          ', 241, 216, 29, 217, '327-383                            ', '', 1, 1, 0, 1, 1, 4),
(278, '', '10739993283', 'HINOSTROZA TAPIA RAUL FERNANDO                              ', 'AV JOSE CARLOS MARIATEGUI 332 JUNIN - HUANCAYO - EL TAMBO                  ', 241, 216, 29, 217, '920450201', '', 3, 1, 0, 1, 1, 4),
(279, '', '10418981801', 'HUACASI CAHUINA FERREYROS                                   ', 'JR.URGUAY 540 URB.SANTA ASUNCION PUNO - SAN ROMAN - JULIACA                ', 241, 216, 29, 217, '995005053', '', 3, 1, 0, 1, 1, 4),
(280, '', '10420359620', 'HUACCHILLO PARDO EDGAR JOEL                                 ', 'MZA. A2 LOTE. 07 URB. SAN RAMON -PIURA - PIURA - PIURA                     ', 241, 216, 29, 217, '                                   ', '', 1, 1, 0, 1, 1, 4),
(281, '', '10430744998', 'HUAMAN ALHUAY RUTH GLEYBES                                  ', 'AV.OLLANTA HUMALA MZC LT10 A.H.3 DE MAYO JUNIN-CHANCHAMAYO -PICHANAQUI     ', 241, 216, 29, 217, '*6917991       ', '', 1, 1, 0, 1, 1, 4),
(282, '', '10703284391', 'HUAMAN CHAMBI ALEX CIPRIANO                                 ', 'MZA PZ LOTE.07 URB.ESCURI CCORIHUATA ABAJO-PUNO-SAN ROMAN -JULIACA         ', 241, 216, 29, 217, '                                   ', '', 1, 1, 0, 1, 1, 4),
(283, '', '10094620690', 'HUAMAN NAURAY ERNESTO MOISES                                ', 'AV. MANCCO CCAPAC # 525WANCHAQ- CUSCO                                      ', 241, 216, 29, 217, '                                   ', '', 1, 1, 0, 1, 1, 4),
(284, '', '10410897674', 'HUAMAN PASTOR EVELYN JULIANA                                ', 'AV.VIA DE EVITAMIENTO NORTE # 1901                   URB. SAN ROQUE - CAJAM', 241, 216, 29, 217, '*787628                            ', '', 1, 1, 0, 1, 1, 4),
(285, '', '10773319273', 'HUAMAN RENDON ANALI                                         ', 'AV.HUAYNA CAPAC 315 CUSCO-CUSCO - WANCHAQ                                  ', 241, 216, 29, 217, '931027224', '', 1, 1, 0, 1, 1, 4),
(286, '', '10422505968', 'HUAMAN RENGIFO JOEL CARLOS                                  ', 'AV. MARIATEGUI NRO. 285 JUNIN - HUANCAYO - EL TAMBO                        ', 241, 216, 29, 217, '                                   ', '', 1, 1, 0, 1, 1, 4),
(287, '', '10103708023', 'HUAMBO QUISPE FLORA ROSA                                    ', 'CAL. PUNO NRO. 555B AREQUIPA - AREQUIPA - MIRAFLORES                       ', 241, 216, 29, 217, '                                   ', '', 1, 1, 0, 1, 1, 4),
(288, '', '10096579379', 'HUAMBO QUISPE SAMUEL BERNARDINO                             ', 'MZA. A LOTE. 17 APV FORTALEZA DE VITARTE LIMA - LIMA - ATE                 ', 241, 216, 29, 217, '                                   ', '', 1, 1, 0, 1, 1, 4),
(289, '', '10098231965', 'HUANCA APO OLGA                                             ', 'AV.PACHACUTEC 3353 URB.HOGAR POLICIAL VILLA MARIA TRIUNFO                  ', 241, 216, 29, 217, '                                   ', '', 1, 1, 0, 1, 1, 4),
(290, '', '10424697422', 'HUANCARUNA ROMERO MARIA LEYBI                               ', 'CAJAMARCA SUR 660 SAN MARTIN - RIOJA - NUEVA CAJAMARCA                     ', 241, 216, 29, 217, '941800413', '', 1, 1, 0, 1, 1, 4),
(291, '', '10403597045', 'HUANGAL BAZAN ROSA CONSUELO                                 ', 'JR.SUCRE # 420 BR LA FLORIDA -  CAJAMARCA                                  ', 241, 216, 29, 217, '#0011623 //                        ', '', 1, 1, 0, 1, 1, 4),
(292, '', '10480536474', 'HUAQUISTO MARONA FRANK LUIS                                 ', 'JR LIBERTAD 8VA CDA PAB-A TDA-9 NRO.9 MANCO CAPAC-PUNO-SAN ROMAN-JULIA     ', 241, 216, 29, 217, '951854285', '', 1, 1, 0, 1, 1, 4),
(293, '', '10410185453', 'HUARACHI ACCARAPI TEODOSIA                                  ', 'PJ.LIBERTAD 876A BARRIO MANCO CAPAC  PUNO - SAN ROMAN - JULIACA            ', 241, 216, 29, 217, '995005053', '', 1, 1, 0, 1, 1, 4),
(294, '', '10198469101', 'HUARANCCA TUNQUE JULIA                                      ', '                                                                           ', 241, 216, 29, 217, '                                   ', '', 1, 1, 0, 1, 1, 4),
(295, '', '10326492456', 'HUARANGA LEON LEONIDAS                                      ', 'JR. LIMA NRO. S/N (CUADRA 13)LIMA - BARRANCA - BARRANCA                    ', 241, 216, 29, 217, '999008555', '', 1, 1, 0, 1, 1, 4),
(296, '', '10412911909', 'HUARAQUI TRABESAÑO MARISOL                                  ', 'AV. GERVASIO SANTILLANA NRO. 1382 AYACUCHO - HUANTA - HUANTA               ', 241, 216, 29, 217, '#994481827-936704493-988057555     ', '', 2, 1, 0, 1, 1, 4),
(297, '', '10443177553', 'HUARCA CASTRO YANET                                         ', 'AV. TAMBOPATA LT16 S/N - PUERTO MALDONADO                                  ', 241, 216, 29, 217, '\"982309418 , 982710401              \"', 'YANETHUARCACASTRO@GMAIL.C', 1, 1, 0, 1, 1, 4),
(298, '', '10094720449', 'HUAYAPA BERROCAL JACINTA LADY                               ', 'JR.GERARDO UNGER #4333-INDEPENDENCIA                                       ', 241, 216, 29, 217, '990851393', '', 1, 1, 0, 1, 1, 4),
(299, '', '10452078444', 'HUAYHUA PEREZ EDWIN                                         ', 'CAL. PUNO NRO. 655 AREQUIPA - AREQUIPA - MIRAFLORES                        ', 241, 216, 29, 217, '954644544-957897815      ', '', 1, 1, 0, 1, 1, 4),
(300, '', '', 'HUGO VILLANEUVA COLLAZOS                                    ', 'AV.AUGUSTO B.LEGUIA 1253-CHICLAYO                                          ', 241, 216, 29, 217, '074-222380                         ', '', 1, 1, 0, 1, 1, 1),
(301, '', '10015360912', 'HUISA AVENDAÑO MARIA ANTONIETA                              ', 'AV. MANCO CCAPAC # 500 WANCHAQ- CUSCO                                      ', 241, 216, 29, 217, '\"084784580 , 974999188              \"', '', 3, 1, 0, 1, 1, 4),
(302, '', '10015360904', 'HUISA AVENDAÑO, BENIGNA', 'AV. HUAYNA CAPAC # 301 WANCHAQ-CUSCO                                       ', 241, 216, 29, 217, '                                   ', '', 1, 1, 0, 1, 1, 4),
(303, '', '10449571792', 'HURTADO LIMA ALIDA VENUS                                    ', 'AV.FIZTCARRALD MZ 6A LT.11MADRE DE DIOS - TAMBOPATA - TAMBOPATA            ', 241, 216, 29, 217, '948126406-940191179     ', 'ALIFORESTAL@GMAIL.COM    ', 1, 1, 0, 1, 1, 4),
(304, '', '10274332927', 'IDROGO BENAVIDES VICTOR HUGO                                ', 'JR. EDELMIRA SILVA NRO. 600 CAJAMARCA - CHOTA - CHOTA                      ', 241, 216, 29, 217, '976620385', '', 1, 1, 0, 1, 1, 4),
(305, '', '20511106339', 'IMPORT Y EXPORT MEXICO SCRL                                 ', 'AV.MEJICO 1326 (ENTRE MEJICO Y PARINACOCHAS) LIMA- LIMA - LA VICTORIA      ', 241, 216, 29, 217, '3235226-3255508        ', 'ROSMERYIEM@GMAIL.COM     ', 1, 1, 0, 1, 1, 4),
(306, '', '20490112619', 'IMPORTACIONES AUTOPARTES IQUIQUE MOTOR\'S SAC                ', 'AV. MANCO CAPAC # 341 WANCHAQ- CUSCO                                       ', 241, 216, 29, 217, '\"974948383, 084242416               \"', 'GRISCARITO_1@HOTMAIL.COM ', 3, 1, 0, 1, 1, 4),
(307, '', '20555181575', 'IMPORTACIONES CYAM DIESEL E.I.R.L.                          ', 'AV.LOS ALISOS 555 URB.MICAELA BASTIDAS LIMA - LOS OLIVOS                   ', 241, 216, 29, 217, '                                   ', '', 1, 1, 0, 1, 1, 4),
(308, '', '20100835321', 'IMPORTACIONES ESPINOZA S.A.                                 ', 'JR.TRES AVENIDAS #127 URB.APOLO-LA VICTORIA                                ', 241, 216, 29, 217, '\"RPC:989048053, RPM:#275603, 4736914\"', '', 1, 1, 0, 1, 1, 4),
(309, '', '20564236994', 'IMPORTACIONES FLORES K E.I.R.L                              ', 'AV.PANAMERICANA SN URB.LAS AMERICAS-APURIMAC - ABANCAY - ABANCAY           ', 241, 216, 29, 217, '982517939', '', 1, 1, 0, 1, 1, 4),
(310, '', '20536896989', 'IMPORTACIONES MANTARO MOTORS S.A.C.                         ', 'AV. VENEZUELA  # 1463 LIMA - LIMA - BREÑA                                  ', 241, 216, 29, 217, '\"3391431,  990272293                \"', '', 1, 1, 0, 1, 1, 4),
(311, '', '20523825136', 'IMPORTACIONES TAKE S.A.C.                                   ', 'AV. LOS ALISOS NRO. 247 URB. NARANJAL LIMA - LIMA - SAN MARTIN DE PORRES   ', 241, 216, 29, 217, '                                   ', '', 1, 1, 0, 1, 1, 4),
(312, '', '20516814528', 'IMPORTACIONES VIL JUNIOR SAC                                ', 'JR.RAYMONDI NRO. 219 DPTO. 501-LA VICTORIA-LIMA                            ', 241, 216, 29, 217, '                                   ', '', 1, 1, 0, 1, 1, 4),
(313, '', '', 'IMPORTACIONES Y DISTRIBUCIONES LA REPUESTERA  // MARIA H.CAS', 'CALLE RAMIRO PRIALE 140                                                    ', 241, 216, 29, 217, '994147628 //NEX:414*7628 // #044260', '', 1, 1, 0, 1, 1, 1),
(314, '', '20538615553', 'IMPORTADORA DAIKI MOTOR\'S S.A.C.                            ', 'AV.LOS HEROES #413B COO.CIUDAD DE DIOS-SJM-LIMA                            ', 241, 216, 29, 217, '2769944', '', 1, 1, 0, 1, 1, 4),
(315, '', '20477300821', 'IMPORTADORA DE REPUESTOS OBAJ S.A.C.                        ', 'AV. CESAR VALLEJO NRO. 865 URB. ARANJUEZ LA LIBERTAD - TRUJILLO - TRUJ     ', 241, 216, 29, 217, '956724695', '', 1, 1, 0, 1, 1, 4),
(316, '', '20537474344', 'IMPORTADORA MEXICO E.I.R.L.                                 ', 'AV.MEXICO #1190-LA VICTORIA                                                ', 241, 216, 29, 217, '3236243', '', 1, 1, 0, 1, 1, 4),
(317, '', '20566492980', 'IMPORTADORA Y DISTRIBUIDORA CAROL S.AC.                     ', 'JR.LOS TALLERES MZ E LT.16 URB.IND EL NARANJAL LIMA-LIMA- S.M.P            ', 241, 216, 29, 217, '951304738', '', 1, 1, 0, 1, 1, 4),
(318, '', '20504924603', 'IMPRE JUNIOR E.I.R.L.                                       ', 'AV.IQUITOS #109-LA VICTORIA                                                ', 241, 216, 29, 217, '                                   ', '', 1, 1, 0, 1, 1, 4),
(319, '', '20563489996', 'INVERSIONES ARI & PER E.I.R.L                               ', 'PJ. HUASCAR NRO. 122 URB. LA ASUNCION LIMA - LIMA - SAN LUIS               ', 241, 216, 29, 217, '13234530', '', 1, 1, 0, 1, 1, 4),
(320, '', '', 'INVERSIONES ARTURO S.A.C.                                   ', 'AV.ANDRES A.CACERES UCV 2 LT 11 A.H. HUAYCAN ZONA O-ATE-LIMA               ', 241, 216, 29, 217, '                                   ', '', 1, 1, 0, 1, 1, 1),
(321, '', '20602861962', 'INVERSIONES AUTOMOTRIZ L & M                                ', 'AV.GERARDO UNGER 4553 INT.2 URB.NARANJAL INDUSTRIAL-INDEPENDENCIA-LIMA     ', 241, 216, 29, 217, '                                   ', '', 2, 1, 0, 1, 1, 4),
(322, '', '20502846206', 'INVERSIONES CANTA GAS S.A.C.                                ', 'CAR.CARRETERA CAJAMARQUILLA NRO. S/N INT. 87-6 PARCELAC.CAJAMARQUILLA- LURI', 241, 216, 29, 217, '\"998094172,    #964887668           \"', '', 1, 1, 0, 1, 1, 4),
(323, '', '20517133117', 'INVERSIONES CASTILLO E HIJAS S.AC.                          ', 'AV.GERARDO UNGER 4553 INT.1-2 URB.INDUSTRIAL NARANJAL                      ', 241, 216, 29, 217, '998391636-981470128     ', '', 2, 1, 0, 1, 1, 4),
(324, '', '20507787381', 'INVERSIONES CORPORALES LEON S.A.C.                          ', 'CAL.LOS AROS 139 URB.SAN JACINTO LIMA - LIMA - SAN LUIS                    ', 241, 216, 29, 217, '                                   ', '', 1, 1, 0, 1, 1, 4),
(325, '', '20556596302', 'INVERSIONES EFRAIN PALOMINO CAMPO S.A.C.                    ', 'AV.PROCERES DE LA INDEP.MZA. B1 LT.22 APV.LOS PINOS S.J.L                  ', 241, 216, 29, 217, '                                   ', '', 1, 1, 0, 1, 1, 4),
(326, '', '20548575941', 'INVERSIONES FRANQUITO S.R.L.                                ', 'AV.GERARDO UNGER 4513 INT.10 URB.INDUSTRIAL NARANJAL                       ', 241, 216, 29, 217, '947279777', '', 1, 1, 0, 1, 1, 4),
(327, '', '20454095201', 'INVERSIONES GENERALES  BEN-PACK EIRL                        ', 'JR.SUCRE 493 - CAJAMARCA                                                   ', 241, 216, 29, 217, '76341302', '', 1, 1, 0, 1, 1, 4),
(328, '', '20602036511', 'INVERSIONES GENERALES VICA EIRL                             ', 'JR. SUCRE NRO. 434A BAR. LA FLORIDA CAJAMARCA - CAJAMARCA - CAJAMARCA      ', 241, 216, 29, 217, '                                   ', '', 1, 1, 0, 1, 1, 4),
(329, '', '20602357202', 'INVERSIONES IVAN SAIR S.C.R.L                               ', 'JR.SANTA ISABEL 1569 (ENTRE MARIAT Y F.QUISPE) JUNIN-HUANCAYO-EL TAMBO     ', 241, 216, 29, 217, '                                   ', '', 3, 1, 0, 1, 1, 4),
(330, '', '20548255954', 'INVERSIONES JERUMLIKA S.A.C.                                ', 'PJ. LOS FAROS NRO. 154 URB. SAN JACINTO LIMA - LIMA - SAN LUIS             ', 241, 135, 15, 135, '324-5511    ', '', 2, 1, 1, 1, 1, 4),
(331, '', '20510437072', 'INVERSIONES LUCHITO S.R.L                                   ', 'PASAJE LOS AROS 124 SAN.JACINTO LA VICTORIA-LA VICTORIA                    ', 241, 216, 29, 217, '4734972', '', 1, 1, 0, 1, 1, 4),
(332, '               ', '20493905997', 'INVERSIONES MAYABY E.I.R.L.', 'JR.CUSCO 458 SAN MARTIN  - SAN MARTIN  - TARAPOTO           ', 241, 216, 29, 217, '', '                                                  ', 2, 1, 0, 1, 1, 4),
(333, '', '20445742091', 'INVERSIONES MELIRIS S.R.L.                                  ', 'AV. PROLG.PARDO 1148 MIRAMAR BAJO-ANCASH-CHIMBOTE                          ', 241, 216, 29, 217, '043-792601/943012500/943215035/9942', '', 2, 1, 0, 1, 1, 4),
(334, '               ', '20546237801', 'INVERSIONES MONTALVO E HIJOS E.I.R.L.', 'AV. BOLIVAR NRO. 186 - LIMA HUAROCHIRI SANTA EULALIA', 241, 216, 29, 217, '', '                                                  ', 5, 1, 0, 1, 1, 4),
(335, '', '20481753091', 'INVERSIONES PINTO SAC                                       ', 'AV. CESAR VALLEJO #1710 INT.B A.H.SAN CARLOS-TRUJILLO-LA LIBERTAD          ', 241, 216, 29, 217, '\"044-3784824, #335480, 044380309    \"', 'INVERSIONESPINTO@HOTMAIL.', 1, 1, 0, 1, 1, 4),
(336, '', '20445483134', 'INVERSIONES QUISPE E.I.R.L.                                 ', 'V. JOSE PARDO NRO. 1325-CHIMBOTE                                           ', 241, 216, 29, 217, '944432200', '', 1, 1, 0, 1, 1, 4),
(337, '', '20529513721', 'INVERSIONES RAM CARS EIRL                                   ', 'AV.VIA DE EVITAMIENTO SUR # 746 - CAJAMARCA                                ', 241, 216, 29, 217, '\"976018248 , # 602170               \"', '', 1, 1, 0, 1, 1, 4),
(338, '', '20558606453', 'INVERSIONES SUJEY S.A.C                                     ', 'CAL.CHANCAY #118 AREQUIPA- AREQUIPA- MARIANO MELGAR                        ', 241, 216, 29, 217, '                                   ', '', 1, 1, 0, 1, 1, 4),
(339, '', '20479647250', 'INVERSIONES TICO\'S JOSE MIGUEL EMPRESA INDIVIDUAL DE RESPONS', 'CAL. AYACUCHO #899 P.J. GARCES LAMBAYEQUE-CHICLAYO-JOSE LEONARDO ORTIZ     ', 241, 216, 29, 217, '\"RPM #985245313, 251038             \"', '', 1, 1, 0, 1, 1, 4),
(340, '', '20602264794', 'INVERSIONES TM&HT E.I.R.L                                   ', 'AV.CARLOS CH. HIRAOKA NRO.SN CHILLICOPAMPA AYACUCHO - HUANTA - HUANTA      ', 241, 216, 29, 217, '                                   ', '', 2, 1, 0, 1, 1, 4),
(341, '', '20601945569', 'INVERSIONES Y ACCESORIOS BRICAR E.I.R.L.                    ', 'AV. JOSE CARLOS MARIATEGUI NRO.330 INT. 19 JUNIN - HUANCAYO - EL TAMBO     ', 241, 216, 29, 217, '                                   ', '', 3, 1, 0, 1, 1, 4),
(342, '', '10473109471', 'ISABEL CONDORI SALAZAR                                      ', 'AV.HUAYNA CCAPAC #311-WANCHAQ-CUSCO                                        ', 241, 216, 29, 217, '                                   ', '', 1, 1, 0, 1, 1, 4),
(343, '', '', 'J & K REPUESTOS E.I.R.L.                                    ', 'AV.CESAR VALLEJO #1031 URB. ARANJUEZ-TRUJILLO-LA LIBERTAD                  ', 241, 216, 29, 217, '044-243968                         ', '', 1, 1, 0, 1, 1, 1),
(344, '', '20481119040', 'J & K REPUESTOS E.I.R.L.                                    ', 'AV.CESAR VALLEJO#1031 URB.ARANJUEZ-TRUJILLO-LA LIBERTAD                    ', 241, 216, 29, 217, '*257961                            ', '', 1, 1, 0, 1, 1, 4),
(345, '', '20494514151', 'J & L RALLY GLASS E.I.R.L.                                  ', 'JR.CIRO ALEGRIA #200-HUAMANGA - AYACUCHO                                   ', 241, 216, 29, 217, '\"966013579,066319829,#039485,0663198\"', '', 1, 1, 0, 1, 1, 4),
(346, '               ', '20536732102', 'J.V. SANTA ROSA E.I.R.L                                     ', 'PJ. LOS AROS #165 P.J.SAN JACINTO-SAN LUIS-LA VICTORIA      ', 241, 216, 29, 217, '\"7918220, 991072681  \"', '                                                  ', 1, 1, 0, 1, 1, 4),
(347, '               ', '10266862640', 'JAHUIRA CONDORI MARIA RAYTA                                 ', 'JR.SUCRE # 392 BARR.LA FLORIDA CAJAMARCA                    ', 241, 216, 29, 217, '\"#076357948 , #956674\"', '                                                  ', 1, 1, 0, 1, 1, 4),
(348, '', '20525909141', 'JC REPUESTOS Y SERVICIOS EIRL                               ', 'AV.PROLONGACION GRAU 3821.AH SAN MARTIN-PIURA                              ', 241, 216, 29, 217, '\"073-360232, 073-320162 JORGE JIMENE\"', '', 1, 1, 0, 1, 1, 4),
(349, '               ', '20490016571', 'JC SERVILLANTAS & COMERCIO EL ZORRO E.I.R.L                 ', 'PJ. JOSEFINA CAMACHO NRO. 135 MADRE DE DIOS - TAMBOPATA - TA', 241, 216, 29, 217, '982317941', '                                                  ', 1, 1, 0, 1, 1, 4),
(350, '', '', 'JORGE SICHES GOICOCHEA                                      ', '                                                                           ', 241, 216, 29, 217, '994091905', '', 1, 1, 0, 1, 1, 1),
(351, '', '', 'JUSTINA CLARISA CAPCHA AQUINO                               ', 'AV.MEXICO 1745 URB SAN GERMAN                                              ', 241, 216, 29, 217, '3250856 /995001756                 ', '', 1, 1, 0, 1, 1, 1),
(352, '', '20547031475', 'JV MOTORS SOCIEDAD ANONIMA CERRADA                          ', 'AV. GERARDO UNGER NRO. 4503 Z.I. NARANJAL LIMA - LIMA - INDEPENDENCIA      ', 241, 216, 29, 217, '947120376', '', 1, 1, 0, 1, 1, 4),
(353, '', '', 'JV REPUESTOS Y SERVICIOS GENERALES SRL                      ', 'JR.SUCRE 395-CAJAMARCA                                                     ', 241, 216, 29, 217, '976462680/#765058                  ', '', 1, 1, 0, 1, 1, 1),
(354, '', '20487935256', 'LA CASA DE LAS MICAS E IMPORTACIONES SAC                    ', 'AV. LEGUIA NRO. 1259-CHICLAYO                                              ', 241, 216, 29, 217, '\"979903723 ANTERO, 074270991- RPM*27\"', '', 1, 1, 0, 1, 1, 4),
(355, '', '20398907630', 'LA CASA DE LAS MICAS SRL                                    ', 'AV.LORETO 1311-PIURA                                                       ', 241, 216, 29, 217, '\"073-307296, RPM:#680311            \"', '', 2, 1, 0, 1, 1, 4),
(356, '', '20559330737', 'LA CASA DE LOS FAROS Y MICAS E.I.R.L.                       ', 'CAL. PUNO NRO. 647  AREQUIPA - AREQUIPA - MIRAFLORES                       ', 241, 216, 29, 217, '998552738', 'VMARIN_14_8@HOTMAIL.COM  ', 3, 1, 0, 1, 1, 4),
(357, '', '20559641732', 'LA CASA DEL FARO S.A.C.                                     ', 'AV. PERU# 939 URB. LA INTENDENCIA-TRUJILLO-LA LIBERTAD                     ', 241, 216, 29, 217, '44611075-968487868-944690001       ', '', 1, 1, 0, 1, 1, 4),
(358, '', '20522417409', 'LA PEQUEÑA TIENDITA S.A.C.                                  ', 'AV.MEJICO #1649-LA VICTORIA                                                ', 241, 216, 29, 217, '\"3247601, NEX: 120*7700, 992898224, \"', '', 1, 1, 0, 1, 1, 4),
(359, '', '20542710340', 'LA VEINTIUNO E.I.R.L                                        ', 'JR.LIBERTAD SN INT. 21 PUNO - SAN ROMAN - JULIACA                          ', 241, 216, 29, 217, '#942942061     ', '', 1, 1, 0, 1, 1, 4),
(360, '', '10412941204', 'LAOR MAXIMILIANO KARINA CONCEPCION                          ', 'AV.MARIATEGUI 285 (ENTRE STA ISABEL Y GRAU)JUNIN - HUANCAYO - EL TAMBO     ', 241, 216, 29, 217, '954431404', '', 1, 1, 0, 1, 1, 4),
(361, '25147896', '', 'LARA                                                        ', 'PROCERES DE LA INDEPNDENCIA SAN JUAN D ELURIGANCHO                         ', 241, 216, 29, 217, '                                   ', '', 4, 1, 1, 1, 1, 2),
(362, '', '10070297464', 'LEON OSCCO CARMELA                                          ', 'AV.4 DE DICIEMBRE MZ A H31- CHORRILLOS                                     ', 241, 216, 29, 217, '\"997750694, 995918365               \"', '', 1, 1, 0, 1, 1, 4),
(363, '', '20529368616', 'LINE ZONA CAR E.I.R.L.                                      ', 'JR.SUCRE #436 BR LA FLORIDA -  CAJAMARCA                                   ', 241, 216, 29, 217, '.                                  ', '', 1, 1, 0, 1, 1, 4),
(364, '', '10024333499', 'LIPA EDITH MERCEDES                                         ', 'JR.TARMA 167 BARRIO LAS MERCEDES PUNO - SAN ROMAN - JULIACA                ', 241, 216, 29, 217, '958481150', '', 1, 1, 0, 1, 1, 4),
(365, '', '10406735953', 'LLACHI LAURENTE MONICA YRENE                                ', 'JR.LIBERTAD 928 BARRIO MANCOCAPAC-JULIACA-JULIACA                          ', 241, 216, 29, 217, '995050677', '', 1, 1, 0, 1, 1, 4),
(366, '', '10705165535', 'LLAMACPONCCA ALVAREZ YENI                                   ', 'AV.MANCO INCA 311ACUSCO - CUSCO  - WANCHAQ                                 ', 241, 216, 29, 217, '                                   ', '', 3, 1, 0, 1, 1, 4),
(367, '', '10465422233', 'LLANO CHOQUE JESSICA                                        ', 'MZA. V LOTE.10 A.H. LAS BRISAS DE VILLA-SURCO                              ', 241, 216, 29, 217, '\"989921921, 991420682, 7925489, 7311\"', '', 1, 1, 0, 1, 1, 4),
(368, '', '10224846016', 'LLANOS AISANOA JUAN ROGELIO                                 ', 'AV. TUPAC AMARU NRO. 507 HUANUCO - HUANUCO - AMARILIS                      ', 241, 216, 29, 217, '999131088', '', 1, 1, 0, 1, 1, 4),
(369, '', '10465426280', 'LLANOS CARRASCO SAMUEL EULALIO                              ', 'CAL. PUNO NRO. 706 AREQUIPA-AREQUIPA-MIRAFLORES                            ', 241, 216, 29, 217, '                                   ', '', 1, 1, 0, 1, 1, 4),
(370, '', '10282261923', 'LOAYZA PEREZ MAURA HERLINDA                                 ', 'AV. MARISCAL CACERES NRO. 258 AYACUCHO - HUAMANGA - AYACUCHO               ', 241, 216, 29, 217, '966877172 //352242                 ', '', 1, 1, 0, 1, 1, 4),
(371, '', '95698544', 'LOMA TARQUI BERNABE                                         ', 'AV.JORGE BASADRE #1615 INT.40 CEN.COM.CRISTINA VILDOSO-TACNA               ', 241, 216, 29, 217, '                                   ', '', 1, 1, 0, 1, 1, 4),
(372, '', '10414134659', 'LOPEZ FABIAN NOEMI                                          ', 'AV.MARGINAL 722 URB.PICHANAKI JUNIN - CHANCHAMAYO - PICHANAQUI             ', 241, 216, 29, 217, '935299788', '', 1, 1, 0, 1, 1, 4),
(373, '', '10211194079', 'LORENZO PERALES GADY MARUJA                                 ', 'JR. PROLONGACION LUCANAS #1465-LA VICTORIA                                 ', 241, 216, 29, 217, '3257738', '', 1, 1, 0, 1, 1, 4),
(374, '', '20559992446', 'LORITO KARS S.R.L.                                          ', 'AV.CESAR VALLEJO# 890-101URB.PALERMO LA LIBERTAD-TRUJILLO                  ', 241, 216, 29, 217, '                                   ', '', 1, 1, 0, 1, 1, 4),
(375, '', '20260811658', 'LUBRICENTRO ARTIAGA E.I.R.L.                                ', 'AV. JOSE CARLOS MARIATEGUI LOTE 39-B-HUAYCAN                               ', 241, 216, 29, 217, '\"5848741, 945046411, *530195        \"', '', 5, 1, 0, 1, 1, 4),
(376, '', '10466978626', 'LUCAS VALENZUELA ALBERTO DANIEL                             ', 'AV.TUPAC AMARU 05 URB.PAUCARBAMBA HUANUCO - HUANUCO - AMARILIS             ', 241, 216, 29, 217, '                                   ', '', 1, 1, 0, 1, 1, 4),
(377, '', '', 'LUCIANO CALZADO TABRA                                       ', 'AV.CIRCUNV.TUPAC AMARU #135-CHAUPIMARCA -CERRO DE PASCO                    ', 241, 216, 29, 217, '                                   ', '', 1, 1, 0, 1, 1, 1),
(378, '', '', 'LUIS (PORTON)                                               ', 'SAN JUAN DE LURIGANCHO                                                     ', 241, 216, 29, 217, '                                   ', '', 1, 1, 0, 1, 1, 1),
(379, '', '20495141153', 'M & A VILCAR S.R.L.                                         ', 'AV. A. A. CACERES  #276- HUAMANGA-AYACUCHO                                 ', 241, 216, 29, 217, '\"#957554181,  #957554182,957554209  \"', '', 1, 1, 0, 1, 1, 4),
(380, '', '20601408440', 'M.M. INVERSIONES ARIAM S.A.C.                               ', 'N.AYLLON NRO. 685 SAN JACINTO LIMA - LIMA - SAN LUIS                       ', 241, 216, 29, 217, '                                   ', '', 1, 1, 0, 1, 1, 4),
(381, '', '10418055753', 'MACHACA MAMANI EDITH YOVANA                                 ', 'AV. JORGE BASADRE GROHMANN S/N INT.72 ASOC.COM.CRISTINA VILDOSO TACNA      ', 241, 216, 29, 217, '                                   ', '', 1, 1, 0, 1, 1, 4),
(382, '', '10316777240', 'MAGUIñA MINAYA EDWAR JOHN                                   ', 'AV.FRANCISCO BOLOGNESI 137-HUARAZ                                          ', 241, 216, 29, 217, '990281555', '', 1, 1, 0, 1, 1, 4),
(383, '', '', 'MALACA CASTILLO JONNHY LUIS                                 ', 'AV.RANCHERIA BAJA S/N EX COOP.HUANDO LIMA - HUARAL                         ', 241, 216, 29, 217, '                                   ', '', 1, 1, 0, 1, 1, 1),
(384, '', '10166354540', 'MALCA ROJAS FERNANDO                                        ', 'AV. AUGUSTO B.LEGUIA NRO. 1235-CHICLAYO                                    ', 241, 216, 29, 217, '                                   ', '', 1, 1, 0, 1, 1, 4),
(385, '', '10094955802', 'MALLQUI ARELLANO GROVER                                     ', 'JR.FLORENCIA DE MORA CD03 PBLO.HUAMACHUCO LA LIBERTAD -SANCHEZ CARRION     ', 241, 216, 29, 217, '959990164-996962321    ', '', 2, 1, 0, 1, 1, 4),
(386, '', '10195745221', 'MALLQUI ARELLANO IRIS JUDITH                                ', 'JR.SANTIAGO ZAVALA 237 PBLO.HUAMACHUCO LA LIBERTAD-SANCHEZ CARRION         ', 241, 216, 29, 217, '947873552-995566479 ', '', 1, 1, 0, 1, 1, 4),
(387, '', '10436772900', 'MAMANI ARQUE MILAGROS NATALI                                ', 'CAL.PUNO NRO. 562 AREQUIPA - AREQUIPA - MIRAFLORES                         ', 241, 216, 29, 217, '972456410', '', 1, 1, 0, 1, 1, 4),
(388, '', '10411174439', 'MAMANI LIPA MERCEDES                                        ', 'JR.MARINERO 428 URB.SAN JOSE II ETAPA-PUNO-SAN ROMAN-JULIACA               ', 241, 216, 29, 217, '943269278', '', 3, 1, 0, 1, 1, 4),
(389, '', '10024235578', 'MAMANI ORTEGA RODOLFO JUSTINIANO                            ', '\"PABELLON A, TDA #16 JR.LIBERTAD 8VA.CDRA -PUNO-SAN ROMAN-JULIACA           \"', 241, 216, 29, 217, '                                   ', '', 1, 1, 0, 1, 1, 4),
(390, '', '20517053270', 'MARCILLA VIGO SCRL                                          ', 'JR.LAS ALCAPARRAS 467 COO.LAS FLORES-LIMA - SAN JUAN DE LURIGANCHO         ', 241, 216, 29, 217, '                                   ', '', 1, 1, 0, 1, 1, 4),
(391, '', '', 'MARIA                                                       ', 'HUAYCAN                                                                    ', 241, 216, 29, 217, '                                   ', '', 1, 1, 0, 1, 1, 1),
(392, '', '', 'MARIA ARIAS                                                 ', '                                                                           ', 241, 216, 29, 217, '3718913', '', 1, 1, 0, 1, 1, 1),
(393, '', '', 'MARIA DEL PILAR HUAMAN CASTILLO                             ', '                                                                           ', 241, 216, 29, 217, '\"3401048 , RPM #044260              \"', '', 1, 1, 0, 1, 1, 1),
(394, '', '10024304847', 'MARIN QUIRO ANDRES EDGAR                                    ', 'JR. LIBERTAD NRO. 1101 URB. LAS MERCEDES-SAN ROMAN-JULIACA                 ', 241, 216, 29, 217, '\"#995999934, 950810945,051-782852   \"', '', 1, 1, 0, 1, 1, 4),
(395, '', '10024432594', 'MARONA CRUZ DELIA                                           ', 'JR.LIBERTAD 8VA.CDRA #A-9 BARRIO MANCO CAPAC-PUNO-SAN ROMAN - JULIACA      ', 241, 216, 29, 217, '                                   ', '', 1, 1, 0, 1, 1, 4),
(396, '', '', 'MARTA CASTILLO                                              ', '\"#75079011, 975079011, 044226917, #984592504, 044-509341                    \"', 241, 216, 29, 217, '\"947868613, RPM *598613             \"', '', 1, 1, 0, 1, 1, 1),
(397, '', '10156480792', 'MARTEL SUSANIBAR CARMEN ROCIO                               ', 'JR.PRIMAVERA 587 URB.SAN IDELFONSO LIMA - BARRANCA - BARRANCA              ', 241, 216, 29, 217, '994083312', '', 1, 1, 0, 1, 1, 4),
(398, '', '', 'MARTIN REYNALTE TRUJILLO - IMPORTACIONES SAN MARTIN         ', 'AV.GERARADO UNGER 4463-INDEPENDENCIA-AV LOS ALISOS 247B-SMP                ', 241, 216, 29, 217, '5216184 //827*8395 // 988197966    ', '', 1, 1, 0, 1, 1, 1),
(399, '', '10416869672', 'MARTINEZ SIERRA MARCELO JESUS                               ', 'PJ.LOS FRENOS #101 INT.B URB.SAN JACINTO-SAN LUIS-LA VICTORIA              ', 241, 216, 29, 217, '\"991420682, 942798942, 311925       \"', '', 1, 1, 0, 1, 1, 4),
(400, '', '20518144287', 'MAXIBUS EIRL                                                ', 'PR PARINACOCHAS 1365 (ENTRE PARINA.Y MEXICO) LIMA - LIMA - LA VICTORIA     ', 241, 216, 29, 217, '\"3238772, 991214568                 \"', '', 1, 1, 0, 1, 1, 4),
(401, '', '10445927550', 'MAXIMILIANO ESPIRITU HECTOR DAVID                           ', 'AV.ANDRES AVELINO CACERES MZA.2 LT10 A.H.HUAYCAN ZNA O-ATE                 ', 241, 216, 29, 217, '                                   ', '', 1, 1, 0, 1, 1, 4),
(402, '10445927', '', 'MAXIMILIANO ESPIRITU HECTOR DAVID                           ', 'AV.ANDRES AVELINO CACERES MZA.02 LT10 A.H. HUAYCAN ZONA O ATE-LIMA         ', 241, 216, 29, 217, '                                   ', '', 1, 1, 0, 1, 1, 1),
(403, '', '10199139466', 'MAYTA FABIAN ELIZABETH LUCIA                                ', 'AV. JOSE CARLOS MARIATEGUI #381  JUNIN - HUANCAYO - EL TAMBO               ', 241, 216, 29, 217, '964461863', '', 1, 1, 0, 1, 1, 4),
(404, '', '10199584737', 'MAYTA MALPICA FELIX FORTUNATO                               ', 'CAL.SAENZ PEÑA NRO. 231-LA VICTORIA-LIMA                                   ', 241, 216, 29, 217, '                                   ', '', 1, 1, 0, 1, 1, 4),
(405, '', '20481258678', 'MB REPUESTOS Y SERVICIOS E.I.R.L.                           ', 'AV.AMERICA SUR #454 URB.PALERMO-TRUJILLO-LA LIBERTAD                       ', 241, 216, 29, 217, '044-425753                         ', '', 1, 1, 0, 1, 1, 4),
(406, '', '', 'MECHE                                                       ', 'SAN JUAN DE LURIGANCHO                                                     ', 241, 216, 29, 217, '                                   ', '', 1, 1, 0, 1, 1, 1),
(407, '', '10065665935', 'MEDINA ESPIRITU JULIO ALEXANDER                             ', 'AV. MEXICO NRO. 1538 LIMA - LIMA - LA VICTORIA                             ', 241, 216, 29, 217, '324-5015                           ', '', 3, 1, 0, 1, 1, 4),
(408, '', '10105044696', 'MEDINA ESPIRITU SILVIA                                      ', 'NRO.MZ.I INT.LT22 URB.SOL DE VITARTE (ALT.GRIFO VISTA ALEGRE) ATE-LIMA     ', 241, 216, 29, 217, '                                   ', '', 5, 1, 0, 1, 1, 4),
(409, '', '20563545811', 'MEGA PART\' S TEJEDA S.R.L.                                  ', 'AV. CALCA NRO. 290 COO. VEINTISIETE DE ABRIL LIMA - LIMA - ATE             ', 241, 216, 29, 217, '997524884', '', 1, 1, 0, 1, 1, 4),
(410, '', '10104606666', 'MELO CARLOS ELMER SEGUNDINO                                 ', 'AV.WIESSE MZA.D1 LOTE.39 URB.CORMERCIAL ARTESANOS-LIMA-S.J.L               ', 241, 216, 29, 217, '                                   ', '', 4, 1, 0, 1, 1, 4),
(411, '', '10105330788', 'MENDOZA ALTAMIRANO ALEXANDER                                ', 'AV.MESONES MURO# 1096 SEC.NUEVO HORIXONTE CAJAMARCA-JAEN                   ', 241, 216, 29, 217, '976075408', '', 2, 1, 0, 1, 1, 4),
(412, '', '10454078425', 'MENDOZA CHICLLA CLEOFE                                      ', 'AV. PANAMERICANA 1410 APURIMAC - ABANCAY - ABANCAY                         ', 241, 216, 29, 217, '992738684', '', 1, 1, 0, 1, 1, 4),
(413, '', '10324065569', 'MERIS REYES NELLY YOLANDA                                   ', 'AV. ANDRES AVELINO CACERES MZA B LT 2A            A.H 08 DE OCTUBRE- PUERTO', 241, 216, 29, 217, '\"794447, 571858, 952303792          \"', '', 1, 1, 0, 1, 1, 4),
(414, '', '', 'MEZA LAURA JHON                                             ', 'AV CIRCUNVALACION 123(AL FRENT.GRIFO PAPIN) PUERTO MALDONADO               ', 241, 216, 29, 217, '                                   ', '', 1, 1, 0, 1, 1, 1),
(415, '', '20601653223', 'MEZA PARTS. PERU S.A.C.                                     ', 'AV.PACHACUTEC 3501 URB.AV PACHACUTEC LIMA-LIMA-V.M.T                       ', 241, 216, 29, 217, '                                   ', '', 1, 1, 0, 1, 1, 4),
(416, '', '10432040777', 'MEZA TACAY ADOLFO                                           ', 'AV. PACHACUTEC NRO. 3501LIMA - LIMA - VILLA MARIA DEL TRIUNFO              ', 241, 216, 29, 217, '981487368', '', 1, 1, 0, 1, 1, 4),
(417, '', '10419187637', 'MEZA TACAY JOLVER YNDALECIO                                 ', 'AV.PACHACUTEC 3465 P.J.HOGAR POLICIAL LIMA -VILLA MARIA DEL TRIUNFO        ', 241, 216, 29, 217, '990356523-990967482-*0120255       ', '', 2, 1, 0, 1, 1, 4),
(418, '', '10295324941', 'MEZA VDA DE FUENTES SONIA                                   ', 'CAL. PUNO # 427B MIRAFLORES-AREQUIPA                                       ', 241, 216, 29, 217, '\"054281961,    959303316            \"', '', 1, 1, 0, 1, 1, 4),
(419, '22222222', '', 'MICAS ELVIS                                                 ', 'SJL                                                                        ', 241, 216, 29, 217, '                                   ', '', 4, 1, 0, 1, 1, 1),
(420, '', '', 'MICAS LARA                                                  ', 'SAN JUNA DE LURIGANCHO                                                     ', 241, 216, 29, 217, '                                   ', '', 4, 1, 0, 1, 1, 1);
INSERT INTO `cliente` (`id_clte`, `dni_clte`, `ruc_clte`, `nombre_clte`, `direcc_clte`, `pais_cte`, `depto_cte`, `provi_cte`, `dtto_clte`, `tlf_ctle`, `email_clte`, `vendedor_clte`, `estatus_ctle`, `condp_clte`, `sucursal_clte`, `lista_clte`, `tipoid_clte`) VALUES
(421, '', '20516652951', 'MICAS YUCRA S.A.C.                                          ', 'PROLONGACION PARINACOCHAS NRO. 1383 LIMA - LIMA - LA VICTORIA              ', 241, 216, 29, 217, '                                   ', '', 1, 1, 0, 1, 1, 4),
(422, '', '10060250664', 'MIGUEL APOLINARIO CARLOS GREGORIO                           ', 'JR.LAS MICAS125 URB LAS FLORES 78 (ALT.CDRA 17 AV PROCERES) S.J.L          ', 241, 216, 29, 217, '                                   ', '', 1, 1, 0, 1, 1, 4),
(423, '', '10437240031', 'MILLA PACAN, SUSANA', 'AV. MEXICO NRO. 1329  LIMA - LIMA - LA VICTORIA                            ', 241, 216, 29, 217, '                                   ', '', 1, 1, 0, 1, 1, 4),
(424, '', '10441010988', 'MINCHOLA RODRIGUEZ KARINA LISTH                             ', 'PROLON.UNION 1816 URB.LA RINCONADA LA LIBERTAD - TRUJILLO - TRUJILLO       ', 241, 216, 29, 217, '                                   ', '', 1, 1, 0, 1, 1, 4),
(425, '', '10090750131', 'MIRALLES SALAS RENEE GLORIA                                 ', 'AV.IQUITOS #353 INT.1-LA VICTORIA-LIMA                                     ', 241, 216, 29, 217, '4236505', '', 1, 1, 0, 1, 1, 4),
(426, '', '10448573783', 'MONZON BARAZORDA JESUS                                      ', 'AV.PANAMERICANA  SN URB.PERIFERIE APURIMAC - ABANCAY - ABANCAY             ', 241, 216, 29, 217, '958005455', '', 1, 1, 0, 1, 1, 4),
(427, '', '10463553225', 'MORALES BLAS MARIO JUNIOR                                   ', 'AV.TUPAC  AMARU #1712 ALTO MOCHICA-TRUJILLO-LA LIBERTAD                    ', 241, 216, 29, 217, '                                   ', '', 1, 1, 0, 1, 1, 4),
(428, '', '10095503131', 'MORALES GUTIERREZ HUGO                                      ', 'AV.GERARDO UNGER 4513 Z.I.NARANJAL (Y 4517.) S.M.P - LIMA                  ', 241, 216, 29, 217, '                                   ', '', 1, 1, 0, 1, 1, 4),
(429, '', '10400025521', 'MORE COVEÑAS JOVANY                                         ', 'STAND 02 MZA. E LOTE. 22 INT. 02 URB. GRAU PIURA - PIURA - PIURA           ', 241, 216, 29, 217, '                                   ', '', 2, 1, 0, 1, 1, 4),
(430, '', '10155833918', 'MORENO MACEDO BENJAMINA DOLORES                             ', 'AV.G.UNGER NRO4513 INT.39 URB. IND.NARANJAL LIMA - LIMA -INDEPENDENCIA     ', 241, 216, 29, 217, '                                   ', '', 1, 1, 0, 1, 1, 4),
(431, '', '20445113639', 'MULTI PART\'S E.I.R.L.                                       ', 'AV. JOSE PARDO NRO. 1733 P.J. MIRAFLORES CHIMBOTE                          ', 241, 216, 29, 217, '043-341639-OSWALDO ALVARADO        ', '', 1, 1, 0, 1, 1, 4),
(432, '', '20448828175', 'MULTILLANTAS SAFARI S.A.C.                                  ', 'JR.CARABAYA 214 BARRIO PORTEÑO PUNO - PUNO - PUNO                          ', 241, 216, 29, 217, '                                   ', '', 1, 1, 0, 1, 1, 4),
(433, '', '20530762204', 'MULTILLANTAS Y REPUESTOS YUNGAY S.R.L.                      ', 'CAR.CENTRAL NRO. S/N (ESQ. JR.GRAU Y CARRET.CENTRAL)ANCASH -HUAYLAS - CARAZ', 241, 216, 29, 217, '#989217     ', '', 1, 1, 0, 1, 1, 4),
(434, '', '20600838386', 'MULTIMARCAS AUTOMOTRIZ PEPE SOCIEDAD ANONIMA CERRADA        ', 'AV.28 DE AGOSTO 301 CENT PAUCARBAMBA HUANUCO - HUANUCO - AMARILIS          ', 241, 216, 29, 217, '                                   ', '', 1, 1, 0, 1, 1, 4),
(435, '', '20601453682', 'MULTISERVICIOS BEN PACK E.I.R.L.                            ', 'JR. SUCRE NRO. 493 BAR. LA FLORIDA - CAJAMARCA                             ', 241, 216, 29, 217, '76341302-970071678      ', '', 1, 1, 0, 1, 1, 4),
(436, '', '20538865151', 'MULTISERVICIOS C-KARLOS AGENCY TRAVEL S.A.C.                ', 'AV.ANDRES AVELINO CACERES MZ O2 LT 17 A.H. HUAYCAN ZONA O                  ', 241, 216, 29, 217, '949145683', '', 1, 1, 0, 1, 1, 4),
(437, '', '20491819228', 'MULTISERVICIOS LACSA E.I.R.L                                ', 'JR.JUAN BEATO MASIAS 418 LOT. SAN MARTIN DE PORRES - CAJAMARCA             ', 241, 216, 29, 217, '\"076340920 , # 860256               \"', '', 1, 1, 0, 1, 1, 4),
(438, '', '20407804245', 'MULTISERVICIOS TRANSPORTES \'ORTIZ\' E.I.R.L                  ', 'JR.MIGUEL GRAU 1442 ANCASH - HUAYLAS - CARAZ                               ', 241, 216, 29, 217, '943182741-943182725      ', '', 2, 1, 0, 1, 1, 4),
(439, '', '20602150691', 'MULTISERVIS HERRERA S.C.R.L                                 ', 'AV. PANAMERICANA NRO. KM2 APURIMAC - ABANCAY - ABANCAY                     ', 241, 216, 29, 217, '956006869', '', 2, 1, 0, 1, 1, 4),
(440, '', '10222815881', 'MUÑOZ QUISPE CRISTINA DEL ROSARIO                           ', 'CAR.PANAMERICANA SUR 309 (KM. 199)ICA -CHINCHA -CHINCHA ALTA               ', 241, 216, 29, 217, '999972889', '', 1, 1, 0, 1, 1, 4),
(441, '', '10198708165', 'MURIEL CACERES HERNAN RONALD                                ', 'JR.SANTA ISABEL 1558  JUNIN - HUANCAYO - EL TAMBO                          ', 241, 216, 29, 217, '                                   ', '', 1, 1, 0, 1, 1, 4),
(442, '', '10458698037', 'NARCIZO DE LA CRUZ KELLY VERONICA                           ', '\"LAS PRENSAS 231, STAND 8-INDEPENDENDIA                                     \"', 241, 216, 29, 217, '998330749', '', 1, 1, 0, 1, 1, 4),
(443, '', '20512151508', 'NC AUTOPARTES S.A.C.                                        ', 'AV.INDEPENDENCIA # 389  - CAJAMARCA-              ', 241, 216, 29, 217, '\"076362983 , # 213722,     # 9628896\"', '', 1, 1, 0, 1, 1, 4),
(444, '', '20447716675', 'NIPON CAR EIRL                                              ', 'JR. LAMBAYEQUE #539 SAN ROMAN-JULIACA                                      ', 241, 216, 29, 217, '#951916821                         ', '', 1, 1, 0, 1, 1, 4),
(445, '', '10449944271', 'ÑACA BANEGAS SANDY NATALY                                   ', 'AV.CENTENARIO S/N INT.05 C.C. CENTENARIO TACNA - TACNA                     ', 241, 216, 29, 217, '923533861-988137017     ', '', 1, 1, 0, 1, 1, 4),
(446, '', '10443684200', 'OJEDA RAMIREZ ORFELINDA                                     ', 'AV.PERU SN APURIMAC - ANDAHUAYLAS - ANDAHUAYLAS                            ', 241, 216, 29, 217, '                                   ', '', 1, 1, 0, 1, 1, 4),
(447, '', '10405943102', 'OLIVARES NAVARRO MARLENE VERONICA                           ', 'JR. LOS CAPULIES NRO. 143  JUNIN - TARMA - TARMA                           ', 241, 216, 29, 217, '#964079049     ', '', 3, 1, 0, 1, 1, 4),
(448, '', '10056450390', 'OMAR HUACCHILLO PARDO                                       ', 'MZA. A LT. 9 AH.SAN JUAN DE COSCOMBA- CATACAOS- PIURA                      ', 241, 216, 29, 217, '969490312', 'OMAR_HP@HOTMAIL.COM   ', 1, 1, 0, 1, 1, 4),
(449, '', '10200839931', 'ORE CASAS MARCO ANTONIO                                     ', 'JR. ATAHUALPA #419  JUNIN - HUANCAYO                                       ', 241, 216, 29, 217, '998486600', '', 3, 1, 0, 1, 1, 4),
(450, '25453654', '', 'ORLANDO TITI                                                ', 'PROCERES DE LA INDEPENDENCIA                                               ', 241, 216, 29, 217, '                                   ', '', 1, 1, 0, 1, 1, 1),
(451, '', '10205422868', 'OROSCO FLORES NEMIAS                                        ', 'AV.MARGINAL 722 URB.PICHANAKI JUNIN - CHANCHAMAYO - PICHANAQUI             ', 241, 216, 29, 217, '992227182-959484880-969530590      ', '', 1, 1, 0, 1, 1, 4),
(452, '', '10403972199', 'OSCANOA HUAMANI JORGE ANTONIO                               ', 'AV. PROCERES DE LA INDEPENDEN NRO. 5549  SAN JUAN DE LURIGANCHO            ', 241, 216, 29, 217, '                                   ', '', 1, 1, 0, 1, 1, 4),
(453, '', '10429020099', 'PACHECO PANEZ PILAR ISABEL                                  ', 'AV.NICOLAS AYLLON 5021 COO.SO DE VITARTE-ATE                               ', 241, 216, 29, 217, '443-1247                           ', '', 1, 1, 0, 1, 1, 4),
(454, '', '10024449594', 'PACORI QUISPE ALEJANDRO                                     ', 'JR. LIBERTAD NRO. 934 SAN ROMAN - JULIACA-JULIACA                          ', 241, 216, 29, 217, '951010860', '', 3, 1, 0, 1, 1, 4),
(455, '', '10432130962', 'PALOMINO ARANGO CLEDY                                       ', 'MZA.H4 LOTE.21 AH. JOSE CARLOS MARIATEGUI S.J.L                            ', 241, 216, 29, 217, '946593426-947376499      ', '', 4, 1, 0, 1, 1, 4),
(456, '', '10111111112', 'PANA                                                        ', 'SAN JUAN                                                                   ', 241, 216, 29, 217, '                                   ', '', 1, 1, 0, 1, 1, 4),
(457, '', '', 'PANA : ALVARADO BELTRAN JULIO)                              ', 'WILLY RETO 3162 MZ C LT 4 URB.CANTO DEL SOL                                ', 241, 216, 29, 217, '\"3885915, 980358299                 \"', '', 1, 1, 0, 1, 1, 1),
(458, '', '10435671646', 'PANIURA FLORES HEBERT ANGEL                                 ', 'AV. EL SOL NRO. 986 BARRIO PORTEñO PUNO                                    ', 241, 216, 29, 217, '951893747', '', 1, 1, 0, 1, 1, 4),
(459, '               ', '10432530260', 'PARDO ALARCON CARLOS', 'AV.LUIS GONZALES 1650 INT.13 -LAMBAYEQUE CHICLAYO CHICLAYO  ', 241, 216, 29, 217, '', '                                                  ', 2, 1, 0, 1, 1, 4),
(460, '', '10417321191', 'PARDO ALARCON HERMES                                        ', 'CAL.COIS 0504 OTR.CERCADO COIS I SECTOR LAMBAYEQUE - CHICLAYO - CHICLAYO   ', 241, 216, 29, 217, '#977226470                         ', '', 2, 1, 0, 1, 1, 4),
(461, '', '10463094131', 'PARDO FERNANDEZ RONAL                                       ', 'AV.AUGUSTO B.LEGUIA 951 FERIA SAN LORENZO LAMBAYEQUE - CHICLAYO            ', 241, 216, 29, 217, '                                   ', '', 1, 1, 0, 1, 1, 4),
(462, '', '10295751482', 'PAREDES HUAMAN DE CONDORI AURELIA                           ', 'AV. MANCO INCA NRO. 300 CUSCO - CUSCO - WANCHAQ                            ', 241, 216, 29, 217, '#944921826-963509949      ', '', 1, 1, 0, 1, 1, 4),
(463, '', '10420967735', 'PARICAHUA PARICAHUA EUDES VIDAL                             ', 'JR. LIBERTAD NRO. 936 SAN ROMAN - JULIACA                                  ', 241, 216, 29, 217, '951503450', '', 1, 1, 0, 1, 1, 4),
(464, '', '10706768390', 'PARIONA CARDENAS NERIDA                                     ', 'AV.SESQUICENTENARIO SN APURIMAC - ANDAHUAYLAS - ANDAHUAYLAS                ', 241, 216, 29, 217, '958201791', '', 2, 1, 0, 1, 1, 4),
(465, '', '10102807711', 'PARIONA OSCCO LUIS ALBERTO                                  ', 'AV. FERNANDO WIESE MZA. B1 LOTE. 19 URB. LOS PINOS                         ', 241, 216, 29, 217, '                                   ', '', 1, 1, 0, 1, 1, 4),
(466, '', '', 'PAUCAR DAVID                                                ', 'ATE                                                                        ', 241, 216, 29, 217, '                                   ', '', 1, 1, 0, 1, 1, 1),
(467, '', '10040330696', 'PAUCAR QUISPE DOMINGO                                       ', 'AV.ANDRES AVELINO CACERES LT 16 A.H. HUAYCAN                               ', 241, 216, 29, 217, '                                   ', '', 1, 1, 0, 1, 1, 4),
(468, '', '10252226511', 'PEREZ LLOCLLE JOSE EDUARDO                                  ', 'AV. TINTAYA NRO. 605 (FRENTE AL GRIFO SAN JOSE) CUSCO - ESPINAR - ESPINAR  ', 241, 216, 29, 217, '#984529944-987188414   ', '', 1, 1, 0, 1, 1, 4),
(469, '               ', '20571384834', 'PEROTYY E.I.R.L.', 'AV.FRANCISCO BOLOG.127 BAR.ROSAS PAMP-ANCASH-HUARAZ         ', 241, 216, 29, 217, '                    ', '                                                  ', 2, 1, 0, 1, 1, 4),
(470, '', '10224870626', 'PONCE SANTAMARIA TOMAS                                      ', 'MLC.DANIEL ALOMIA ROBLES #713 INT.A HUANUCO - HUANUCO                      ', 241, 216, 29, 217, '#255207      ', '', 1, 1, 0, 1, 1, 4),
(471, '', '10434166859', 'POSTIGO MAYTA MARTHA VICTORIA                               ', 'JR. LIBERTAD #815 LAS MERCEDES PUNO-SAN ROMAN-JULIACA                      ', 241, 216, 29, 217, '951995188', '', 1, 1, 0, 1, 1, 4),
(472, '', '10066654856', 'PULACHE SANDOVAL EDUARDO EMILIO                             ', 'UCV 2 ZONA B LOTE. 57 HUAYCAN                                              ', 241, 216, 29, 217, '\"943150657,     988449347,    994080\"', '', 1, 1, 0, 1, 1, 4),
(473, '', '10438617359', 'PUMA HUAMAN NILTON ISAAC                                    ', 'JR.JUNIN MZA.12A LT38 MADRE DE DIOS - TAMBOPATA - TAMBOPATA                ', 241, 216, 29, 217, '082-621514-986822357      ', '', 3, 1, 0, 1, 1, 4),
(474, '', '10208966869', 'PURIS HUARANGA EDMUNDO MARCIANO                             ', 'AV.ANDRES AVELINO CACERES LT13 A.H.HUAYCAN ZONA O -ATE                     ', 241, 216, 29, 217, '949197418', '', 5, 1, 0, 1, 1, 4),
(475, '', '10424641567', 'QUINO CCOÑAS ALVINA                                         ', 'AV.PANAMERICANA NRO.SN APURIMAC - ABANCAY - ABANCAY                        ', 241, 216, 29, 217, '975471694', '', 1, 1, 0, 1, 1, 4),
(476, '', '10021523904', 'QUISPE CATACORA DE SAAVEDRA HILDA VICTORIA                  ', 'JR.LIBERTAD 883 CERCADO PUNO-SAN ROMAN-JULIACA                             ', 241, 216, 29, 217, '                                   ', '', 3, 1, 0, 1, 1, 4),
(477, '', '10439089208', 'QUISPE CHUA JAVIER                                          ', 'AV. PROCERES DE LA INDEPENDENCIA NRO. 2223 A.V. LOS POSTES LIMA - SJL      ', 241, 216, 29, 217, '910748581', '', 1, 1, 0, 1, 1, 4),
(478, '', '10252172896', 'QUISPE HIRPAHUANCA BERTHA                                   ', 'LOTE. 5 URB. KANTU - TRES DE MAYO CUSCO - CUSCO - SAN JERONIMO             ', 241, 216, 29, 217, '                                   ', '', 1, 1, 0, 1, 1, 4),
(479, '', '10074628783', 'QUISPE MAMANI GERARDO                                       ', 'CAL. PUNO # 557A MIRAFLORES-AREQUIPA                                       ', 241, 216, 29, 217, '54406455', 'BUJI1818@HOTMAIL.COM   ', 1, 1, 0, 1, 1, 4),
(480, '', '10249656645', 'QUISPE SICOS NICOLASA                                       ', 'AV. MANCO INCA NRO. 307  CUSCO - CUSCO - WANCHAQ                           ', 241, 216, 29, 217, '974260627', '', 1, 1, 0, 1, 1, 4),
(481, '', '10320432117', 'RAFAEL PAJUELO IGNACIO ANATOLIO                             ', 'AV.PROGRESO 199  ANCASH - CARHUAZ - CARHUAZ                                ', 241, 216, 29, 217, '941969 709-043394216       ', 'JE.-LGF.-@HOTMAIL.COM    ', 1, 1, 0, 1, 1, 4),
(482, '', '10433348988', 'RAMIREZ CACERES MAICOL OSNI                                 ', 'CAR.PANAM.NORTE KM.1018 LIMONCILLO LIMA - BARRANCA                         ', 241, 216, 29, 217, '944486923-951947118      ', '', 2, 1, 0, 1, 1, 4),
(483, '', '10158505989', 'RAMIREZ ESPADA HONORATO FROILAN                             ', 'LIMONCILLO #1018 LIMA - BARRANCA - BARRANCA                                ', 241, 216, 29, 217, '                                   ', '', 1, 1, 0, 1, 1, 4),
(484, '', '10411179180', 'RAMIREZ TERRONES EDGAR                                      ', 'JR. 20 DE ABRIL NRO. C-17 URB. MOYOBAMBA-SAN MARTIN - MOYOBAMBA            ', 241, 216, 29, 217, '966682009', '', 1, 1, 0, 1, 1, 4),
(485, '', '10199306893', 'RAMON RAMOS ALBERTA CLEMENCIA                               ', 'AV.JOSE CARLOS MARIATEGUI 385 INT.A  JUNIN - HUANCAYO - EL TAMBO           ', 241, 216, 29, 217, '999048918', '', 3, 1, 0, 1, 1, 4),
(486, '', '10199140979', 'RAMON RAMOS ESTELITA VICTORIA                               ', 'AV. JOSE CARLOS MARIATEGUI 387 JUNIN - HUANCAYO - EL TAMBO                 ', 241, 216, 29, 217, '964888244', '', 1, 1, 0, 1, 1, 4),
(487, '', '10422978939', 'RAMOS CARAZAS KARINA VERONICA                               ', 'NRO. S/N INT. 47 ASOC.COM.MANUEL A.ODRIA TACNA-TACNA-TACNA                 ', 241, 216, 29, 217, '#952855394   ', '', 1, 1, 0, 1, 1, 4),
(488, '', '10404700613', 'RAMOS HUANCA PERCY VIDAL                                    ', 'JR.MACHU PICCHU 290 URB.LA CAPILLA PUNO - SAN ROMAN - JULIACA              ', 241, 216, 29, 217, '951454878', '', 3, 1, 0, 1, 1, 4),
(489, '', '20514800236', 'RED CAR E.I.R.L.                                            ', 'PROL. FRANCIA NRO. 1700-LA VICTORIA-LIMA                                   ', 241, 216, 29, 217, '3245432 NEX:(99)823*3425  / RPM:*53', '', 1, 1, 0, 1, 1, 4),
(490, '', '10418695396', 'RENDON CORDOVA PERCY DAVID                                  ', 'AV. HUAYNA CCAPAC # 302-WANCHAQ-CUSCO                                      ', 241, 216, 29, 217, '974313731', '', 3, 1, 0, 1, 1, 4),
(491, '', '10239983010', 'RENDON TORRES MARCELINA                                     ', 'AV. HUAYNA CCAPAC # 302 - WANCHAQ- CUSCO                                   ', 241, 216, 29, 217, '                                   ', '', 1, 1, 0, 1, 1, 4),
(492, '', '', 'REPRESENTACIONES CENTENARIO                                 ', '\"SR: ANTONIO, SRA OLGA-LURDES                                               \"', 241, 216, 29, 217, '\"3762940, 3752565                   \"', '', 1, 1, 0, 1, 1, 1),
(493, '', '20448608990', 'REPRESENTACIONES DIAZ AUTOMOTRIZ NIPPOM CAR\'S SCRL          ', '\"JR. LAMBAYEQUE #541 BARRIO TUPAC AMARU,SAN ROMAN-JULIACA                   \"', 241, 216, 29, 217, '                                   ', '', 1, 1, 0, 1, 1, 4),
(494, '', '', 'REPRESENTACIONES GENERALES PERU                             ', 'REGEPSA                                                                    ', 241, 216, 29, 217, '\"ANEXO 105, 4853236, SR.JIBAJA      \"', '', 1, 1, 0, 1, 1, 1),
(495, '', '20229718836', 'REPRESENTACIONES SAN GREGORIO E I R L                       ', 'AV. ESPINAR NRO. 541 DPTO. B LIMA - HUAURA - HUACHO                        ', 241, 216, 29, 217, '                                   ', '', 1, 1, 0, 1, 1, 4),
(496, '', '20515090569', 'REPSAN REPRESENTACIONES S.A.C.                              ', '\"AV, BUENOS AIRES 806 SULLANA-PIURA                                         \"', 241, 216, 29, 217, '\"073-501285, #389710                \"', 'REPSANSAC@SPEEDY.COM.PE -', 1, 1, 0, 1, 1, 4),
(497, '', '20132111678', 'REPUESTERA TRUJILLO S R L                                   ', 'AV. PERU NRO. 372 LA LIBERTAD - TRUJILLO - TRUJILLO                        ', 241, 216, 29, 217, '044-223449-945049788               ', '', 2, 1, 0, 1, 1, 4),
(498, '               ', '20600792149', 'REPUESTOS &amp; LUBRICANTES JARUMI S.A.C.', 'CAR.CENTRAL S/N BAR.LA ESPERANZA-ANCASH HUAY-CARAZ          ', 241, 216, 29, 217, '', 'REPUESTOS_JARUMI@HOTMAIL.COM                      ', 2, 1, 0, 1, 1, 4),
(499, '', '20481955808', 'REPUESTOS ABELITO IMPORTACION Y SERVICIOS SAC               ', 'PROL.CESAR VALLEJO#909-TRUJILLO-LA LIBERTAD                                ', 241, 216, 29, 217, '044214566 CONT-044252313           ', '', 1, 1, 0, 1, 1, 4),
(500, '', '20445694348', 'REPUESTOS ANDRESITO E.I.R.L.                                ', 'PROL PARDO NRO. 1898 CHIMBOTE                                              ', 241, 216, 29, 217, '943975770', '', 1, 1, 0, 1, 1, 4),
(501, '', '20529559713', 'REPUESTOS AUTO PERU CARS E.I.R.L.                           ', 'JR. SUCRE NRO. 397 CAJAMARCA - CAJAMARCA - CAJAMARCA                       ', 241, 216, 29, 217, '76313980', '', 1, 1, 0, 1, 1, 4),
(502, '', '20527556466', 'REPUESTOS AUTOMOTRICES EL AMIGO S.R.L.                      ', 'AV. HUAYRUROPATA # 1710 WANCHAQ- CUSCO                                     ', 241, 216, 29, 217, '\"084-235194, 984928108              \"', '', 1, 1, 0, 1, 1, 4),
(503, '', '20531691980', 'REPUESTOS AUTOMOTRICES MARIN E.I.R.L.                       ', 'PRLG. PARDO NRO. 1898 INT. A- CHIMBOTE                                     ', 241, 216, 29, 217, '943805153', '', 1, 1, 0, 1, 1, 4),
(504, '', '20482431934', 'REPUESTOS AUTOMOTRIZ ELIZABETH E.I.R.L.                     ', 'JR.PUNO#570 URB.ARANJUEZ-TRUJILLO-LA LIBERTAD                              ', 241, 216, 29, 217, '\"044-202088, 949590891              \"', '', 2, 1, 0, 1, 1, 4),
(505, '', '20480426194', 'REPUESTOS EL PACIFICO E.I.R.L.                              ', 'AV. AUGUSTO B LEGUIA NRO. 900 CHICLAYO                                     ', 241, 216, 29, 217, '\"*0042022, *0042040                 \"', '', 1, 1, 0, 1, 1, 4),
(506, '', '20216185197', 'REPUESTOS LADERA EMPRESA INDIV RESP LTDA                    ', 'AV.FCO DE PAULA OTERO NRO. 433 JUNIN - TARMA - TARMA                       ', 241, 216, 29, 217, '#996966050     ', '', 3, 1, 0, 1, 1, 4),
(507, '', '20118981066', 'REPUESTOS M. MENDOZA E.I.R.LTDA.                            ', 'AV. TUPAC AMARU NRO. 202 LIMA - HUAURA - HUACHO                            ', 241, 216, 29, 217, '\"2321999, #681534                   \"', '', 1, 1, 0, 1, 1, 4),
(508, '', '20481892296', 'REPUESTOS MIGUELITOS S.A.C.                                 ', 'AV.CESAR VALLEJO #833 ARANJUEZ-TRUJILLO-LA LIBERTAD                        ', 241, 216, 29, 217, '\"RPM #988180884, nex:639*1321 , 044-\"', '', 1, 1, 0, 1, 1, 4),
(509, '', '20494942896', 'REPUESTOS MONTAÑO S.A.C.                                    ', 'JR.PROTZEL #209 HUAMANGA - AYACUCHO                                        ', 241, 216, 29, 217, '\"966825767,   #809267               \"', '', 1, 1, 0, 1, 1, 4),
(510, '', '20494942896', 'REPUESTOS MONTAÑO SAC                                       ', 'JR.PROTZEL #209 HUAMANGA - AYACUCHO                                        ', 241, 216, 29, 217, '\"RPM 809267, 966825767              \"', '', 1, 1, 0, 1, 1, 4),
(511, '', '20477376488', 'REPUESTOS NICOLL E.I.R.L.                                   ', 'PROLONG. UNION 1971-A NRO. . URB. LOS GRANADOS  LA LIBERTAD - TRUJILLO     ', 241, 216, 29, 217, '945049788', '', 1, 1, 0, 1, 1, 4),
(512, '               ', '20525713599', 'REPUESTOS RIOS S.R.L.', 'CAL. UNION NRO. 377 A.H. JUAN VELASCO ALVARADO - PIURA SULLA', 241, 216, 29, 217, '', '                                                  ', 1, 1, 0, 1, 1, 4),
(513, '', '20525309976', 'REPUESTOS ROLANDO S.R.L                                     ', 'AV.BUENOS AIRES 800-SULLANA-PIURA                                          ', 241, 216, 29, 217, '\"073-491377, #304100 ROLANDO.  96957\"', '', 1, 1, 0, 1, 1, 4),
(514, '', '', 'REPUESTOS SALIM                                             ', '                                                                           ', 241, 216, 29, 217, '5342061', '', 1, 1, 0, 1, 1, 1),
(515, '', '20481428344', 'REPUESTOS TEJADA SRL                                        ', 'CAL. CHIRA NRO. 210 URB. EL MOLINO LA LIBERTAD - TRUJILLO - TRUJILLO       ', 241, 216, 29, 217, '208362', '', 1, 1, 0, 1, 1, 4),
(516, '', '20481137617', 'REPUESTOS TICO SAC                                          ', 'AV.PERU #880 LA INTENDENCIA-TRUJILLO-LA LIBERTAD                           ', 241, 216, 29, 217, '203441', '', 1, 1, 0, 1, 1, 4),
(517, '', '20601133785', 'REPUESTOS Y ACCESORIOS DAY CAR S.A.C.                       ', 'AV.JORGE BASADRE GROHMANN MZA. M LT16 ASOCIACION RAMON COPAJA TACNA        ', 241, 216, 29, 217, '924216255-970475025     ', '', 3, 1, 0, 1, 1, 4),
(518, '', '20452387418', 'REPUESTOS Y ACCESORIOS KIKE E.I.R.L.                        ', 'CAL.AYACUCHO 605 (AL COSTADO DEL PODER JUDICIAL)ICA - ICA                  ', 241, 216, 29, 217, '56217209-956492134 -966690889      ', '', 1, 1, 0, 1, 1, 4),
(519, '               ', '20480192690', 'REPUESTOS Y ACCESORIOS NIKKO E.I.R.L.', 'AV.AUGUSTO B.LEGUIA 1206 URB.SAN LORENZO-LAMBAYEQUE         ', 241, 216, 29, 217, '', '                                                  ', 2, 1, 0, 1, 1, 4),
(520, '', '20600807391', 'REPUESTOS Y ACCESORIOS NIKOCAR E.I.R.L.                     ', 'AV. CESAR VALLEJO NRO. 697 URB. PALERMO ET. 1 LA LIBERTAD-TRUJILLO-TRUJILLO', 241, 216, 29, 217, '961005905', '', 2, 1, 0, 1, 1, 4),
(521, '', '20477241558', 'REPUESTOS Y ACCESORIOS R & R SAC                            ', 'AV.SALVADOR LARA #910 SEC.LOS GERANIOS-TRUJILLO-LA LIBERTAD                ', 241, 216, 29, 217, '\"*790406, 949905113                 \"', '', 1, 1, 0, 1, 1, 4),
(522, '', '20455352666', 'REPUESTOS Y ACCESORIOS UNIVERSO E.I.R.L.                    ', 'CAL. PUNO NRO. 513 AREQUIPA  - MIRAFLORES                                  ', 241, 216, 29, 217, '                                   ', '', 1, 1, 0, 1, 1, 4),
(523, '', '20525983031', 'REPUESTOS Y AUTOPARTES UNION E.I.R.L.                       ', '\"AV.BUENOS AIRES 298, JUAN ALVARADO-SULLANA                                 \"', 241, 216, 29, 217, '\"073-706032, 969894743:ELIA VILLALTA\"', '', 1, 1, 0, 1, 1, 4),
(524, '', '20487753654', 'REPUESTOS Y FRENOS BRAVO S.A.C.                             ', 'CAL. FERREÑAFE NRO. 101 URB. SAN LORENZO-CHICLAYO                          ', 241, 216, 29, 217, '#995472730                         ', '', 1, 1, 0, 1, 1, 4),
(525, '', '20494867827', 'REPUESTOS Y LUBRICANTES CARLITOS  E.I.R.L.                  ', 'PROL.GRAU # 300 PARCONA - ICA                                              ', 241, 216, 29, 217, '\"233399, *145547                    \"', '', 1, 1, 0, 1, 1, 4),
(526, '', '20525538223', 'REPUESTOS Y LUBRICANTES FLORES S.A.C                        ', 'JR.ZANJON 484 PIURA - PAITA - PAITA                                        ', 241, 216, 29, 217, '*039-650       ', '', 1, 1, 0, 1, 1, 4),
(527, '', '20525774628', 'REPUESTOS Y LUBRICANTES HNOS. CALDERON S.R.L.               ', 'CAL. UNION NRO. 273 A.H. SANTA TERESITA PIURA - SULLANA                    ', 241, 216, 29, 217, '\"073506659 , *709815                \"', '', 1, 1, 0, 1, 1, 4),
(528, '', '20525948391', 'REPUESTOS Y LUBRICANTES LUCHO E.I.R.L                       ', 'AV. BUENOS AIRES NRO. 318 A.H. 09 DE OCTUBRE-SULLANA-PIURA                 ', 241, 216, 29, 217, '\"073-508927, 073-490066, #392325    \"', '', 1, 1, 0, 1, 1, 4),
(529, '', '20509732800', 'REPUESTOS Y RODAMIENTOS GABACAL SOCIEDAD ANONIMA CERRADA    ', 'AV.IQUITOS #283 -LA VICTORIA                                               ', 241, 216, 29, 217, '3312187', '', 1, 1, 0, 1, 1, 4),
(530, '', '20479544361', 'REPUESTOS Y RODAMIENTOS LEGUIA EIRL                         ', 'AV. AUGUSTO B.LEGUIA NRO. 920 INT. A-CHICLAYO                              ', 241, 216, 29, 217, '\"074-251367 , #950397               \"', '', 1, 1, 0, 1, 1, 4),
(531, '', '', 'REPUESTOS Y SERVICIOS ELECTRICOS LEO DIESEL S.A.C.          ', 'CAL.PUERTO ARGENTINO MZA.B LT15 LAS MALVINAS-TRUJILLO-LA LIBERTAD          ', 241, 216, 29, 217, '\"044-345834, 044-217304, #0354567   \"', '', 1, 1, 0, 1, 1, 1),
(532, '', '', 'RESPUESTOS SEHON                                            ', 'SRA MARY                                                                   ', 241, 216, 29, 217, '945938998', '', 1, 1, 0, 1, 1, 1),
(533, '', '10096673243', 'REYES ESPADA MANUEL JESUS                                   ', 'AV.CONF.INTERNACIONAL OESTE # 201-B ANCASH                                 ', 241, 216, 29, 217, '\"043428255 , *0338134,968362193,9389\"', '', 1, 1, 0, 1, 1, 4),
(534, '', '10257541369', 'REYNALTE TRUJILLO TEODORICO MARTIN                          ', 'AV.GERARDO UNGER #4463 INT. B URB. EL NARANJAL (ZONA INDUSTRIAL) LIMA - LIM', 241, 216, 29, 217, '\"98274493, 5216184, 988197966, 25034\"', '', 1, 1, 0, 1, 1, 4),
(535, '', '10441065120', 'RIOS SANCHEZ EDWIN PAUL                                     ', 'CAL. UNION NRO. 110 SULLANA- PIURA                                         ', 241, 216, 29, 217, '#288094                            ', '', 1, 1, 0, 1, 1, 4),
(536, '', '10096861791', 'ROCCA HUAMAN PERCY                                          ', 'AV.SEPAR.INDUST.MZ.M LT.26 ASOC.FERROVIARIA-IV ETAPA VILLA EL SALVADOR     ', 241, 216, 29, 217, '                                   ', '', 1, 1, 0, 1, 1, 4),
(537, '', '20481220352', 'RODAMIENTOS DEL CASTILLO E.I.R.L.                           ', 'AV. CESAR VALLEJO 836 - TRUJILLO                                           ', 241, 216, 29, 217, '044-291104/ #949408211             ', '', 1, 1, 0, 1, 1, 4),
(538, '', '20526056281', 'RODAMIENTOS Y REPRESENTACIONES TALLEDO EIRL                 ', 'AV. BOLOGNESI NRO. 308- PIURA                                              ', 241, 216, 29, 217, '\"*776826 , #968947147               \"', '', 1, 1, 0, 1, 1, 4),
(539, '', '20412159501', 'ROGGER AUTOMOTRIZ E.I.R.L.                                  ', 'JR. SANTA LUCIA  #208 - CHACHAPOYAS      AMAZONAS                          ', 241, 216, 29, 217, '\"041479157,941981092, 966968190,9821\"', '', 2, 1, 0, 1, 1, 4),
(540, '', '10102463213', 'ROJAS CHOCCA ARMANDO                                        ', 'AV.PLAN VIAL METROP.MZA.J LOT.08 ASOC FORTALEZA DE VITARTE-ATE-LIMA        ', 241, 216, 29, 217, '                                   ', '', 1, 1, 0, 1, 1, 4),
(541, '', '10409137895', 'ROJAS SAENZ LEYDI LOURDES                                   ', 'AV.MARIATEGUI 240 SEC.07  JUNIN - HUANCAYO - EL TAMBO                      ', 241, 216, 29, 217, '                                   ', '', 3, 1, 0, 1, 1, 4),
(542, '', '20402959763', 'ROKASA SAC                                                  ', 'AV. JOSÉ PARDO NRO. 1154-CHIMBOTE                                          ', 241, 216, 29, 217, '043-344573 SRTA ROCIO FLORES       ', '', 1, 1, 0, 1, 1, 4),
(543, '', '20514432768', 'ROMA IMPORT&EXPORT INTERNAZIONALE S.A.C.                    ', 'AV. AVIACION #895 LA VICTORIA-LIMA                                         ', 241, 216, 29, 217, '3245926 / 3256828                  ', '', 1, 1, 0, 1, 1, 4),
(544, '', '10102365874', 'ROMERO ALVA RICHARD FRANK                                   ', 'AV. IQUITOS 557 CERCADO (ALT. MUNICIPALIDAD DE LA VICTORIA)LA VICTORIA     ', 241, 216, 29, 217, '3330154', '', 1, 1, 0, 1, 1, 4),
(545, '', '10100559671', 'ROMERO APOLINARIO LUIS                                      ', 'MZA.D LT.3 RESI PRADERAS DE PARIACHI (2DA ETAPA)LIMA - LIMA - ATE          ', 241, 216, 29, 217, '949197418', '', 1, 1, 0, 1, 1, 4),
(546, '', '20492173585', 'ROMERO DIESEL S.A.C.                                        ', 'CAL.RAMIRO PRIALE # 145  LIMA - ATE                                        ', 241, 216, 29, 217, '                                   ', '', 1, 1, 0, 1, 1, 4),
(547, '', '10316642948', 'ROMERO FIGUEROA TIMOTEO MAURO                               ', 'AV.ARIAZ GRAZIANI S/N (JUNTO AL PUENTE DE YUNGAY)ANCASH -YUNGAY-YUNGAY     ', 241, 216, 29, 217, '                                   ', '', 1, 1, 0, 1, 1, 4),
(548, '', '10167238802', 'ROMERO RONCAL SANTOS ALEJANDRO                              ', 'AV. AUGUSTO B LEGUIA NRO. 951 INT. S-96 CHICLAYO                           ', 241, 216, 29, 217, '979914929 /#929976                 ', '', 1, 1, 0, 1, 1, 4),
(549, '', '10329544911', 'ROQUE CARRASCO JHON MARCO                                   ', 'AV.CONFRAT.INTER.OESTE #195 ANCASH                                         ', 241, 216, 29, 217, '\" # 0031336 , 220619                \"', '', 1, 1, 0, 1, 1, 4),
(550, '', '10426209271', 'ROQUE INCHICAQUI ABRAHAM HILARIO                            ', 'AV.FRANCISCO BOLOGNESI 137 BAR HUARUPAMPA ANCASH- HUARAZ-HUARAZ            ', 241, 216, 29, 217, '944923089', '', 1, 1, 0, 1, 1, 4),
(551, '', '10408723359', 'ROSALES JORGE LIDIA ROSMERY                                 ', 'AV. FCO. DE PAULA DE OTERO NRO. 663 SEC. JUNIN - TARMA - TARMA             ', 241, 216, 29, 217, '9950976997 -995097699              ', '', 3, 1, 0, 1, 1, 4),
(552, '', '10012147118', 'RUELAS SOTO LEONIDAS                                        ', 'JR. ANDAHUAYLAS NRO. 144 BARRIO PORTEÑO PUNO                               ', 241, 216, 29, 217, '                                   ', '', 1, 1, 0, 1, 1, 4),
(553, '', '10230973861', 'RUFINO NUÑEZ HERIOL                                         ', 'JR.GARCIA NARANJO #150 TDA01-LA VICTORIA                                   ', 241, 216, 29, 217, '\"2400735, 995104316                 \"', '', 1, 1, 0, 1, 1, 4),
(554, '', '10021519095', 'SAAVEDRA CAMPOS FORTUNATO                                   ', 'JR.LIBERTAD #1121 BAR LAS MERCEDES-PUNO-SAN ROMAN-JULIACA                  ', 241, 216, 29, 217, '969675085', '', 3, 1, 0, 1, 1, 4),
(555, '', '10021527926', 'SAAVEDRA CAMPOS LIDIA                                       ', 'JR.TUMBES 1955 BAR.MANCO CAPAC -PUNO - SAN ROMAN - JULIACA                 ', 241, 216, 29, 217, '933564819-#985181905 -951574241    ', '', 3, 1, 0, 1, 1, 4),
(556, '', '10012902463', 'SAIRA ADUVIRI PEDRO                                         ', 'AV.FERNANDO LEON DE VIVERO NRO.S/N ICA - ICA - ICA                         ', 241, 216, 29, 217, '998100771', '', 1, 1, 0, 1, 1, 4),
(557, '', '10166541315', 'SALAS RODRIGUEZ VICTOR MARTIN                               ', 'JR.SUCRE # 373 -CAJAMARCA                                                  ', 241, 216, 29, 217, '# 019333                           ', '', 1, 1, 0, 1, 1, 4),
(558, '', '10413013491', 'SALAZAR LOLI YONI MARIA                                     ', 'JR.FRANCISCO BOLOGNESI 137URB. ROSAS PAMPA-HUARAZ-HUARAZ                   ', 241, 216, 29, 217, '                                   ', '', 1, 1, 0, 1, 1, 4),
(559, '', '10103377086', 'SALCEDO LUJAN MIGUEL                                        ', 'AV.CENTENARIO 1863 BARRIO EL MILAGRO ANCASH - HUARAZ - INDEPENDENCIA       ', 241, 216, 29, 217, '                                   ', '', 1, 1, 0, 1, 1, 4),
(560, '', '10258446874', 'SALDAñA CALLE EDY                                           ', 'AV.MESONES MURO 924 SEC NUEVO HORIZONTE CAJAMARCA - JAEN - JAEN            ', 241, 216, 29, 217, '976919675', '', 2, 1, 0, 1, 1, 4),
(561, '', '10102053953', 'SALVADOR ERAZO EDIE JESUS                                   ', 'CAL.LOS TALADROS NRO. 298 URB. EL NARANJAL LIMA - LIMA - INDEPENDENCIA     ', 241, 216, 29, 217, '                                   ', '', 1, 1, 0, 1, 1, 4),
(562, '', '10468953761', 'SALVADOR ERAZO LUIS ANGEL                                   ', 'CAL. LOS TALADROS 98 URB. NARANJAL                                         ', 241, 216, 29, 217, '982162732', '', 1, 1, 0, 1, 1, 4),
(563, '', '10180958857', 'SALVADOR RODRIGUEZ SANTOS YSABEL                            ', 'AV.FERNANDO BELAUNDE 810 URB.LA PRIMAVERA LAMBAYEQUE- CHICLAYO - CHICLAYO  ', 241, 216, 29, 217, '                                   ', '', 1, 1, 0, 1, 1, 4),
(564, '', '10482825503', 'SANCHEZ LINARES JACKSON ADRIEL                              ', 'AV. AUGUSTO B. LEGUIA 1197-CHICLAYO                                        ', 241, 216, 29, 217, '                                   ', '', 1, 1, 0, 1, 1, 4),
(565, '', '10427091371', 'SANCHEZ NUÑEZ DIANA MARCELINA                               ', 'CAL. 26 DE ABRIL 291 A.H. JUAN VELASCO ALVARADO PIURA-SULLANA-SULLANA      ', 241, 216, 29, 217, '956917863', '', 1, 1, 0, 1, 1, 4),
(566, '', '10181825150', 'SANCHEZ RAMIREZ JOSE AGUSTIN                                ', 'PROL.CESAR VALLEJO #1633 A.H. EL PALOMAR-TRUJILLO-LA LIBERTAD              ', 241, 216, 29, 217, '044-215154                         ', '', 1, 1, 0, 1, 1, 4),
(567, '', '10456396319', 'SANCHEZ TUESTA DIANA CAROLINA                               ', 'AV.AMERICA SUR#1287 URB.SANTO DOMINGUITO-TRUJILLO-LA LIBERTAD              ', 241, 216, 29, 217, '044-223449                         ', '', 1, 1, 0, 1, 1, 4),
(568, '', '10471243952', 'SANCHEZ TUESTA JOSE LUIS                                    ', 'AV.PERU #372 LA INTENDENCIA-TRUJILLO-LA LIBERTAD                           ', 241, 216, 29, 217, '\"044-223449, *257963, #220779, 94999\"', '', 1, 1, 0, 1, 1, 4),
(569, '', '10036693415', 'SANDOVAL SAAVEDRA ELSA                                      ', 'AV. MIGUEL GRAU 215 CAS. MONTERON-SULLANA                                  ', 241, 216, 29, 217, '073-669920                         ', '', 1, 1, 0, 1, 1, 4),
(570, '', '10101559144', 'SANTIAGO ESPINOZA SOTERO AVELINO                            ', 'AV.GERARDO UNGER 4513 INT.18 NARANJAL-IND-LIMA-S.M.P                       ', 241, 216, 29, 217, '983274828', '', 1, 1, 0, 1, 1, 4),
(571, '', '20407025807', 'SEMMAGE & CONSTRUCTORA SRL                                  ', 'CAR.CARRETERA CENTRAL NRO. 01 ANCASH - HUAYLAS - CARAZ                     ', 241, 216, 29, 217, '943615663-943789512      ', '', 1, 1, 0, 1, 1, 4),
(572, '', '20602587771', 'SENATINO´S MOTOR PARTS E.I.R.L.                             ', 'AV. CENTENARIO NRO. 1863 BAR. EL MILAGRO ANCASH - HUARAZ - INDEPENDENC     ', 241, 216, 29, 217, '                                   ', '', 2, 1, 0, 1, 1, 4),
(573, '', '20525307418', 'SERVICIOS Y REPUESTOS NEIRA EIRL                            ', 'AV. BOLOGNESI NRO. 403-PIURA                                               ', 241, 216, 29, 217, '\"073-309646, #972874302 ENRIQUE , *6\"', '', 1, 1, 0, 1, 1, 4),
(574, '', '20491804204', 'SERVIPARTS S.R.L                                            ', 'JR.SUCRE #434 BR LA FLORIDA - CAJAMARCA                                    ', 241, 216, 29, 217, '\"076361339 , # 727569 , 976554504   \"', 'LIDIA_FLOR1@HOTMAIL.COM  ', 1, 1, 0, 1, 1, 4),
(575, '', '20559885101', 'SERVIRENTS FG E.I.R.L.                                      ', 'JR.UNION 1817 URB.LOS GRANADOS TRUJILLO-LA LIBERTAD                        ', 241, 216, 29, 217, '                                   ', '', 1, 1, 0, 1, 1, 4),
(576, '', '10088932876', 'SHUAN RAMOS CIRILO ZENON                                    ', 'AV.MARIANO PASTOR SEVILLA MZ.CH LT.15 SECT 1 GRUPO 21 A LIMA-VILLA.SAL     ', 241, 216, 29, 217, '959011432', '', 1, 1, 0, 1, 1, 4),
(577, '', '10179309101', 'SILVA CASTAÑEDA HEBERT ALEJANDRO                            ', 'CAL.CESAR VALLEJO  1615 A.H. SANTA ROSA-TRUJILLO-LA LIBERTAD               ', 241, 216, 29, 217, '#996464232     ', '', 1, 1, 0, 1, 1, 4),
(578, '', '10417435188', 'SILVA HUARHUA KARINA JANNET                                 ', 'JR. CARABAYA NRO. 243 PUNO - SAN ROMAN - JULIACA                           ', 241, 216, 29, 217, '953460613', '', 3, 1, 0, 1, 1, 4),
(579, '', '10415910784', 'SILVA TEJADA MIGUEL IVAN                                    ', 'AV.PROL CESAR VALLEJO #1770 INT B URB.LA RINCONADA-TRUJILLO-LA LIBERTAD    ', 241, 216, 29, 217, 'RPM #0135413                       ', '', 1, 1, 0, 1, 1, 4),
(580, '', '10311916055', 'SILVERA RAMIREZ FREDY RAYMUNDO                              ', 'JR. PAMPACHIRI 148 APURIMAC - ANDAHUAYLAS - ANDAHUAYLAS                    ', 241, 216, 29, 217, '                                   ', '', 1, 1, 0, 1, 1, 4),
(581, '', '10040094364', 'SOLANO POVIS ADELAIDA                                       ', 'PJ.LOS AROS 149 P.J. SAN JACINTO LIMA - LIMA - SAN LUIS                    ', 241, 216, 29, 217, '14741750', '', 1, 1, 0, 1, 1, 4),
(582, '', '10701986798', 'SOLANO QUISPE NELSON                                        ', 'S.J.L                                                                      ', 241, 216, 29, 217, '                                   ', '', 1, 1, 0, 1, 1, 4),
(583, '', '10210751063', 'SOLORZANO ESTEBAN JAIME                                     ', 'JR.SAN MATIAS 127 SEC.TARMA JUNIN - TARMA - TARMA                          ', 241, 216, 29, 217, '                                   ', '', 1, 1, 0, 1, 1, 4),
(584, '', '10717771082', 'SOLORZANO SALCEDO JHON CARLOS                               ', 'JR. SAN MATIAS #118 SEC. TARMA  JUNIN- TARMA- TARMA                        ', 241, 216, 29, 217, '955705176', '', 1, 1, 0, 1, 1, 4),
(585, '', '10294158087', 'SONCCO ALVAREZ VICTORIA MARTINA                             ', 'CAL.PUNO NRO. 556 AREQUIPA - AREQUIPA - MIRAFLORES                         ', 241, 216, 29, 217, '966869535-958533656      ', '', 1, 1, 0, 1, 1, 4),
(586, '', '10422587565', 'SOTO LAZO PATRICIA                                          ', 'AV. MARIATEGUI NRO. 316 JUNIN - HUANCAYO - EL TAMBO                        ', 241, 216, 29, 217, '                                   ', '', 3, 1, 0, 1, 1, 4),
(587, '', '10418500412', 'SOTO VILLENA TEODOLINDA CARLOTA                             ', 'AV.PACHACUTEC 3483 A.H.HOGAR POLICIAL-LIMA-LIMA-V.M.T                      ', 241, 216, 29, 217, '967202447', '', 1, 1, 0, 1, 1, 4),
(588, '', '20490395572', 'SPARE PARTS CORIMANYA E.I.R.L.                              ', 'AV. AREQUIPA NRO. 414 CUSCO - CANCHIS-SICUANI                              ', 241, 216, 29, 217, '974982994', '', 1, 1, 0, 1, 1, 4),
(589, '', '20601249627', 'SPZ REPUESTOS E.I.R.L.                                      ', 'CAL.PUNO NRO. 546 AREQUIPA - AREQUIPA - MIRAFLORES                         ', 241, 216, 29, 217, '958578821', '', 3, 1, 0, 1, 1, 4),
(590, '', '', 'SRA MECHE                                                   ', '                                                                           ', 241, 216, 29, 217, '958006527', '', 1, 1, 0, 1, 1, 1),
(591, '11111111', '', 'SRA. ROSITA                                                 ', 'AV. PROCERES DE LA INDEPENDENCIA NRO. 2288 LIMA SJL                        ', 241, 216, 29, 217, '                                   ', '', 4, 1, 0, 1, 1, 1),
(592, '', '', 'SRA. VARGAS                                                 ', 'SAN JUAN DE LURIGANCHO                                                     ', 241, 216, 29, 217, '931237610', '', 4, 1, 0, 1, 1, 1),
(593, '', '10418927955', 'SUCASACA HALLASI DAVID                                      ', 'JR. LIBERTAD #1080 BARRIO MANCO CAPAC-SAN ROMAN-JULIACA                    ', 241, 216, 29, 217, '\"#995999934, 950810945,051-782852   \"', '', 1, 1, 0, 1, 1, 4),
(594, '', '10004391336', 'SUCESION YANAPA RAMOS TEOFILO                               ', 'CAL.TALARA #1364 TACNA - TACNA                                             ', 241, 216, 29, 217, '                                   ', '', 1, 1, 0, 1, 1, 4),
(595, '', '10737665190', 'SULLCAHUAMAN HUARACA MARCO ANTONIO                          ', 'AV.PANAMERICANA 924 (COSTADO SERV.MORILLO)-ABANCAY-ABANCAY-ABANCAY         ', 241, 216, 29, 217, '957788752', '', 1, 1, 0, 1, 1, 4),
(596, '', '10800267922', 'TACCA LEONARDO ANTONIO                                      ', 'JR. LIBERTAD NRO. 919-SAN ROMAN - JULIACA                                  ', 241, 216, 29, 217, '988-070609                         ', '', 1, 1, 0, 1, 1, 4),
(597, '', '10800289811', 'TACCA LEONARDO EUGENIO                                      ', 'JR. LIBERTAD NRO. 905 PUNO - SAN ROMAN - JULIACA                           ', 241, 216, 29, 217, '                                   ', '', 1, 1, 0, 1, 1, 4),
(598, '10800289', '', 'TACCA LEONARDO EUGENIO                                      ', 'JR. LIBERTAD NRO. 905 PUNO - SAN ROMAN - JULIACA                           ', 241, 216, 29, 217, '                                   ', '', 1, 1, 1, 1, 1, 2),
(599, '', '10409499568', 'TACCA LEONARDO JUANA                                        ', 'JR.LIBERTAD #933 BARRIO MANCO CAPAC.PUNO-SAN ROMAN-JULIACA                 ', 241, 216, 29, 217, '\"950464433, 951591148               \"', '', 1, 1, 0, 1, 1, 4),
(600, '', '10433645435', 'TACCA LEONARDO SALOMON                                      ', 'JR. CARABAYA 211 BARRIO MANCO CAPAC - PUNO - SAN ROMAN - JULIACA           ', 241, 216, 29, 217, '                                   ', '', 1, 1, 0, 1, 1, 4),
(601, '2446560', '', 'TACCA LEONARDO VICTORIA                                     ', 'JR. LIBERTAD NRO. 913 SAN ROMAN - JULIACA-JULIACA                          ', 241, 216, 29, 217, '                                   ', '', 3, 1, 1, 1, 1, 2),
(602, '', '10423012604', 'TACCA ZELA LUCIANO                                          ', 'JR. CARABAYA NRO. 324 BR. MANCO CAPAC-SAN ROMAN-JULIACA                    ', 241, 216, 29, 217, '950802154', '', 1, 1, 0, 1, 1, 4),
(603, '', '10448649577', 'TAIPE CUSI ROSSVELT MARTIN                                  ', 'AV.ARENALES 633  AYACUCHO - HUAMANGA - SAN JUAN BAUTISTA                   ', 241, 216, 29, 217, '990558520', '', 1, 1, 0, 1, 1, 4),
(604, '', '10401370183', 'TANTARICO ARRIETA SANTOS                                    ', 'CAL.PROL.FEDERICO VILLAREAL #767 LAS MALVINAS-TRUJILLO-LA LIBERTAD         ', 241, 216, 29, 217, '947958364', '', 1, 1, 0, 1, 1, 4),
(605, '', '10465151477', 'TARRILLO SILVA YANINA LISETH                                ', 'JR. JOSE ARANA NRO. 445 CENTR CHOTA CAJAMARCA - CHOTA - CHOTA              ', 241, 216, 29, 217, '                                   ', '', 1, 1, 0, 1, 1, 4),
(606, '', '10277170731', 'TAVARA PEREZ JOSE MANUEL                                    ', 'AV.MESONES MURO # 1043 MORRO SOLAR-CAJAMARCA-CAJAMARCA                     ', 241, 216, 29, 217, '\"076431809, 976541109               \"', '', 2, 1, 0, 1, 1, 4),
(607, '', '10246640195', 'TAYPE LAGUNA VICTORIANO                                     ', 'AV. AREQUIPA ACCOTA SN CUSCO - CANCHIS - SICUANI                           ', 241, 216, 29, 217, '                                   ', '', 1, 1, 0, 1, 1, 4),
(608, '', '10478180689', 'TAYPE TACURI JESUS FERNANDO                                 ', 'AV. AREQUIPA NRO. S/N COM. ACCOTA CUSCO - CANCHIS - SICUANI                ', 241, 216, 29, 217, '                                   ', '', 1, 1, 0, 1, 1, 4),
(609, '', '10413866141', 'TAYPE TACURI MARGARITA                                      ', 'AV. SANTA CRUZ NRO. SN  CUSCO - CANCHIS - SICUANI                          ', 241, 216, 29, 217, '985116166', '', 3, 1, 0, 1, 1, 4),
(610, '', '10181905579', 'TEJADA MAYTA IRMA RAQUEL                                    ', 'AV. PROLONG.CESAR VALLEJO 890 INT.101 -TRUJILLO-LA LIBERTAD                ', 241, 216, 29, 217, '\"#949622667,                        \"', '', 1, 1, 0, 1, 1, 4),
(611, '', '10239937875', 'TELLO ZEVALLOS SEGUNDINA                                    ', 'AV. TACNA # 300 WANCHAQ-CUSCO-CUSCO                                        ', 241, 216, 29, 217, '\"996,093,453,955,694,000,000,000,000\"', '', 1, 1, 0, 1, 1, 4),
(612, '', '10438545293', 'TICONA PAREDES ESTHER                                       ', 'JR.LIBERTAD 919 SAN ROMAN-JULIACA                                          ', 241, 216, 29, 217, '                                   ', '', 1, 1, 0, 1, 1, 4),
(613, '65147892', '', 'TIITI                                                       ', 'PROCERES                                                                   ', 241, 216, 29, 217, '                                   ', '', 1, 1, 0, 1, 1, 1),
(614, '', '10013267044', 'TIPULA TIPULA BENITO                                        ', 'AV. EL SOL NRO. 923 BARRIO PORTEñO-PUNO-PUNO-PUNO                          ', 241, 216, 29, 217, '950807168', '', 3, 1, 0, 1, 1, 4),
(615, '', '10401879477', 'TIPULA TIPULA LIDIA                                         ', 'JR.CARABAYA 226 VICTORIA PUNO - PUNO - PUNO                                ', 241, 216, 29, 217, '978030032', '', 1, 1, 0, 1, 1, 4),
(616, '', '10062517650', 'TITI CALSINA ROLANDO LUCHO                                  ', 'MZA.H9 LT.15 A.H. JOSE CARLOS (PDERO 6.5 AV WIESSE)-SJL                    ', 241, 216, 29, 217, '984027510', '', 1, 1, 0, 1, 1, 4),
(617, '', '10457044611', 'TITO SUXSO ELENA                                            ', 'AV. TACNA NRO. 308 (COSTADO DE PUNTO AZUL) CUSCO - CUSCO - WANCHAQ         ', 241, 216, 29, 217, '958922971 O 958422971              ', '', 3, 1, 0, 1, 1, 4),
(618, '', '10316660270', 'TOLEDO CARRION CLOTILDE ROSALINDA                           ', 'AV. ARIAS GRAZZIANI NRO. S/N-YUNGAY-ANCASH                                 ', 241, 216, 29, 217, '\"043-393284, RPM:989217             \"', '', 1, 1, 0, 1, 1, 4),
(619, '', '10410124217', 'TORIBIO RODRIGUEZ ALEX HUMBERTO                             ', 'AV. F. VILLARREAL MZA. U LOTE. 15 SEMIRUSTICA EL BOSQUE-TRUJILLO-LA LIBERTA', 241, 216, 29, 217, '                                   ', '', 1, 1, 0, 1, 1, 4),
(620, '11111111', '', 'TORITO                                                      ', 'SAN JUAN DE LURIGANCHO                                                     ', 241, 216, 29, 217, '                                   ', '', 4, 1, 0, 1, 1, 1),
(621, '', '10204349962', 'TORRES VERASTEGUI AMANDA SUSANA                             ', 'PJ.LOS AROS #165 P.J.SAN JACINTO-SAN LUIS-LIMA                             ', 241, 216, 29, 217, '                                   ', '', 1, 1, 0, 1, 1, 4),
(622, '', '20221172117', 'TRANSPORTES Y SERVICIOS MULTIPLES S A                       ', 'AV. ANCHOVETA MZA. B LOTE. 33 NUEVO CHIMBOTE                               ', 241, 216, 29, 217, '043311967 / 317150                 ', '', 1, 1, 0, 1, 1, 4),
(623, '', '10717245119', 'TROYES RIMAPA JHON FRANKLIN                                 ', 'AV.CAJAMARCA 772 RES.CERCADO SAN MARTIN -RIOJA - NUEVA CAJAMARCA           ', 241, 216, 29, 217, '958606772', '', 1, 1, 0, 1, 1, 4),
(624, '', '20506545081', 'TURBO MOTORS EIRL                                           ', 'AV.TUPAC AMARU 224-HUACHO                                                  ', 241, 216, 29, 217, '2391402', '', 1, 1, 0, 1, 1, 4),
(625, '', '20508710888', 'UNITED CORP S.A.C.                                          ', 'CAL.PALLASCA 1430 URB.COVIDA 2DA ENTRADA LIMA - LIMA - LOS OLIVOS          ', 241, 216, 29, 217, '                                   ', '', 1, 1, 0, 1, 1, 4),
(626, '', '10411943211', 'URURI MARCA ABRAHAM                                         ', 'CAL.PUNO # 511C MIRAFLORES-AREQUIPA-AREQUIPA                               ', 241, 216, 29, 217, '\"054791983,   0548036909, 054791983 \"', '', 3, 1, 0, 1, 1, 4),
(627, '', '10046410462', 'URURI MARCA EDILBERTO                                       ', 'CAL.PUNO NRO. 517 AREQUIPA - AREQUIPA - MIRAFLORES                         ', 241, 216, 29, 217, '950765048', 'UNIVERSO.AQP@GMAIL.COM        ', 3, 1, 0, 1, 1, 4),
(628, '', '10266964001', 'VALDERRAMA SIGÜENZA JORGE LUIS                              ', 'JR.ALFONSO UGARTE 243A BR LA FLORIDA CAJAMARCA-CAJAMARCA-CAJAMARCA         ', 241, 216, 29, 217, '#944658306-976003827               ', '', 1, 1, 0, 1, 1, 4);
INSERT INTO `cliente` (`id_clte`, `dni_clte`, `ruc_clte`, `nombre_clte`, `direcc_clte`, `pais_cte`, `depto_cte`, `provi_cte`, `dtto_clte`, `tlf_ctle`, `email_clte`, `vendedor_clte`, `estatus_ctle`, `condp_clte`, `sucursal_clte`, `lista_clte`, `tipoid_clte`) VALUES
(629, '', '10036410456', 'VALDIVIEZO SANTIN GILBERTO ENRIQUE                          ', 'CAL. BOLOGNESI NRO. 325 PIURA - SULLANA - SULLANA                          ', 241, 216, 29, 217, '073-504032                         ', '', 1, 1, 0, 1, 1, 4),
(630, '', '', 'VALE CAR     - ENRIQUE VALENCIA LOZA                        ', 'JR.PARURO 1132 CENTRO COMERCIAL ELECTRO FERRETERA STAND 116                ', 241, 216, 29, 217, '4275517//942091751 /*0078915       ', '', 1, 1, 0, 1, 1, 1),
(631, '', '10316556138', 'VALVERDE COLLAS OMAR RUBEN                                  ', 'CAR.CARRET.CENTRAL S/N U.V.BARR.YANACHACA ANCASH-HUAYLAS-CARAZ             ', 241, 216, 29, 217, '#964744347     ', '', 2, 1, 0, 1, 1, 4),
(632, '', '10257537388', 'VARGAS CALLISAYA SUSANA EDITH                               ', 'CAL.LOS TALLERES 16 URB.INDUSTRIAL EL NARANJAL-INDEPENDENCIA-LIMA          ', 241, 216, 29, 217, '                                   ', '', 1, 1, 0, 1, 1, 4),
(633, '', '10444383874', 'VARGAS CHACHAQUE JUAN PABLO                                 ', 'AV. JORGE BASADRE NRO.S/N INT. 24 ASOC.COM.CRISTINA VILDOSO TACNA          ', 241, 216, 29, 217, '\"935075910, 967293766               \"', '', 3, 1, 0, 1, 1, 4),
(634, '', '10255770476', 'VARGAS CHACHAQUE, EMERITA', 'ASOC.COMERC.4 DE NOVIEMBRE INTS 19-64.AV.JORGE.BASA.S/N-TACNA-TACNA-TACNA  ', 241, 216, 29, 217, '                                   ', '', 1, 1, 0, 1, 1, 4),
(635, '', '15387584541', 'VARGAS PACCO JULIAN MARCELO                                 ', 'AV.GERARDO UNGER 4523 URB.EL NARANJAL                                      ', 241, 216, 29, 217, '982162831', '', 1, 1, 0, 1, 1, 4),
(636, '', '20487592626', 'VARGAS PINTADO GRACIELA                                     ', 'AV. AUGUSTO B. LEGUIA 951  STAND 111/114-CHICLAYO                          ', 241, 216, 29, 217, '*317350                            ', '', 1, 1, 0, 1, 1, 4),
(637, '', '10419274335', 'VARGAS PINTADO LADY HONELIA                                 ', 'AV. AUGUSTO B.LEGUIA # 951 INT. 99 FERIA SAN LORENZO LAMBAYEQUE - CHICLAYO ', 241, 216, 29, 217, '                                   ', '', 1, 1, 0, 1, 1, 4),
(638, '', '10167779897', 'VARGAS PINTADO MARIA AZUCENA                                ', 'AV. AUGUSTO B LEGUIA NRO. 951 INT. 58-CHICLAYO                             ', 241, 216, 29, 217, '\"979859852 , *0279736               \"', '', 1, 1, 0, 1, 1, 4),
(639, '', '10473505075', 'VASQUEZ CALDERON FLOR MARIELA                               ', 'AV.VIA DE EVITAMIENTO SUR # 746 - CAJAMARCA                                ', 241, 216, 29, 217, '*602170                            ', '', 1, 1, 0, 1, 1, 4),
(640, '', '10329636106', 'VASQUEZ INFANTES JUAN CARLOS                                ', 'AV.LIMONCILLO 1026 LIMA - BARRANCA                                         ', 241, 216, 29, 217, '#968167903    ', '', 3, 1, 0, 1, 1, 4),
(641, '', '10095157144', 'VASQUEZ VASQUEZ WILMER ALFREDO                              ', 'AV.GERARDO UNGER 4553 INT.67 URB.INDUSTRIAL NARANJAL-LIMA-SMP              ', 241, 216, 29, 217, '996373226', '', 1, 1, 0, 1, 1, 4),
(642, '', '20453822738', 'VECAMIV EIRL                                                ', 'JR.SUCRE #495 BR LA FLORIDA - CAJAMARCA                                    ', 241, 216, 29, 217, '\"076847122 , 976802638 , 976061057, \"', '', 1, 1, 0, 1, 1, 4),
(643, '', '10709059195', 'VEGA PORTOCARRERO ALEXANDER                                 ', 'AV. NARANJAL NRO. 357 URB. INDUSTRIAL PANAMERICANA NORTE LIMA              ', 241, 216, 29, 217, '997196269', '', 1, 1, 0, 1, 1, 4),
(644, '', '10106202554', 'VELA OCAMPO ROBERTO JENSEN                                  ', 'AV.PROCERES DE LA INDEPENDEN 1755 -SAN JUAN DE LURIGANCHO-LIMA             ', 241, 216, 29, 217, '                                   ', '', 1, 1, 0, 1, 1, 4),
(645, '', '10413891383', 'VELARDE OROZ KATY INGRID                                    ', 'AV. INCA LLOQUE YUPANQUI MZA. Y LOTE. 8 C.C. ANEXO 22 JICAMARCA - LIMA - HU', 241, 216, 29, 217, '                                   ', '', 1, 1, 0, 1, 1, 4),
(646, '', '10102541052', 'VELASCO BEDREÑANA VICTOR EDDY                               ', 'AV. FERNANDO LEON DE VIVERO #311 INT.B  URB.SAN JOAQUIN VIEJO  - ICA       ', 241, 216, 29, 217, '                                   ', '', 1, 1, 0, 1, 1, 4),
(647, '', '', 'VELASQUE SILVERA DELFINA                                    ', 'JR.PANPACHIRI 162 APURIMAC-ANDAHUAYLAS                                     ', 241, 216, 29, 217, '995669980', '', 1, 1, 0, 1, 1, 1),
(648, '', '10106138678', 'VELASQUE SILVERA HERMELINDA                                 ', 'JR.PANPACHIRI #148 APURIMAC-ANDAHUAYLAS-ANDAHUAYLAS                        ', 241, 216, 29, 217, '983666143 // TEL:205543            ', '', 2, 1, 0, 1, 1, 4),
(649, '', '10408919661', 'VELASQUEZ ROJAS LUZMILA ROSA                                ', 'JR.CANDELARIA VILLAR SUB DIV #668 BARR. DE CENTENARIO-HUARAZ-ANCASH        ', 241, 216, 29, 217, '\"968362190, *0338124                \"', '', 1, 1, 0, 1, 1, 4),
(650, '', '10415596206', 'VENTOCILLA HERRERA CARLOS DARWIN                            ', 'AV.ANDRES AVELINO CACERES LT.17 A.H. ZONA O LIMA - LIMA -SANTA ANITA       ', 241, 216, 29, 217, '                                   ', '', 1, 1, 0, 1, 1, 4),
(651, '', '10210816858', 'VICENTE MAXIMILIANO MARTA LUZ                               ', 'AV.JOSE CARLOS MARIATEGUI # 314 JUNIN - HUANCAYO - EL TAMBO                ', 241, 216, 29, 217, '                                   ', '', 3, 1, 0, 1, 1, 4),
(652, '', '10200114961', 'VICENTE MAXIMILIANO SILA                                    ', 'AV. JOSE C. MARIATEGUI NRO. 336 JUNIN - HUANCAYO - EL TAMBO                ', 241, 216, 29, 217, '                                   ', '', 3, 1, 0, 1, 1, 4),
(653, '', '20545948282', 'VICTCAM S.A.C.                                              ', 'CAL.RAMIRO PRIALE MZA. B1 LOTE. 9-ATE                                      ', 241, 216, 29, 217, '\"3484295,      #979047109,          \"', '', 1, 1, 0, 1, 1, 4),
(654, '94727682', '', 'VICTOR ATAUJE FLORES                                        ', 'AV.MEXICO 1679-LA VICTORIA                                                 ', 241, 216, 29, 217, '947276826', '', 1, 1, 0, 1, 1, 1),
(655, '', '10419534965', 'VILCA CAYLLAHUA TRINIDAD VIRGILIA                           ', 'CAL. PUNO # 562 MIRAFLORES-AREQUIPA                                        ', 241, 216, 29, 217, '\"958800150,    #999332280           \"', '', 1, 1, 0, 1, 1, 4),
(656, '', '10024108894', 'VILCA TINTAYA LUCIA                                         ', 'JR.VILCANOTA 115  PUNO - SAN ROMAN - JULIACA                               ', 241, 216, 29, 217, '                                   ', '', 1, 1, 0, 1, 1, 4),
(657, '', '10200889733', 'VILCAPOMA VILCAPOMA RUDE LUZ                                ', 'JR. ATAHUALPA NRO. 436 INT. 1 JUNIN - HUANCAYO-HUANCAYO                    ', 241, 216, 29, 217, '997596277', '', 1, 1, 0, 1, 1, 4),
(658, '', '10232759939', 'VILCARANO CHAVEZ ZENON                                      ', 'AV.MARISCAL CACERES #323 HUAMANGA-AYACUCHO                                 ', 241, 216, 29, 217, '990060043', '', 2, 1, 0, 1, 1, 4),
(659, '', '10083100708', 'VILCATOMA ALATA JOSE ANTONIO                                ', 'AV.JOSE DE LA TORRE UGARTE #102A-SJL                                       ', 241, 216, 29, 217, '                                   ', '', 1, 1, 0, 1, 1, 4),
(660, '', '10456267101', 'VILCATOMA GONZALES GRISELDA                                 ', 'AV.NICOLAS AYLLON 5007(ALT. DE COO. SOL DE VITARTE)LIMA - LIMA -ATE        ', 241, 216, 29, 217, '                                   ', '', 1, 1, 0, 1, 1, 4),
(661, '', '10036518052', 'VILCHEZ SIANCAS DE CRESPO CARMEN DEL ROSARIO                ', 'CAL. UNION NRO. 110 A.H. EL OBRERO PIURA - SULLANA - SULLANA               ', 241, 216, 29, 217, '947602688', '', 1, 1, 0, 1, 1, 4),
(662, '', '10296515171', 'VIZA CARLOSVIZA AGUSTINA BENITA                             ', 'AV.MANCO INCA 300 (1CDR DE SUNARP C2P 979242244) CUSCO-CUSCO-WANCHAQ       ', 241, 216, 29, 217, '                                   ', '', 1, 1, 0, 1, 1, 4),
(663, '', '20549905022', 'WIKAR E.I.R.L.                                              ', 'AV.ANDRES A.CACERES UVC 02 MZA.O LTE.12 A.H. HUAYCAN                       ', 241, 216, 29, 217, '                                   ', '', 1, 1, 0, 1, 1, 4),
(664, '', '20542289610', 'WILKEANCAR S.A.C.                                           ', 'JR. BOLOGNESI NRO.648 SAN MARTIN - RIOJA - NUEVA CAJAMARCA                 ', 241, 216, 29, 217, '986667293', '', 2, 1, 0, 1, 1, 4),
(665, '', '20538140181', 'WV DIESEL E.I.R.L.                                          ', 'PJ.LOS ROBLES MZA.I LT. 5A URBCANTO BELLO LIMA -SAN JUAN DE LURIGANCHO     ', 241, 216, 29, 217, '                                   ', '', 1, 1, 0, 1, 1, 4),
(666, '', '10440337878', 'YAHUAIRE TACUNAN BELEN                                      ', 'AV. MEXICO NRO. 946 (FTE A PROLG.HUAMANGA)LIMA - LIMA - LA VICTORIA        ', 241, 216, 29, 217, '998226065', '', 1, 1, 0, 1, 1, 4),
(667, '', '10703489678', 'YANAPA QUISPE SHAYDA NARDY                                  ', 'CAL.TALARA 1364 TACNA-TACNA-TACNA                                          ', 241, 216, 29, 217, '967684114', '', 3, 1, 0, 1, 1, 4),
(668, '', '', 'YENY                                                        ', 'INDEPENDENCIA                                                              ', 241, 216, 29, 217, '                                   ', '', 2, 1, 0, 1, 1, 1),
(669, '               ', '10461500108', 'YGLESIAS LEYVA JOSE LUIS', 'JR.SANTIAGO H.RABANAL 174 -CAJAMARCA CELENDIN CELENDIN      ', 241, 216, 29, 217, '', '                                                  ', 1, 1, 0, 1, 1, 4),
(670, '', '10460374141', 'YZQUIERDO CERNA ROBERT BRYAN                                ', 'AV.GERARDO UNGER .4475 INT.59 URB.IND EL NARANJAL-S.M.P                    ', 241, 216, 29, 217, '983453123', '', 1, 1, 0, 1, 1, 4),
(671, '', '10428725285', 'ZAMBRANO HUAMAN ELMER PERCY                                 ', 'JR. SANTA ROSA NRO. 720 CENTRO CHOTA CAJAMARCA - CHOTA - CHOTA             ', 241, 216, 29, 217, '951657364', '', 1, 1, 0, 1, 1, 4),
(672, '', '10205242851', 'ZARATE SOTELO DELTA JULIETA                                 ', 'AV.FRAY JERONIMO JIMENEZ 953 URB.SAN CARLOS JUNIN-CHANCHAMAYO              ', 241, 216, 29, 217, '949632787', '', 3, 1, 0, 1, 1, 4),
(673, '', '10198572174', 'ZUASNABAR CUNYAS ROBERTO VITALIANO                          ', 'AV.MARIATEGUI 719 JUNIN - HUANCAYO - EL TAMBO                              ', 241, 216, 29, 217, '930933736', '', 1, 1, 0, 1, 1, 4),
(674, '', '20546548717', 'ZUKA IMPORT E.I.R.L.                                        ', 'AV.AVIACION #939 URB.SAN GERMAN-LA VICTORIA                                ', 241, 216, 29, 217, '\"3254280, 999994391, 950950620      \"', '', 1, 1, 0, 1, 1, 4),
(675, '               ', '20517286533', 'COMERCIAL MIRELLA SAC                                       ', 'CAL. LOS  FAROS NRO. 197 URB. SAN JACINTO - LIMA LIMA SAN LU', 241, 216, 29, 217, '                    ', '                                                  ', 2, 1, 0, 1, 1, 4),
(676, '               ', '', 'SPZ REPUESTOS E.I.R.L.                                      ', 'CAL. PUNO NRO. 546 - AREQUIPA AREQUIPA MIRAFLORES', 241, 216, 29, 217, '                    ', '                                                  ', 3, 1, 0, 1, 1, 1),
(677, '               ', '20603547978', 'MULTISERVICIOS REYES &AMP; INGENIEROS S.A.C.                ', 'JR.SANTIAGO ZAVALA  237-PBLO.HUAMACHUCO-LA LIBERTAD         ', 241, 216, 29, 217, '                    ', '                                                  ', 2, 1, 0, 1, 1, 4),
(678, '               ', '10296854684', 'CORDOVA TICONA RICHARD FELIPE', 'CAL. PUENTE ARNAO NRO. 245 - AREQUIPA AREQUIPA MIRAFLORES', 241, 216, 29, 217, '', '', 3, 1, 0, 1, 1, 4),
(679, '', '10435957108', 'CONDORI PAREDES VICTOR SAUL', 'AV. MANCO CAPAC NRO. 411 - CUSCO CUSCO WANCHAQ', 241, 216, 29, 217, '', '', 3, 1, 0, 1, 1, 4),
(680, '42275883', '10422758831', 'SUCATICONA APAZA RUTHY', 'JR. LIBERTAD NRO. 907 BAR. LAS MERCEDES - PUNO SAN ROMAN JUL', 241, 216, 29, 217, '', '                                                  ', 3, 1, 0, 1, 1, 4),
(681, '70254078', '10702540785', 'QUISPE ORTEGA JULIO CESAR', 'JR. PUNO NRO. 669 CRUZANI -PUNO EL COLLAO ILAVE             ', 241, 216, 29, 217, '                    ', '', 3, 1, 0, 1, 1, 4),
(682, '', '', 'CHILENO                                                     ', '', 241, 216, 29, 217, '', '', 1, 1, 0, 1, 1, 1),
(683, '19970641', '10199706417', 'REMON TENORIO JULIA', 'AV.JOSE CARLOS MARIATE 315A -CERCADO EL TAMBO-HUANCAYO      ', 241, 216, 29, 217, '', '                                                  ', 3, 1, 0, 1, 1, 4),
(684, '', '10442467647', 'HUAMAN OSORIO MELIN PAULINO', 'AV. CARABAYLLO NRO. 565 URB. SANTA ISOLINA 2DA ETAPA - LIMA ', 241, 216, 29, 217, '', '', 1, 1, 0, 1, 1, 4),
(685, '9874512369', '', 'MICAS ALVAREZ                                               ', 'SJL                                                         ', 241, 216, 29, 217, '123456789', '                                                  ', 4, 1, 0, 1, 1, 1),
(686, '               ', '10210804884', 'LEYVA MANSILLA OSWALDO                                      ', 'AV. JOSE DE AGUIRREZABAL NRO. S/N URB. PAMPA-JUNIN-CHANCHAMA', 241, 216, 29, 217, '                    ', '                                                  ', 3, 1, 0, 1, 1, 4),
(687, '43273158', '', 'GIANCARLO                                                   ', 'S-J-L                                                       ', 241, 216, 29, 217, '977596973', '                                                  ', 1, 1, 0, 1, 1, 1),
(688, '75852692', '10758526921', 'FAUSTINO SANCHEZ FRANCISCO MAXIMO', 'AV. SAN LUIS NRO. 1427 - LIMA LIMA SAN LUIS', 241, 216, 29, 217, '                    ', '', 3, 1, 0, 1, 1, 4),
(689, '               ', '10479994183', 'CUENCA ARROYO JHULISSA ELIZABETH', 'AV.VIA DE EVITA.SUR 761 P.J.HAYA DE LA TORRE-CAJAMARCA      ', 241, 216, 29, 217, '', '                                                  ', 2, 1, 0, 1, 1, 4),
(690, '46791006', '10467910065', 'FLORES FLORES CHRISTIAN ALFREDO                             ', 'CAL.PUNO 604 MIRAFLORES-AREQUIPA-AREQUIPA                   ', 241, 216, 29, 217, '                    ', '                                                  ', 3, 1, 0, 1, 1, 4),
(691, '76572135', '', 'CALIZAYA APAZA YONATHAN                                     ', 'PUNO-PUNO-PUNO                                              ', 241, 216, 29, 217, '                    ', '                                                  ', 3, 1, 1, 1, 1, 2),
(692, '70182478', '', 'PACORI TACCA YESSICA ZADID                                  ', 'JR.LIBERTAD 913 SAN ROMAN-JULIACA-JULIACA                   ', 241, 216, 29, 217, '                    ', '                                                  ', 3, 1, 1, 1, 1, 2),
(693, '               ', '10229857458', 'FLORES FLORES JESUS RAFAEL                                  ', 'CAR. CENTRAL KM. 1 LLICUA BAJA - HUANUCO HUANUCO AMARIL     ', 241, 216, 29, 217, '', '', 3, 1, 0, 1, 1, 4),
(694, '               ', '10101436310', 'MAYCA FIGUEROA MILUSKA FANNY                                ', 'AV. CARLOS PESCHIERA 516 LA MERCED - JUNIN - CHANCHAMAYO    ', 241, 216, 29, 217, '                    ', '                                                  ', 3, 1, 0, 1, 1, 4),
(695, '               ', '', 'GILGUERO                                                    ', 'SAN JUAN DE LURIGANCHO                                      ', 241, 216, 29, 217, '', '', 1, 1, 0, 1, 1, 1),
(696, '', '10420859606', 'LOPEZ ASTUHUAMAN ZULMA JANETH                               ', 'AV. TUPAC AMARU NRO 350 - JUNIN TARMA TARMA                 ', 241, 216, 29, 217, '', '', 3, 1, 0, 1, 1, 4),
(697, '14785236', '', 'ELIOT                                                       ', 'LIMA                                                        ', 241, 216, 29, 217, '                    ', '                                                  ', 5, 1, 0, 1, 1, 1),
(698, '6253724', '', 'DIAZ HUAMAN ALFONSO                                         ', 'AV. GERARDO UNGER 44 75 INT. 4 LIMA - LIMA - COMAS          ', 241, 216, 29, 217, '', '', 2, 1, 0, 1, 1, 1),
(699, '151587', '', 'OMAR                                                        ', 'LIMA                                                        ', 241, 216, 29, 217, '15158', '                                                  ', 1, 1, 0, 1, 1, 1),
(700, '', '20545653134', 'TRADING NUEVA ERA S.R.L', 'AV. MEXICO NRO. 1447 URB. SAN GERMAN LIMA  - LIMA  - LA VICT', 241, 216, 29, 217, '', '', 3, 1, 0, 1, 1, 4),
(701, '43299583', '', 'EDSSON FRANK MARCA PUMA                                     ', '', 241, 216, 29, 217, '', '', 1, 1, 0, 1, 1, 1),
(702, '               ', '10404903891', 'GRANDEZ QUISPE MIGUEL ANGEL                                 ', 'MANCO INCA 311 A WANCHAQ - CUSCO                            ', 241, 216, 29, 217, '                    ', '                                                  ', 3, 1, 0, 1, 1, 4),
(703, '10', '10456164698', 'SAAVEDRA QUISPE RENE', 'JR. LIBERTAD # 883 - JULIACA                                ', 241, 216, 29, 217, '', '', 3, 1, 0, 1, 1, 4),
(704, '7292408', '', 'JOSE ABANTO SALAS                                           ', 'SAN JUAN DE LURIGANCHO                                      ', 241, 216, 29, 217, '', '', 2, 1, 0, 1, 1, 1),
(705, '', '10766346966', 'DIAZ CASTAÑEDA ALEXIS ROLANDO                               ', 'AV.GERARDO UNGER 4513 URB.INDUSTRIAL NARANJAL-S.M.P-LIMA    ', 241, 216, 29, 217, '', '', 1, 1, 0, 1, 1, 4),
(706, '', '10013304616', 'RAMOS LAQUIHUANACO ADELAIDA', 'JR.PUNO 784 ILAVE-PUNO-PUNO                                 ', 241, 216, 29, 217, '', '', 3, 1, 0, 1, 1, 4),
(707, '', '20523076940', 'LINPLAST AUTOMOTRIZ S.A.C.', 'MZA. C LOTE. 8 P.VIV.RES.VILLA ESPERANZA LIMA  - LIMA  - COM', 241, 216, 29, 217, '', '', 3, 1, 0, 1, 1, 4),
(708, '41812097', '', 'EMERSON ERIN TAPIA CRUZ                                     ', 'NUEVA CAJAMARCA SAN MARTIN                                  ', 241, 216, 29, 217, '                    ', '                                                  ', 1, 1, 0, 1, 1, 1),
(709, '', '20517237168', 'REPUESTOS CELESTE S.A.C.', 'NRO. 1433 ---- PROLONG.PARINACOCHAS - LIMA LIMA LA VICTORIA ', 241, 216, 29, 217, '', '', 3, 1, 0, 1, 1, 4),
(710, '', '', 'ALFONZO DIAZ HUAMAN                                         ', 'CALLE LOS OLIVOS MZ :L2  - LT22                             ', 241, 216, 29, 217, '', '', 2, 1, 0, 1, 1, 1),
(711, '               ', '20459597329', 'ELIMPORT INVERSIONES SRL                                    ', 'PJ. ANDRES DE SANTA CRUZ N140 URB.EL RETABLO-COMAS-LIMA     ', 241, 216, 29, 217, '                    ', '                                                  ', 2, 1, 0, 1, 1, 4),
(712, '10484192885', '10484192885', 'ROSALES JORGE DANNY MIGUEL', 'AV. FCO. DE PAULA OTERO NRO. 787 SEC. TARMA - JUNIN TARMA TA', 241, 216, 29, 217, '', '', 3, 1, 0, 1, 1, 4),
(713, '10167364514', '10167364514', 'DELGADO CUEVA PEDRO DAVID', 'AV. G. UNGER NRO. 4513 Z.I. NARANJAL - LIMA LIMA SAN MARTIN ', 241, 216, 29, 217, '', '', 4, 1, 0, 1, 1, 4),
(714, '', '10441143040', 'CELESTINO MORALES DEBBY LOURDES', 'JR. FAUSTINO QUISPE NRO. 402 - JUNIN - HUANCAYO - EL TAMBO  ', 241, 216, 29, 217, '', '', 3, 1, 0, 1, 1, 4),
(715, '45124808', '', 'VELASQUEZ DAVILA ANGELO                                     ', 'BARRANCA-BARRANCA                                           ', 241, 216, 29, 217, '                    ', '                                                  ', 3, 1, 0, 1, 1, 1),
(716, '', '10410399011', 'MARAZA CALLA CESAR', 'JR. CARABAYA NRO. 104 - PUNO SAN ROMAN JULIACA              ', 241, 216, 29, 217, '', '', 3, 1, 0, 1, 1, 4),
(717, '               ', '20556181510', 'INTERNATIONAL KARINO E.I.R.L.', 'PRO. PARINACOCHAS 1450 OTR. OTROS - LIMA LIMA LA VICTORIA   ', 241, 216, 29, 217, '                    ', '                                                  ', 1, 1, 0, 1, 1, 4),
(718, '               ', '10453327472', 'CHOCCA FLORES ALEX EMERSON                                  ', 'AV.JOSE CARLOS MARIATEGUI 332 INT.3 - JUNIN HUANCAYO EL TAMB', 241, 216, 29, 217, '                    ', '                                                  ', 1, 1, 0, 1, 1, 4),
(719, '', '10334070137', 'CABAÑAS PICON DORA MERCEDES', 'CAL.INTISUYO 290 URB.MARANGA ET. SIETE - LIMA LIMA SAN MIGUE', 241, 216, 29, 217, '', '', 1, 1, 0, 1, 1, 4),
(720, '               ', '10472004714', 'RAMOS VALENTIN JULIO DAVID                                  ', 'AV. PANAMERICANA NRO. SN - APURIMAC ABANCAY ABANCAY', 241, 216, 29, 217, '                    ', '                                                  ', 2, 1, 0, 1, 1, 4),
(721, '', '10238466810', 'ALVAREZ MOZO JUANA', 'AV. MANCO CCAPAC NRO. 332 - CUSCO CUSCO WANCHAQ', 241, 216, 29, 217, '', '', 3, 1, 0, 1, 1, 4),
(722, '444444', '', 'MATIAS                                                      ', 'SAN JUAN DE LURIGANCHO                                      ', 241, 216, 29, 217, '44444', '                                                  ', 1, 1, 0, 1, 1, 1),
(723, '9960654', '', 'GOMEZ ROCA EDSON                                            ', 'MZ M LT10 CANTO GRANDE S-J-L                                ', 241, 216, 29, 217, '                    ', '                                                  ', 1, 1, 0, 1, 1, 1),
(724, '', '20394044432', 'AUTOREPUESTOS Y SERVICIOS MULTIPLES NICOLE E.I.R.L.', 'AV. CENTENARIO NRO. 286 URB. JOSE C. MARIATEGUI - UCAYALI - ', 241, 216, 29, 217, '', '', 3, 1, 0, 1, 1, 4),
(725, '               ', '10270730961', 'CHAVEZ ROJAS MIGUEL                                         ', 'LT.67 KM.12.5 FND.SECTOR PACAYAL DE SAN JUA - LIMA LIMA ATE ', 241, 216, 29, 217, '                    ', '                                                  ', 5, 1, 0, 1, 1, 4),
(726, '               ', '10477677440', 'CORDERO GOMEZ YOVANA GLORIA                                 ', 'JR. ALFONSO UGARTE NRO. 219 BAR. LA FLORIDA - CAJAMARCA CAJA', 241, 216, 29, 217, '                    ', '                                                  ', 2, 1, 0, 1, 1, 4),
(727, '714', '', 'AUTOPARTES MANUEL                                           ', 'AV METROPOLITANA 291-ATE                                    ', 241, 216, 29, 217, '                    ', '', 5, 1, 0, 1, 1, 1),
(728, '36521498', '', 'OFICINA                                                     ', 'OFICINA                                                     ', 241, 216, 29, 217, '36985', '', 1, 1, 0, 1, 1, 1),
(729, '               ', '10250089321', 'ARZUBIALDE ROMAN REYNER EMERSON                             ', 'JR. MANDOR N P2 QUILLABAMBA - CUSCO                         ', 241, 216, 29, 217, '                    ', '                                                  ', 3, 1, 0, 1, 1, 4),
(730, '               ', '10472521611', 'TORRES SANDOVAL ERWIN GENARO NASSER                         ', 'CAL. 6 DE ENERO LT. 7 MZ. 73 - AREQUIPA CARAVELI CHALA', 241, 216, 29, 217, '                    ', '                                                  ', 3, 1, 0, 1, 1, 4),
(731, '', '10430249989', 'GUTIERREZ REMON MIRIAN', 'PJ. JOSE CARLOS MARIATEGUI NRO. 234 - JUNIN HUANCAYO EL TAMB', 241, 216, 29, 217, '', '', 3, 1, 0, 1, 1, 4),
(732, '               ', '', 'JOSE GUERRA                                                 ', '', 241, 216, 29, 217, '                    ', '                                                  ', 1, 1, 0, 1, 1, 1),
(733, '', '', 'ANDREITA PEZO                                               ', '', 241, 216, 29, 217, '', '', 5, 1, 0, 1, 1, 1),
(734, '', '', 'ALEXANDER GONZALES                                          ', '', 241, 216, 29, 217, '', '', 5, 1, 0, 1, 1, 1),
(735, '', '', 'OSCAR ALVAREZ                                               ', '', 241, 216, 29, 217, '', '', 5, 1, 0, 1, 1, 1),
(736, '', '10293948521', 'CORDOVA RODRIGUEZ GLORIA MARIA', 'AV. SEPULVEDA NRO. 408 - AREQUIPA AREQUIPA MIRAFLORES', 241, 216, 29, 217, '', '', 3, 1, 0, 1, 1, 4),
(737, '', '10769169216', 'QUENAYA RAMOS MIRYAM GLADYS', 'JR. LA LIBERTAD NRO. S/N - PUNO SAN ROMAN JULIACA', 241, 216, 29, 217, '', '', 3, 1, 0, 1, 1, 4),
(738, '', '', 'PERCY (CARLOS MAR)                                          ', '', 241, 216, 29, 217, '', '', 1, 1, 0, 1, 1, 1),
(739, '', '10451541671', 'YARLEQUE TAPIA YANET PAMELA', 'AV. JOSE CARLOS MARIATEGUI NRO. 332 - JUNIN HUANCAYO EL TAMB', 241, 216, 29, 217, '', '', 3, 1, 0, 1, 1, 4),
(740, '', '10432753188', 'ATAUJE FLORES VICTOR                                        ', 'AV MEXICO NRO. 1679 - LIMA LIMA LA VICTORIA                 ', 241, 216, 29, 217, '', '', 1, 1, 0, 1, 1, 4),
(741, '', '10435969378', 'PUMA PEREZ WILBER JHON', 'CAL. 52 LT. 27 MZ. E14 A.H. SU SANTIDAD JUAN PABLO II - LIMA', 241, 216, 29, 217, '', '', 1, 1, 0, 1, 1, 4),
(742, '', '', 'WILDER SOTO                                                 ', '                                                            ', 241, 216, 29, 217, '', '', 5, 1, 0, 1, 1, 1),
(743, '', '10420718441', 'VILCA LOPEZ NILDA SOLEDAD                                   ', 'LT. 20 MZ. W ---- C.P. EL PEDREGAL NORTE - AREQUIPA CAYLLOMA', 241, 216, 29, 217, '', '', 3, 1, 0, 1, 1, 4),
(744, '', '20565346955', 'IMPORTACIONES VEGA PLAST S.A.C.', '---- PARINACOCHAS NRO. 1426 - LIMA LIMA LA VICTORIA', 241, 216, 29, 217, '', '', 3, 1, 0, 1, 1, 4),
(745, '47469314', '', 'SUAÑA CENTENO RUSSEL WILSON                                 ', 'JULIACA-JULIACA                                             ', 241, 216, 29, 217, '                    ', '                                                  ', 3, 1, 1, 1, 1, 2),
(746, '', '10739043943', 'BAEZ MOTTOCCANCHI VANESA', 'AV. MANCO CAPAC ESQ.AV.TACNA NRO. 213 - CUSCO CUSCO WANCHAQ', 241, 216, 29, 217, '', '', 3, 1, 0, 1, 1, 4),
(747, '', '10103962949', 'FLORES CURASI MAGDALENA ROSARIO', 'AV. SIMON BOLIVAR NRO. 1410 - PUNO PUNO PUNO', 241, 216, 29, 217, '', '', 3, 1, 0, 1, 1, 4),
(748, '', '20216916582', 'EMP.IND DE RESP LIMITADA CHAVEZ LTDA                        ', 'CAL. AYACUCHO NRO. S/N P.J. COLUMNA PASCO - PASCO PASCO YANA', 241, 216, 29, 217, '', '', 5, 1, 0, 1, 1, 4),
(749, '70130085', '', 'ROJAS CASTELLANO BETZABET GLADIS                            ', 'AV.JOSE CARLOS MARIATEGUI 332 INT.3-JUNIN HUANCAYO EL TAMBO ', 241, 216, 29, 217, '                    ', '', 1, 1, 1, 1, 1, 2),
(750, '', '10621898804', 'APAZA JUMPIRI VANESA ', 'JR. LIBERTAD NRO. 907 URB. LAS MERCEDES - PUNO SAN ROMAN JUL', 241, 173, 21, 173, '', NULL, 3, 1, 4, 1, 1, 4),
(751, '', '10467035890', 'VARGAS CHACHAQUE RICHAR     ', 'AV.GERARDO UNGER 4667 INT.17 --CENTRO COMERCIAL VICTORIA - L', 241, 135, 15, 135, '', NULL, 2, 1, 1, 1, 1, 4),
(752, '', '10726659759', 'SANTOS CHAMBERGO NIKITSA CORAIMA', 'AV.JOSE CARLOS MARIATEGUI 330 - JUNIN HUANCAYO EL TAMBO', 241, 107, 12, 107, '', NULL, 3, 1, 4, 1, 1, 4),
(753, '', '10099793029', 'MONTERO VALLADOLID AYDEE', 'CAL.LAS PRENSAS 287 INT.B Z.I. NARANJAL - LIMA LIMA INDEPEND', 241, 135, 15, 135, '', NULL, 2, 1, 4, 1, 1, 4),
(754, '', '10425227900', 'LLANOS FUSTER FRANCISCA', 'LA CINCUENTA', 241, 135, 15, 135, '935772011', NULL, 2, 1, 4, 1, 1, 4),
(755, '', '10772754243', 'CASTRO DIAZ ERICK CRISTHIAN   ', 'AV. AUGUSTO B LEGUIA 951 FERIA SAN LORENZO - LAMBAYEQUE - CHICLAYO', 241, 125, 14, 125, '927879359', NULL, 6, 1, 1, 1, 1, 4),
(756, '', '10329421347', 'CUBA TIPACTI PATRICIA MARILU', 'LT.20 MZ. A P.J. MIRAMAR ALTO -ANCASH SANTA CHIMBOTE', 241, 25, 2, 25, '', NULL, 6, 1, 3, 1, 1, 4),
(757, '', '10032324229', 'CHUQUIPOMA HUAMAN REYMUNDO', 'AV. AUGUSTO B LEGUIA 951 INT 50 - LAMBAYEQUE - CHICLAYO', 241, 125, 14, 125, '976797417', NULL, 6, 1, 3, 1, 1, 4),
(758, '', '10167782782', 'CABREJO FERNANDEZ ROSA EMPERATRIZ', 'AV AGUSTO B. LEGUIA 195 INT. 135 - LAMBAYEQUE - CHICLAYO', 241, 125, 14, 125, '950810073', NULL, 6, 1, 3, 1, 1, 4),
(759, '', '10704204723', 'MIRANDA BOLIVAR KATIA ANGHELLA', 'AV. MANCO INCA NRO. 300 - CUSCO CUSCO WANCHAQ', 241, 74, 8, 74, '', NULL, 3, 1, 4, 1, 1, 4),
(760, '', '10093331538', 'GODOFREDO ATAULLUCO CCOLLATUPA', 'CAL. EL  RADIADOR NRO. 103 URB. SAN JACINTO - LIMA LIMA SAN', 241, 135, 15, 135, '', NULL, 6, 1, 2, 1, 1, 4),
(761, '', '10099888437', 'MARVY JULIE ZARATE CATARI', 'AV. AVIACION 919 INT 10 - LA VICTORIA', 241, 135, 15, 135, '', NULL, 6, 1, 2, 1, 1, 4),
(762, '', '20605244247', 'REPUESTOS Y SERVICIOS LIFESA EMPRESA INDIVIDUAL DE RESPONSAB', 'CAL.PUENTE ARNAO 245 -PT MIRAFLORES - AREQUIPA AREQUIPA', 241, 35, 4, 35, '', NULL, 3, 1, 4, 1, 1, 4),
(763, '', '', 'MARILUZ DINA TELLO CONTRERAS', 'LA CINCUENTA', 241, 135, 15, 135, '965245947', NULL, 2, 1, 4, 1, 1, 1),
(764, '', '10228936028', 'ESTEBAN TRUJILLO FIDENCIO', 'AV. CENTENARIO LT. 7B-2 MZ. 395 KM. 4.5 OTR. AV. - UCAYALI - CORONEL PORTILLO - PUCALLPA', 241, 194, 25, 194, '', NULL, 3, 1, 3, 1, 1, 4),
(765, '', '20605119230', 'DIANA & G.A E.I.R.L.     ', 'AV. G.UNGER NRO. 4513 ---- NARANJAL - LIMA LIMA SAN MARTIN DE PORRES', 241, 135, 15, 135, '987174888', NULL, 2, 1, 1, 1, 1, 4),
(766, '', '10414032589', 'ESPINOZA NEYRA OSWALDO JORGE  ', 'JR. EL RAYADOR 110A URB.SAN JACINTO -LIMA LIMA LA VICTORIA', 241, 135, 15, 135, '', NULL, 6, 1, 3, 1, 1, 4),
(767, '', '20416225550', 'AUTOPARTS CANARIOS E.I.R.L.', 'AV. AVIACION NRO. 875 - LIMA LIMA LA VICTORIA', 241, 135, 15, 135, '945270345', NULL, 6, 1, 3, 1, 1, 4),
(768, '', '10296632118', 'COILA LUNA LILIANA', 'CALLE PUNO 614-MIRAFLORES-AREQUIPA-AREQUIPA', 241, 35, 4, 35, '', NULL, 3, 1, 1, 1, 1, 4),
(769, '', '10701861812', 'YANA SUAÑA DIANA IRENE', 'CAL. PUNO NRO. 653 - AREQUIPA AREQUIPA MIRAFLORES ', 241, 35, 4, 35, '', NULL, 3, 1, 4, 1, 1, 4),
(770, '', '10093723321', 'ROSALES GONZALES TEODOLINDA TEODORA', 'AV. NICOLAS AYLLON 675 - SAN JACINTO - LA VICTORIA', 241, 135, 15, 135, '3238567', NULL, 6, 1, 3, 1, 1, 4),
(771, '', '10423438482', 'ACOSTA MARIÑO NELY LUZMILA     ', 'AV. MEXICO 1214 - LA VICTORIA', 241, 135, 15, 135, '980853668', NULL, 3, 1, 1, 1, 1, 4),
(772, '', '10215512105', 'SAIRA ADUVIRI JORGE', 'PROLOG. SALAVERRY LT. 05 - ICA ICA ICA', 241, 100, 11, 100, '', NULL, 6, 1, 1, 1, 1, 4),
(773, '', '20600978251', 'AUTOPARTES LINPARR S.A.C.', 'AV. IQUITOS NRO. 245 INT. G - LIMA LIMA LA VICTORIA', 241, 135, 15, 135, '', NULL, 6, 1, 1, 1, 1, 4),
(774, '', '10421240031', 'LEONCIO BAZAN ARRBASPLATA', 'SJL', 241, 135, 15, 135, '', NULL, 4, 1, 1, 1, 1, 4),
(775, '', '10459619220', 'ARENAS TELLO JESICA', 'AV. PANAMERICANA NRO. S/N APURIMAC - ABANCAY  - ABANCAY', 241, 28, 3, 28, '', NULL, 2, 1, 1, 1, 1, 4),
(776, '', '10462162826', 'LAIMES AGUILAR CELIA OLINDA', 'AV. STA ROSA 699 PICHANAQUI', 241, 104, 12, 104, '', NULL, 3, 1, 1, 1, 1, 4);

-- --------------------------------------------------------

--
-- Estructura de tabla para la tabla `compra`
--

DROP TABLE IF EXISTS `compra`;
CREATE TABLE IF NOT EXISTS `compra` (
  `id_compra` int(11) NOT NULL AUTO_INCREMENT COMMENT 'ID UNICO',
  `cod_compra` varchar(10) NOT NULL COMMENT 'CODIGO COMPRA',
  `fecha_compra` date NOT NULL COMMENT 'FECHA COMPRA',
  `provee_compra` int(11) NOT NULL COMMENT 'PROVEEDOR COMPRA',
  `moneda_compra` int(11) NOT NULL COMMENT 'MONEDA COMPRA',
  `condp_compra` int(11) NOT NULL COMMENT 'CONDICION PAGO COMPRA',
  `usuario_compra` int(11) NOT NULL COMMENT 'USUARIO COMPRA',
  `estatus_compra` int(11) NOT NULL DEFAULT 0 COMMENT 'ESTATUS COMPRA',
  `edicion_compra` varchar(1) DEFAULT 'N' COMMENT 'EDICION COMPRA',
  `excento_compra` int(11) NOT NULL DEFAULT 1 COMMENT 'EXCENTO DE IMPUESTO 1=EXCENTO, 0=APLICA IMPUESTO',
  `afectaalm_compra` int(11) NOT NULL DEFAULT 0 COMMENT 'AFECTA ALMACEN COMPRA',
  `nrodoc_compra` varchar(25) DEFAULT NULL COMMENT 'NRO DOCUMENTO COMPRA',
  `sucursal_compra` int(11) NOT NULL DEFAULT 0 COMMENT 'SUCURSAL COMPRA',
  PRIMARY KEY (`id_compra`),
  UNIQUE KEY `cod_compra` (`cod_compra`),
  KEY `fecha_compra` (`fecha_compra`),
  KEY `provee_compra` (`provee_compra`),
  KEY `moneda_compra` (`moneda_compra`),
  KEY `usuario_compra` (`usuario_compra`),
  KEY `sucursal_compra` (`sucursal_compra`),
  KEY `condp_compra` (`condp_compra`)
) ENGINE=InnoDB AUTO_INCREMENT=44 DEFAULT CHARSET=latin1 COMMENT='GUARDA ORDEN DE COMPRAS';

--
-- Volcado de datos para la tabla `compra`
--

INSERT INTO `compra` (`id_compra`, `cod_compra`, `fecha_compra`, `provee_compra`, `moneda_compra`, `condp_compra`, `usuario_compra`, `estatus_compra`, `edicion_compra`, `excento_compra`, `afectaalm_compra`, `nrodoc_compra`, `sucursal_compra`) VALUES
(1, '0000000001', '2019-12-27', 1, 1, 1, 2, 2, 'N', 1, 1, '', 1),
(2, '0000000002', '2020-01-16', 1, 1, 3, 2, 2, 'N', 0, 1, '1813', 1),
(3, '0000000003', '2020-01-16', 1, 1, 3, 2, 2, 'N', 0, 1, '1814', 1),
(4, '0000000004', '2020-01-16', 1, 1, 3, 2, 2, 'N', 0, 1, '1815', 1),
(5, '0000000005', '2020-01-16', 1, 1, 3, 2, 2, 'N', 0, 1, '1816', 1),
(6, '0000000006', '2020-01-16', 1, 1, 3, 2, 2, 'N', 0, 1, '1817', 1),
(7, '0000000007', '2020-01-23', 1, 1, 1, 2, 2, 'N', 0, 0, 'FE01-0001873', 1),
(8, '0000000008', '2020-01-23', 1, 1, 1, 2, 2, 'N', 0, 1, 'FE01-0001861', 1),
(9, '0000000009', '2020-01-23', 1, 1, 1, 2, 2, 'N', 0, 1, 'FE01-0001873', 1),
(10, '0000000010', '2020-01-23', 1, 1, 1, 2, 2, 'N', 0, 0, 'FE01-0001860', 1),
(11, '0000000011', '2020-01-23', 1, 1, 1, 2, 2, 'N', 0, 0, 'FE01-0001871', 1),
(12, '0000000012', '2020-01-23', 1, 1, 1, 2, 2, 'N', 0, 0, 'FE01-0001870', 1),
(13, '0000000013', '2020-01-23', 1, 1, 1, 2, 2, 'N', 0, 1, 'FE01-0001882', 1),
(14, '0000000014', '2020-01-23', 1, 1, 1, 2, 2, 'N', 0, 0, 'FE01-0001869', 1),
(15, '0000000015', '2020-01-23', 1, 1, 1, 2, 2, 'N', 0, 1, 'FE01-0001859', 1),
(16, '0000000016', '2020-01-23', 1, 1, 1, 2, 2, 'N', 0, 0, 'FE01-0001858', 1),
(17, '0000000017', '2020-01-23', 1, 1, 1, 2, 2, 'N', 0, 0, 'FE01-0001857', 1),
(18, '0000000018', '2020-01-23', 1, 1, 1, 2, 2, 'N', 0, 0, 'FE01-0001856', 1),
(19, '0000000019', '2020-01-23', 1, 1, 1, 2, 2, 'N', 0, 0, 'FE01-0001855', 1),
(20, '0000000020', '2020-01-23', 1, 1, 1, 2, 2, 'N', 0, 0, 'FE01-0001854', 1),
(21, '0000000021', '2020-01-23', 1, 1, 1, 2, 2, 'N', 0, 0, 'FE01-0001853', 1),
(22, '0000000022', '2020-01-23', 1, 1, 1, 2, 2, 'N', 0, 0, 'FE01-0001852', 1),
(23, '0000000023', '2020-01-23', 1, 1, 1, 2, 2, 'N', 0, 1, 'FE01-0001868', 1),
(24, '0000000024', '2020-01-23', 1, 1, 1, 2, 2, 'N', 0, 0, 'FE01-0001867', 1),
(25, '0000000025', '2020-01-23', 1, 1, 1, 2, 2, 'N', 0, 0, 'FE01-0001866', 1),
(26, '0000000026', '2020-01-23', 1, 1, 1, 2, 2, 'N', 0, 0, 'FE01-0001865', 1),
(27, '0000000027', '2020-01-23', 1, 1, 1, 2, 2, 'N', 0, 0, 'FE01-0001864', 1),
(28, '0000000028', '2020-01-23', 1, 1, 1, 2, 2, 'N', 0, 0, 'FE01-0001863', 1),
(29, '0000000029', '2020-01-23', 1, 1, 1, 2, 2, 'N', 0, 0, 'FE01-0001862', 1),
(30, '0000000030', '2020-01-24', 1, 1, 1, 2, 2, 'N', 0, 1, 'FE01-0001885', 1),
(31, '0000000031', '2020-01-27', 1, 1, 1, 2, 2, 'N', 0, 1, 'FE01-0001893', 1),
(32, '0000000032', '2020-01-27', 1, 1, 1, 2, 2, 'N', 0, 0, 'FE01-0001894', 1),
(33, '0000000033', '2020-01-29', 1, 1, 1, 2, 2, 'N', 0, 1, 'FE01-0001920', 1),
(35, '0000000034', '2020-01-31', 1, 1, 1, 2, 2, 'N', 0, 1, 'FE01-0001925', 1),
(36, '0000000035', '2020-02-05', 1, 1, 1, 2, 2, 'N', 0, 1, 'FE01-0001954', 1),
(37, '0000000036', '2020-02-07', 1, 1, 1, 2, 2, 'N', 0, 1, 'FE01-0001966', 1),
(38, '0000000037', '2020-02-19', 1, 1, 3, 2, 2, 'N', 0, 1, 'FE01-0002013', 1),
(39, '0000000038', '2020-02-21', 1, 1, 1, 2, 2, 'N', 0, 1, 'FE01-0002021', 1),
(40, '0000000039', '2020-02-21', 1, 1, 3, 2, 2, 'N', 0, 0, 'FE01-0002023', 1),
(41, '0000000040', '2020-02-21', 1, 1, 4, 2, 2, 'N', 0, 0, 'FE01-0002022', 1),
(42, '0000000041', '2020-02-21', 1, 1, 3, 2, 2, 'N', 0, 1, 'FE01-0002024', 1),
(43, '0000000042', '2020-02-22', 1, 1, 1, 2, 2, 'N', 0, 1, 'FE01-0002035', 1);

-- --------------------------------------------------------

--
-- Estructura de tabla para la tabla `compra_detalle`
--

DROP TABLE IF EXISTS `compra_detalle`;
CREATE TABLE IF NOT EXISTS `compra_detalle` (
  `id_cdetalle` int(11) NOT NULL AUTO_INCREMENT COMMENT 'ID UNICO',
  `prod_cdetalle` int(11) NOT NULL COMMENT 'PRODUCTO COMPRA DETALLE',
  `cant_cdetalle` decimal(18,2) NOT NULL DEFAULT 0.00 COMMENT 'CANTIDAD COMPRA DETALLE',
  `precio_cdetalle` decimal(18,2) NOT NULL DEFAULT 0.00 COMMENT 'PRECIO COMPRA DETALLE',
  `descu_cdetalle` decimal(18,2) NOT NULL DEFAULT 0.00 COMMENT 'DESCUENTO % COMPRA DETALLE',
  `impuestouni_cdetalle` decimal(18,2) NOT NULL DEFAULT 0.00 COMMENT 'IMPUESTO UNITARIO COMPRA DETALLE',
  `status_cdetalle` int(11) NOT NULL DEFAULT 1 COMMENT 'ESTATUS COMPRA DETALLE',
  `compra_cdetalle` int(11) NOT NULL DEFAULT 0,
  `plista_cdetalle` decimal(18,2) NOT NULL DEFAULT 0.00 COMMENT 'PRECIO LISTA COMPRA DETALLE',
  `total_cdetalle` decimal(18,2) NOT NULL DEFAULT 0.00 COMMENT 'TOTAL COMPRA DETALLE',
  `impuestototal_cdetalle` decimal(18,2) UNSIGNED NOT NULL DEFAULT 0.00 COMMENT 'IMPUESTO TOTAL COMPRA DETALLE',
  PRIMARY KEY (`id_cdetalle`),
  KEY `prod_cdetalle` (`prod_cdetalle`),
  KEY `compra_cdetalle` (`compra_cdetalle`)
) ENGINE=InnoDB AUTO_INCREMENT=795 DEFAULT CHARSET=latin1 COMMENT='GUARDA DETALLE DE COMPRAS';

--
-- Volcado de datos para la tabla `compra_detalle`
--

INSERT INTO `compra_detalle` (`id_cdetalle`, `prod_cdetalle`, `cant_cdetalle`, `precio_cdetalle`, `descu_cdetalle`, `impuestouni_cdetalle`, `status_cdetalle`, `compra_cdetalle`, `plista_cdetalle`, `total_cdetalle`, `impuestototal_cdetalle`) VALUES
(1, 603, '12.00', '7.20', '0.00', '0.00', 1, 1, '0.00', '86.40', '0.00'),
(2, 604, '22.00', '7.20', '0.00', '0.00', 1, 1, '0.00', '158.40', '0.00'),
(3, 671, '7.00', '24.00', '0.00', '0.00', 1, 1, '0.00', '168.00', '0.00'),
(4, 657, '5.00', '12.56', '0.00', '0.00', 1, 1, '0.00', '62.80', '0.00'),
(5, 656, '5.00', '12.56', '0.00', '0.00', 1, 1, '0.00', '62.80', '0.00'),
(6, 599, '12.00', '11.20', '0.00', '0.00', 1, 1, '0.00', '134.40', '0.00'),
(7, 600, '12.00', '11.20', '0.00', '0.00', 1, 1, '0.00', '134.40', '0.00'),
(8, 459, '5.00', '12.00', '0.00', '0.00', 1, 1, '0.00', '60.00', '0.00'),
(9, 460, '5.00', '12.00', '0.00', '0.00', 1, 1, '0.00', '60.00', '0.00'),
(10, 635, '20.00', '10.40', '0.00', '0.00', 1, 1, '0.00', '208.00', '0.00'),
(11, 636, '20.00', '10.40', '0.00', '0.00', 1, 1, '0.00', '208.00', '0.00'),
(12, 650, '6.00', '8.00', '0.00', '0.00', 1, 1, '0.00', '48.00', '0.00'),
(13, 651, '6.00', '8.00', '0.00', '0.00', 1, 1, '0.00', '48.00', '0.00'),
(14, 665, '40.00', '6.00', '0.00', '0.00', 1, 1, '0.00', '240.00', '0.00'),
(15, 664, '40.00', '6.00', '0.00', '0.00', 1, 1, '0.00', '240.00', '0.00'),
(16, 637, '15.00', '10.40', '0.00', '0.00', 1, 1, '0.00', '156.00', '0.00'),
(17, 638, '35.00', '10.40', '0.00', '0.00', 1, 1, '0.00', '364.00', '0.00'),
(18, 666, '50.00', '6.00', '0.00', '0.00', 1, 1, '0.00', '300.00', '0.00'),
(19, 667, '50.00', '6.00', '0.00', '0.00', 1, 1, '0.00', '300.00', '0.00'),
(20, 649, '9.00', '6.80', '0.00', '0.00', 1, 1, '0.00', '61.20', '0.00'),
(21, 633, '480.00', '3.20', '0.00', '0.00', 1, 1, '0.00', '1536.00', '0.00'),
(22, 634, '430.00', '3.20', '0.00', '0.00', 1, 1, '0.00', '1376.00', '0.00'),
(23, 624, '30.00', '1.20', '0.00', '0.00', 1, 1, '0.00', '36.00', '0.00'),
(24, 689, '3.00', '92.32', '0.00', '0.00', 1, 1, '0.00', '276.96', '0.00'),
(25, 22, '12.00', '25.60', '0.00', '0.00', 1, 1, '0.00', '307.20', '0.00'),
(26, 50, '10.00', '30.40', '0.00', '0.00', 1, 1, '0.00', '304.00', '0.00'),
(27, 51, '10.00', '30.40', '0.00', '0.00', 1, 1, '0.00', '304.00', '0.00'),
(28, 59, '6.00', '81.60', '0.00', '0.00', 1, 1, '0.00', '489.60', '0.00'),
(29, 41, '1.00', '72.00', '0.00', '0.00', 1, 1, '0.00', '72.00', '0.00'),
(30, 49, '1.00', '72.00', '0.00', '0.00', 1, 1, '0.00', '72.00', '0.00'),
(31, 46, '9.00', '44.00', '0.00', '0.00', 1, 1, '0.00', '396.00', '0.00'),
(32, 629, '11.00', '56.00', '0.00', '0.00', 1, 1, '0.00', '616.00', '0.00'),
(33, 68, '4.00', '48.00', '0.00', '0.00', 1, 1, '0.00', '192.00', '0.00'),
(34, 69, '5.00', '104.00', '0.00', '0.00', 1, 1, '0.00', '520.00', '0.00'),
(35, 80, '5.00', '64.00', '0.00', '0.00', 1, 1, '0.00', '320.00', '0.00'),
(36, 30, '8.00', '88.00', '0.00', '0.00', 1, 1, '0.00', '704.00', '0.00'),
(37, 43, '4.00', '23.20', '0.00', '0.00', 1, 1, '0.00', '92.80', '0.00'),
(38, 90, '9.00', '104.64', '0.00', '0.00', 1, 1, '0.00', '941.76', '0.00'),
(39, 96, '9.00', '88.80', '0.00', '0.00', 1, 1, '0.00', '799.20', '0.00'),
(40, 109, '9.00', '116.24', '0.00', '0.00', 1, 1, '0.00', '1046.16', '0.00'),
(41, 111, '9.00', '109.26', '0.00', '0.00', 1, 1, '0.00', '983.34', '0.00'),
(42, 120, '11.00', '94.56', '0.00', '0.00', 1, 1, '0.00', '1040.16', '0.00'),
(43, 123, '19.00', '48.00', '0.00', '0.00', 1, 1, '0.00', '912.00', '0.00'),
(44, 139, '5.00', '117.60', '0.00', '0.00', 1, 1, '0.00', '588.00', '0.00'),
(45, 161, '7.00', '96.40', '0.00', '0.00', 1, 1, '0.00', '674.80', '0.00'),
(46, 128, '9.00', '94.80', '0.00', '0.00', 1, 1, '0.00', '853.20', '0.00'),
(47, 127, '5.00', '80.00', '0.00', '0.00', 1, 1, '0.00', '400.00', '0.00'),
(48, 129, '18.00', '88.00', '0.00', '0.00', 1, 1, '0.00', '1584.00', '0.00'),
(49, 141, '8.00', '72.80', '0.00', '0.00', 1, 1, '0.00', '582.40', '0.00'),
(50, 142, '4.00', '81.60', '0.00', '0.00', 1, 1, '0.00', '326.40', '0.00'),
(51, 143, '9.00', '75.20', '0.00', '0.00', 1, 1, '0.00', '676.80', '0.00'),
(52, 135, '8.00', '87.20', '0.00', '0.00', 1, 1, '0.00', '697.60', '0.00'),
(53, 149, '11.00', '84.80', '0.00', '0.00', 1, 1, '0.00', '932.80', '0.00'),
(54, 150, '7.00', '90.40', '0.00', '0.00', 1, 1, '0.00', '632.80', '0.00'),
(55, 133, '4.00', '72.00', '0.00', '0.00', 1, 1, '0.00', '288.00', '0.00'),
(56, 140, '8.00', '17.60', '0.00', '0.00', 1, 1, '0.00', '140.80', '0.00'),
(57, 690, '33.00', '28.80', '0.00', '0.00', 1, 1, '0.00', '950.40', '0.00'),
(58, 162, '5.00', '60.00', '0.00', '0.00', 1, 1, '0.00', '300.00', '0.00'),
(59, 152, '45.00', '10.80', '0.00', '0.00', 1, 1, '0.00', '486.00', '0.00'),
(60, 151, '45.00', '10.80', '0.00', '0.00', 1, 1, '0.00', '486.00', '0.00'),
(61, 165, '4.00', '50.40', '0.00', '0.00', 1, 1, '0.00', '201.60', '0.00'),
(62, 167, '4.00', '18.00', '0.00', '0.00', 1, 1, '0.00', '72.00', '0.00'),
(63, 166, '4.00', '18.00', '0.00', '0.00', 1, 1, '0.00', '72.00', '0.00'),
(64, 132, '12.00', '107.40', '0.00', '0.00', 1, 1, '0.00', '1288.80', '0.00'),
(65, 172, '5.00', '32.00', '0.00', '0.00', 1, 1, '0.00', '160.00', '0.00'),
(66, 10, '2.00', '32.00', '0.00', '0.00', 1, 2, '0.00', '64.00', '0.00'),
(67, 30, '10.00', '88.00', '0.00', '0.00', 1, 2, '0.00', '880.00', '0.00'),
(68, 41, '4.00', '72.00', '0.00', '0.00', 1, 2, '0.00', '288.00', '0.00'),
(69, 51, '12.00', '30.40', '0.00', '0.00', 1, 2, '0.00', '364.80', '0.00'),
(70, 50, '12.00', '30.40', '0.00', '0.00', 1, 2, '0.00', '364.80', '0.00'),
(71, 54, '15.00', '56.00', '0.00', '0.00', 1, 2, '0.00', '840.00', '0.00'),
(72, 59, '7.00', '81.60', '0.00', '0.00', 1, 2, '0.00', '571.20', '0.00'),
(73, 80, '7.00', '64.00', '0.00', '0.00', 1, 2, '0.00', '448.00', '0.00'),
(74, 81, '2.00', '120.00', '0.00', '0.00', 1, 2, '0.00', '240.00', '0.00'),
(75, 90, '10.00', '104.64', '0.00', '0.00', 1, 2, '0.00', '1046.40', '0.00'),
(76, 96, '10.00', '88.80', '0.00', '0.00', 1, 2, '0.00', '888.00', '0.00'),
(77, 109, '10.00', '116.24', '0.00', '0.00', 1, 2, '0.00', '1162.40', '0.00'),
(78, 111, '10.00', '109.28', '0.00', '0.00', 1, 2, '0.00', '1092.80', '0.00'),
(79, 120, '13.00', '94.56', '0.00', '0.00', 1, 2, '0.00', '1229.28', '0.00'),
(80, 123, '20.00', '48.00', '0.00', '0.00', 1, 2, '0.00', '960.00', '0.00'),
(81, 128, '10.00', '94.80', '0.00', '0.00', 1, 2, '0.00', '948.00', '0.00'),
(82, 132, '13.00', '107.04', '0.00', '0.00', 1, 2, '0.00', '1391.52', '0.00'),
(83, 152, '50.00', '10.80', '0.00', '0.00', 1, 2, '0.00', '540.00', '0.00'),
(84, 151, '50.00', '10.80', '0.00', '0.00', 1, 2, '0.00', '540.00', '0.00'),
(85, 165, '7.00', '50.40', '0.00', '0.00', 1, 2, '0.00', '352.80', '0.00'),
(86, 129, '20.00', '88.00', '0.00', '0.00', 1, 2, '0.00', '1760.00', '0.00'),
(87, 69, '6.00', '104.00', '0.00', '0.00', 1, 2, '0.00', '624.00', '0.00'),
(88, 689, '5.00', '92.32', '0.00', '0.00', 1, 2, '0.00', '461.60', '0.00'),
(89, 634, '500.00', '3.20', '0.00', '0.00', 1, 3, '0.00', '1600.00', '0.00'),
(90, 636, '40.00', '10.40', '0.00', '0.00', 1, 3, '0.00', '416.00', '0.00'),
(91, 635, '40.00', '10.40', '0.00', '0.00', 1, 3, '0.00', '416.00', '0.00'),
(92, 637, '40.00', '10.40', '0.00', '0.00', 1, 3, '0.00', '416.00', '0.00'),
(93, 624, '80.00', '1.20', '0.00', '0.00', 1, 3, '0.00', '96.00', '0.00'),
(94, 584, '25.00', '7.20', '0.00', '0.00', 1, 3, '0.00', '180.00', '0.00'),
(95, 656, '10.00', '12.56', '0.00', '0.00', 1, 3, '0.00', '125.60', '0.00'),
(96, 657, '10.00', '12.56', '0.00', '0.00', 1, 3, '0.00', '125.60', '0.00'),
(97, 664, '50.00', '6.00', '0.00', '0.00', 1, 3, '0.00', '300.00', '0.00'),
(98, 665, '50.00', '6.00', '0.00', '0.00', 1, 3, '0.00', '300.00', '0.00'),
(99, 666, '60.00', '6.00', '0.00', '0.00', 1, 3, '0.00', '360.00', '0.00'),
(100, 667, '60.00', '6.00', '0.00', '0.00', 1, 3, '0.00', '360.00', '0.00'),
(101, 648, '1.00', '6.80', '0.00', '0.00', 1, 3, '0.00', '6.80', '0.00'),
(102, 649, '10.00', '6.80', '0.00', '0.00', 1, 3, '0.00', '68.00', '0.00'),
(103, 675, '10.00', '9.60', '0.00', '0.00', 1, 3, '0.00', '96.00', '0.00'),
(104, 638, '40.00', '10.40', '0.00', '0.00', 1, 3, '0.00', '416.00', '0.00'),
(105, 161, '2.00', '96.40', '0.00', '0.00', 1, 3, '0.00', '192.80', '0.00'),
(106, 150, '20.00', '90.40', '0.00', '0.00', 1, 4, '0.00', '1808.00', '0.00'),
(107, 600, '15.00', '11.20', '0.00', '0.00', 1, 4, '0.00', '168.00', '0.00'),
(108, 599, '15.00', '11.20', '0.00', '0.00', 1, 4, '0.00', '168.00', '0.00'),
(109, 603, '25.00', '7.20', '0.00', '0.00', 1, 4, '0.00', '180.00', '0.00'),
(110, 650, '13.00', '8.00', '0.00', '0.00', 1, 4, '0.00', '104.00', '0.00'),
(111, 651, '13.00', '8.00', '0.00', '0.00', 1, 4, '0.00', '104.00', '0.00'),
(112, 671, '12.00', '24.00', '0.00', '0.00', 1, 4, '0.00', '288.00', '0.00'),
(113, 127, '10.00', '80.00', '0.00', '0.00', 1, 4, '0.00', '800.00', '0.00'),
(114, 460, '6.00', '12.00', '0.00', '0.00', 1, 4, '0.00', '72.00', '0.00'),
(115, 459, '6.00', '12.00', '0.00', '0.00', 1, 4, '0.00', '72.00', '0.00'),
(116, 22, '15.00', '25.60', '0.00', '0.00', 1, 4, '0.00', '384.00', '0.00'),
(117, 149, '15.00', '84.80', '0.00', '0.00', 1, 4, '0.00', '1272.00', '0.00'),
(118, 140, '12.00', '35.20', '0.00', '0.00', 1, 4, '0.00', '422.40', '0.00'),
(119, 139, '6.00', '117.60', '0.00', '0.00', 1, 4, '0.00', '705.60', '0.00'),
(120, 143, '10.00', '75.20', '0.00', '0.00', 1, 4, '0.00', '752.00', '0.00'),
(121, 161, '6.00', '96.40', '0.00', '0.00', 1, 4, '0.00', '578.40', '0.00'),
(122, 690, '50.00', '28.80', '0.00', '0.00', 1, 5, '0.00', '1440.00', '0.00'),
(123, 137, '2.00', '44.80', '0.00', '0.00', 1, 5, '0.00', '89.60', '0.00'),
(124, 47, '12.00', '44.00', '0.00', '0.00', 1, 5, '0.00', '528.00', '0.00'),
(125, 138, '10.00', '87.20', '0.00', '0.00', 1, 5, '0.00', '872.00', '0.00'),
(126, 141, '10.00', '72.80', '0.00', '0.00', 1, 5, '0.00', '728.00', '0.00'),
(127, 142, '6.00', '81.60', '0.00', '0.00', 1, 5, '0.00', '489.60', '0.00'),
(128, 162, '7.00', '60.00', '0.00', '0.00', 1, 5, '0.00', '420.00', '0.00'),
(129, 123, '6.00', '48.00', '0.00', '0.00', 1, 5, '0.00', '288.00', '0.00'),
(130, 133, '5.00', '72.00', '0.00', '0.00', 1, 5, '0.00', '360.00', '0.00'),
(131, 166, '6.00', '18.00', '0.00', '0.00', 1, 5, '0.00', '108.00', '0.00'),
(132, 167, '6.00', '18.00', '0.00', '0.00', 1, 5, '0.00', '108.00', '0.00'),
(133, 172, '6.00', '32.00', '0.00', '0.00', 1, 5, '0.00', '192.00', '0.00'),
(134, 68, '6.00', '48.00', '0.00', '0.00', 1, 5, '0.00', '288.00', '0.00'),
(135, 43, '6.00', '23.20', '0.00', '0.00', 1, 5, '0.00', '139.20', '0.00'),
(136, 49, '3.00', '72.00', '0.00', '0.00', 1, 6, '0.00', '216.00', '0.00'),
(137, 633, '500.00', '3.20', '0.00', '0.00', 1, 6, '0.00', '1600.00', '0.00'),
(138, 624, '50.00', '1.60', '0.00', '0.00', 1, 7, '0.00', '80.00', '0.00'),
(139, 917, '50.00', '1.60', '0.00', '0.00', 1, 7, '0.00', '80.00', '0.00'),
(140, 918, '250.00', '2.40', '0.00', '0.00', 1, 7, '0.00', '600.00', '0.00'),
(141, 919, '50.00', '13.60', '0.00', '0.00', 1, 7, '0.00', '680.00', '0.00'),
(142, 920, '50.00', '13.60', '0.00', '0.00', 1, 7, '0.00', '680.00', '0.00'),
(143, 921, '10.00', '18.40', '0.00', '0.00', 1, 7, '0.00', '184.00', '0.00'),
(144, 922, '10.00', '18.40', '0.00', '0.00', 1, 7, '0.00', '184.00', '0.00'),
(145, 923, '25.00', '20.80', '0.00', '0.00', 1, 7, '0.00', '520.00', '0.00'),
(146, 924, '25.00', '20.80', '0.00', '0.00', 1, 7, '0.00', '520.00', '0.00'),
(147, 625, '25.00', '18.40', '0.00', '0.00', 1, 7, '0.00', '460.00', '0.00'),
(148, 626, '25.00', '18.40', '0.00', '0.00', 1, 7, '0.00', '460.00', '0.00'),
(149, 627, '50.00', '3.20', '0.00', '0.00', 1, 7, '0.00', '160.00', '0.00'),
(150, 628, '50.00', '3.20', '0.00', '0.00', 1, 7, '0.00', '160.00', '0.00'),
(151, 633, '1500.00', '3.20', '0.00', '0.00', 1, 7, '0.00', '4800.00', '0.00'),
(152, 634, '3500.00', '3.20', '0.00', '0.00', 1, 7, '0.00', '11200.00', '0.00'),
(153, 925, '50.00', '5.60', '0.00', '0.00', 1, 7, '0.00', '280.00', '0.00'),
(154, 926, '50.00', '5.60', '0.00', '0.00', 1, 7, '0.00', '280.00', '0.00'),
(155, 642, '140.00', '4.80', '0.00', '0.00', 1, 7, '0.00', '672.00', '0.00'),
(156, 643, '140.00', '4.80', '0.00', '0.00', 1, 7, '0.00', '672.00', '0.00'),
(157, 927, '50.00', '4.80', '0.00', '0.00', 1, 7, '0.00', '240.00', '0.00'),
(158, 928, '50.00', '4.80', '0.00', '0.00', 1, 7, '0.00', '240.00', '0.00'),
(159, 984, '15.00', '27.00', '0.00', '0.00', 1, 8, '0.00', '405.00', '0.00'),
(160, 985, '40.00', '17.60', '0.00', '0.00', 1, 8, '0.00', '704.00', '0.00'),
(161, 986, '50.00', '15.20', '0.00', '0.00', 1, 8, '0.00', '760.00', '0.00'),
(162, 987, '25.00', '16.00', '0.00', '0.00', 1, 8, '0.00', '400.00', '0.00'),
(163, 988, '20.00', '16.00', '0.00', '0.00', 1, 8, '0.00', '320.00', '0.00'),
(164, 989, '25.00', '18.40', '0.00', '0.00', 1, 8, '0.00', '460.00', '0.00'),
(165, 990, '20.00', '17.60', '0.00', '0.00', 1, 8, '0.00', '352.00', '0.00'),
(166, 991, '15.00', '20.00', '0.00', '0.00', 1, 8, '0.00', '300.00', '0.00'),
(167, 992, '15.00', '25.60', '0.00', '0.00', 1, 8, '0.00', '384.00', '0.00'),
(168, 993, '20.00', '20.00', '0.00', '0.00', 1, 8, '0.00', '400.00', '0.00'),
(169, 994, '49.00', '19.20', '0.00', '0.00', 1, 8, '0.00', '940.80', '0.00'),
(170, 995, '40.00', '18.40', '0.00', '0.00', 1, 8, '0.00', '736.00', '0.00'),
(171, 996, '40.00', '28.00', '0.00', '0.00', 1, 8, '0.00', '1120.00', '0.00'),
(172, 997, '15.00', '24.00', '0.00', '0.00', 1, 8, '0.00', '360.00', '0.00'),
(173, 998, '15.00', '24.00', '0.00', '0.00', 1, 8, '0.00', '360.00', '0.00'),
(174, 999, '20.00', '9.60', '0.00', '0.00', 1, 8, '0.00', '192.00', '0.00'),
(175, 1000, '10.00', '36.00', '0.00', '0.00', 1, 8, '0.00', '360.00', '0.00'),
(176, 1001, '10.00', '36.00', '0.00', '0.00', 1, 8, '0.00', '360.00', '0.00'),
(177, 1002, '20.00', '24.00', '0.00', '0.00', 1, 8, '0.00', '480.00', '0.00'),
(178, 1003, '24.00', '20.00', '0.00', '0.00', 1, 8, '0.00', '480.00', '0.00'),
(179, 1004, '10.00', '24.00', '0.00', '0.00', 1, 8, '0.00', '240.00', '0.00'),
(180, 1005, '10.00', '24.00', '0.00', '0.00', 1, 8, '0.00', '240.00', '0.00'),
(181, 929, '50.00', '4.80', '0.00', '0.00', 1, 9, '0.00', '240.00', '0.00'),
(182, 930, '50.00', '4.80', '0.00', '0.00', 1, 9, '0.00', '240.00', '0.00'),
(183, 931, '50.00', '11.20', '0.00', '0.00', 1, 9, '0.00', '560.00', '0.00'),
(184, 932, '50.00', '11.20', '0.00', '0.00', 1, 9, '0.00', '560.00', '0.00'),
(185, 933, '50.00', '24.00', '0.00', '0.00', 1, 9, '0.00', '1200.00', '0.00'),
(186, 648, '100.00', '6.40', '0.00', '0.00', 1, 9, '0.00', '640.00', '0.00'),
(187, 649, '100.00', '6.40', '0.00', '0.00', 1, 9, '0.00', '640.00', '0.00'),
(188, 934, '15.00', '8.40', '0.00', '0.00', 1, 9, '0.00', '126.00', '0.00'),
(189, 935, '15.00', '8.40', '0.00', '0.00', 1, 9, '0.00', '126.00', '0.00'),
(190, 936, '15.00', '12.40', '0.00', '0.00', 1, 9, '0.00', '186.00', '0.00'),
(191, 937, '15.00', '12.40', '0.00', '0.00', 1, 9, '0.00', '186.00', '0.00'),
(192, 938, '10.00', '13.60', '0.00', '0.00', 1, 9, '0.00', '136.00', '0.00'),
(193, 939, '25.00', '10.40', '0.00', '0.00', 1, 9, '0.00', '260.00', '0.00'),
(194, 652, '25.00', '10.40', '0.00', '0.00', 1, 9, '0.00', '260.00', '0.00'),
(195, 653, '25.00', '10.40', '0.00', '0.00', 1, 9, '0.00', '260.00', '0.00'),
(196, 940, '25.00', '10.40', '0.00', '0.00', 1, 9, '0.00', '260.00', '0.00'),
(197, 656, '10.00', '12.40', '0.00', '0.00', 1, 9, '0.00', '124.00', '0.00'),
(198, 657, '10.00', '12.40', '0.00', '0.00', 1, 9, '0.00', '124.00', '0.00'),
(199, 654, '10.00', '12.40', '0.00', '0.00', 1, 9, '0.00', '124.00', '0.00'),
(200, 655, '10.00', '12.56', '0.00', '0.00', 1, 9, '0.00', '125.60', '0.00'),
(201, 1007, '40.00', '14.40', '0.00', '0.00', 1, 10, '0.00', '576.00', '0.00'),
(202, 1006, '40.00', '14.40', '0.00', '0.00', 1, 10, '0.00', '576.00', '0.00'),
(203, 1009, '25.00', '12.00', '0.00', '0.00', 1, 10, '0.00', '300.00', '0.00'),
(204, 1008, '25.00', '12.00', '0.00', '0.00', 1, 10, '0.00', '300.00', '0.00'),
(205, 1010, '15.00', '13.60', '0.00', '0.00', 1, 10, '0.00', '204.00', '0.00'),
(206, 1011, '12.00', '13.60', '0.00', '0.00', 1, 10, '0.00', '163.20', '0.00'),
(207, 1012, '40.00', '17.60', '0.00', '0.00', 1, 10, '0.00', '704.00', '0.00'),
(208, 1013, '40.00', '17.60', '0.00', '0.00', 1, 10, '0.00', '704.00', '0.00'),
(209, 1014, '40.00', '14.00', '0.00', '0.00', 1, 10, '0.00', '560.00', '0.00'),
(210, 1015, '40.00', '14.00', '0.00', '0.00', 1, 10, '0.00', '560.00', '0.00'),
(211, 1016, '40.00', '18.00', '0.00', '0.00', 1, 10, '0.00', '720.00', '0.00'),
(212, 1017, '40.00', '18.00', '0.00', '0.00', 1, 10, '0.00', '720.00', '0.00'),
(213, 1019, '50.00', '23.20', '0.00', '0.00', 1, 10, '0.00', '1160.00', '0.00'),
(214, 1018, '50.00', '23.20', '0.00', '0.00', 1, 10, '0.00', '1160.00', '0.00'),
(215, 1020, '500.00', '6.40', '0.00', '0.00', 1, 10, '0.00', '3200.00', '0.00'),
(216, 1021, '50.00', '6.80', '0.00', '0.00', 1, 10, '0.00', '340.00', '0.00'),
(217, 1022, '50.00', '6.80', '0.00', '0.00', 1, 10, '0.00', '340.00', '0.00'),
(218, 1023, '125.00', '9.60', '0.00', '0.00', 1, 10, '0.00', '1200.00', '0.00'),
(219, 1024, '25.00', '20.00', '0.00', '0.00', 1, 10, '0.00', '500.00', '0.00'),
(220, 1025, '10.00', '18.40', '0.00', '0.00', 1, 10, '0.00', '184.00', '0.00'),
(221, 615, '160.00', '7.20', '0.00', '0.00', 1, 10, '0.00', '1152.00', '0.00'),
(222, 616, '60.00', '7.20', '0.00', '0.00', 1, 10, '0.00', '432.00', '0.00'),
(223, 676, '25.00', '14.80', '0.00', '0.00', 1, 11, '0.00', '370.00', '0.00'),
(224, 677, '25.00', '14.80', '0.00', '0.00', 1, 11, '0.00', '370.00', '0.00'),
(225, 678, '15.00', '14.80', '0.00', '0.00', 1, 11, '0.00', '222.00', '0.00'),
(226, 679, '15.00', '14.80', '0.00', '0.00', 1, 11, '0.00', '222.00', '0.00'),
(227, 941, '10.00', '7.60', '0.00', '0.00', 1, 11, '0.00', '76.00', '0.00'),
(228, 942, '10.00', '7.60', '0.00', '0.00', 1, 11, '0.00', '76.00', '0.00'),
(229, 943, '15.00', '10.00', '0.00', '0.00', 1, 11, '0.00', '150.00', '0.00'),
(230, 944, '15.00', '11.20', '0.00', '0.00', 1, 11, '0.00', '168.00', '0.00'),
(231, 945, '15.00', '11.20', '0.00', '0.00', 1, 11, '0.00', '168.00', '0.00'),
(232, 946, '15.00', '7.20', '0.00', '0.00', 1, 11, '0.00', '108.00', '0.00'),
(233, 947, '15.00', '7.20', '0.00', '0.00', 1, 11, '0.00', '108.00', '0.00'),
(234, 635, '25.00', '10.40', '0.00', '0.00', 1, 11, '0.00', '260.00', '0.00'),
(235, 636, '25.00', '10.40', '0.00', '0.00', 1, 11, '0.00', '260.00', '0.00'),
(236, 637, '25.00', '10.40', '0.00', '0.00', 1, 11, '0.00', '260.00', '0.00'),
(237, 638, '25.00', '10.40', '0.00', '0.00', 1, 11, '0.00', '260.00', '0.00'),
(238, 948, '10.00', '12.00', '0.00', '0.00', 1, 11, '0.00', '120.00', '0.00'),
(239, 949, '10.00', '12.00', '0.00', '0.00', 1, 11, '0.00', '120.00', '0.00'),
(240, 950, '10.00', '12.00', '0.00', '0.00', 1, 11, '0.00', '120.00', '0.00'),
(241, 951, '10.00', '12.00', '0.00', '0.00', 1, 11, '0.00', '120.00', '0.00'),
(242, 661, '15.00', '17.60', '0.00', '0.00', 1, 11, '0.00', '264.00', '0.00'),
(243, 952, '10.00', '13.60', '0.00', '0.00', 1, 11, '0.00', '136.00', '0.00'),
(244, 953, '15.00', '16.00', '0.00', '0.00', 1, 12, '0.00', '240.00', '0.00'),
(245, 954, '15.00', '16.00', '0.00', '0.00', 1, 12, '0.00', '240.00', '0.00'),
(246, 955, '30.00', '16.00', '0.00', '0.00', 1, 12, '0.00', '480.00', '0.00'),
(247, 646, '80.00', '17.60', '0.00', '0.00', 1, 12, '0.00', '1408.00', '0.00'),
(248, 647, '80.00', '17.60', '0.00', '0.00', 1, 12, '0.00', '1408.00', '0.00'),
(249, 664, '200.00', '6.00', '0.00', '0.00', 1, 12, '0.00', '1200.00', '0.00'),
(250, 665, '200.00', '6.00', '0.00', '0.00', 1, 12, '0.00', '1200.00', '0.00'),
(251, 666, '200.00', '6.00', '0.00', '0.00', 1, 12, '0.00', '1200.00', '0.00'),
(252, 667, '200.00', '6.00', '0.00', '0.00', 1, 12, '0.00', '1200.00', '0.00'),
(253, 956, '150.00', '11.20', '0.00', '0.00', 1, 12, '0.00', '1680.00', '0.00'),
(254, 957, '250.00', '17.60', '0.00', '0.00', 1, 12, '0.00', '4400.00', '0.00'),
(255, 958, '20.00', '16.00', '0.00', '0.00', 1, 12, '0.00', '320.00', '0.00'),
(256, 959, '20.00', '16.00', '0.00', '0.00', 1, 12, '0.00', '320.00', '0.00'),
(257, 960, '20.00', '16.00', '0.00', '0.00', 1, 12, '0.00', '320.00', '0.00'),
(258, 961, '20.00', '16.00', '0.00', '0.00', 1, 12, '0.00', '320.00', '0.00'),
(259, 962, '15.00', '14.00', '0.00', '0.00', 1, 12, '0.00', '210.00', '0.00'),
(260, 963, '15.00', '14.00', '0.00', '0.00', 1, 12, '0.00', '210.00', '0.00'),
(261, 964, '15.00', '14.00', '0.00', '0.00', 1, 12, '0.00', '210.00', '0.00'),
(262, 965, '15.00', '14.00', '0.00', '0.00', 1, 12, '0.00', '210.00', '0.00'),
(263, 966, '50.00', '13.60', '0.00', '0.00', 1, 12, '0.00', '680.00', '0.00'),
(264, 639, '50.00', '13.60', '0.00', '0.00', 1, 12, '0.00', '680.00', '0.00'),
(265, 17, '10.00', '44.80', '0.00', '0.00', 1, 13, '0.00', '448.00', '0.00'),
(266, 18, '10.00', '63.68', '0.00', '0.00', 1, 13, '0.00', '636.80', '0.00'),
(267, 27, '10.00', '34.40', '0.00', '0.00', 1, 13, '0.00', '344.00', '0.00'),
(268, 97, '15.00', '56.00', '0.00', '0.00', 1, 13, '0.00', '840.00', '0.00'),
(269, 108, '15.00', '53.60', '0.00', '0.00', 1, 13, '0.00', '804.00', '0.00'),
(270, 113, '10.00', '86.80', '0.00', '0.00', 1, 13, '0.00', '868.00', '0.00'),
(271, 154, '3.00', '24.00', '0.00', '0.00', 1, 13, '0.00', '72.00', '0.00'),
(272, 153, '3.00', '24.00', '0.00', '0.00', 1, 13, '0.00', '72.00', '0.00'),
(273, 967, '50.00', '13.60', '0.00', '0.00', 1, 14, '0.00', '680.00', '0.00'),
(274, 968, '50.00', '13.60', '0.00', '0.00', 1, 14, '0.00', '680.00', '0.00'),
(275, 969, '50.00', '12.00', '0.00', '0.00', 1, 14, '0.00', '600.00', '0.00'),
(276, 970, '50.00', '12.00', '0.00', '0.00', 1, 14, '0.00', '600.00', '0.00'),
(277, 971, '40.00', '12.80', '0.00', '0.00', 1, 14, '0.00', '512.00', '0.00'),
(278, 972, '75.00', '12.80', '0.00', '0.00', 1, 14, '0.00', '960.00', '0.00'),
(279, 668, '25.00', '48.00', '0.00', '0.00', 1, 14, '0.00', '1200.00', '0.00'),
(280, 973, '50.00', '9.60', '0.00', '0.00', 1, 14, '0.00', '480.00', '0.00'),
(281, 670, '25.00', '20.00', '0.00', '0.00', 1, 14, '0.00', '500.00', '0.00'),
(282, 974, '25.00', '20.00', '0.00', '0.00', 1, 14, '0.00', '500.00', '0.00'),
(283, 975, '50.00', '20.00', '0.00', '0.00', 1, 14, '0.00', '1000.00', '0.00'),
(284, 669, '75.00', '25.60', '0.00', '0.00', 1, 14, '0.00', '1920.00', '0.00'),
(285, 976, '25.00', '24.00', '0.00', '0.00', 1, 14, '0.00', '600.00', '0.00'),
(286, 977, '25.00', '24.00', '0.00', '0.00', 1, 14, '0.00', '600.00', '0.00'),
(287, 671, '40.00', '24.00', '0.00', '0.00', 1, 14, '0.00', '960.00', '0.00'),
(288, 978, '15.00', '14.40', '0.00', '0.00', 1, 14, '0.00', '216.00', '0.00'),
(289, 979, '15.00', '14.40', '0.00', '0.00', 1, 14, '0.00', '216.00', '0.00'),
(290, 980, '15.00', '40.00', '0.00', '0.00', 1, 14, '0.00', '600.00', '0.00'),
(291, 981, '15.00', '40.00', '0.00', '0.00', 1, 14, '0.00', '600.00', '0.00'),
(292, 982, '25.00', '48.00', '0.00', '0.00', 1, 14, '0.00', '1200.00', '0.00'),
(293, 983, '25.00', '48.00', '0.00', '0.00', 1, 14, '0.00', '1200.00', '0.00'),
(294, 783, '15.00', '16.00', '0.00', '0.00', 1, 15, '0.00', '240.00', '0.00'),
(295, 782, '15.00', '16.00', '0.00', '0.00', 1, 15, '0.00', '240.00', '0.00'),
(296, 784, '5.00', '28.80', '0.00', '0.00', 1, 15, '0.00', '144.00', '0.00'),
(297, 785, '5.00', '28.80', '0.00', '0.00', 1, 15, '0.00', '144.00', '0.00'),
(298, 786, '10.00', '5.60', '0.00', '0.00', 1, 15, '0.00', '56.00', '0.00'),
(299, 787, '10.00', '5.60', '0.00', '0.00', 1, 15, '0.00', '56.00', '0.00'),
(300, 789, '15.00', '27.00', '0.00', '0.00', 1, 15, '0.00', '405.00', '0.00'),
(301, 788, '15.00', '21.60', '0.00', '0.00', 1, 15, '0.00', '324.00', '0.00'),
(302, 790, '20.00', '24.00', '0.00', '0.00', 1, 15, '0.00', '480.00', '0.00'),
(303, 791, '20.00', '24.00', '0.00', '0.00', 1, 15, '0.00', '480.00', '0.00'),
(304, 792, '40.00', '24.00', '0.00', '0.00', 1, 15, '0.00', '960.00', '0.00'),
(305, 532, '15.00', '24.00', '0.00', '0.00', 1, 15, '0.00', '360.00', '0.00'),
(306, 531, '15.00', '24.00', '0.00', '0.00', 1, 15, '0.00', '360.00', '0.00'),
(307, 533, '15.00', '24.00', '0.00', '0.00', 1, 15, '0.00', '360.00', '0.00'),
(308, 534, '15.00', '24.00', '0.00', '0.00', 1, 15, '0.00', '360.00', '0.00'),
(309, 793, '15.00', '20.00', '0.00', '0.00', 1, 15, '0.00', '300.00', '0.00'),
(310, 794, '15.00', '20.00', '0.00', '0.00', 1, 15, '0.00', '300.00', '0.00'),
(311, 796, '20.00', '22.40', '0.00', '0.00', 1, 15, '0.00', '448.00', '0.00'),
(312, 795, '20.00', '22.40', '0.00', '0.00', 1, 15, '0.00', '448.00', '0.00'),
(313, 797, '50.00', '2.00', '0.00', '0.00', 1, 15, '0.00', '100.00', '0.00'),
(314, 798, '50.00', '2.40', '0.00', '0.00', 1, 15, '0.00', '120.00', '0.00'),
(315, 764, '10.00', '40.00', '0.00', '0.00', 1, 16, '0.00', '400.00', '0.00'),
(316, 765, '10.00', '40.00', '0.00', '0.00', 1, 16, '0.00', '400.00', '0.00'),
(317, 767, '20.00', '40.00', '0.00', '0.00', 1, 16, '0.00', '800.00', '0.00'),
(318, 766, '20.00', '40.00', '0.00', '0.00', 1, 16, '0.00', '800.00', '0.00'),
(319, 768, '10.00', '40.00', '0.00', '0.00', 1, 16, '0.00', '400.00', '0.00'),
(320, 769, '10.00', '40.00', '0.00', '0.00', 1, 16, '0.00', '400.00', '0.00'),
(321, 770, '8.00', '40.00', '0.00', '0.00', 1, 16, '0.00', '320.00', '0.00'),
(322, 771, '75.00', '3.20', '0.00', '0.00', 1, 16, '0.00', '240.00', '0.00'),
(323, 773, '75.00', '5.60', '0.00', '0.00', 1, 16, '0.00', '420.00', '0.00'),
(324, 772, '75.00', '5.60', '0.00', '0.00', 1, 16, '0.00', '420.00', '0.00'),
(325, 775, '20.00', '12.00', '0.00', '0.00', 1, 16, '0.00', '240.00', '0.00'),
(326, 774, '20.00', '12.00', '0.00', '0.00', 1, 16, '0.00', '240.00', '0.00'),
(327, 776, '20.00', '12.00', '0.00', '0.00', 1, 16, '0.00', '240.00', '0.00'),
(328, 777, '20.00', '12.00', '0.00', '0.00', 1, 16, '0.00', '240.00', '0.00'),
(329, 779, '15.00', '14.40', '0.00', '0.00', 1, 16, '0.00', '216.00', '0.00'),
(330, 778, '15.00', '14.40', '0.00', '0.00', 1, 16, '0.00', '216.00', '0.00'),
(331, 780, '10.00', '24.00', '0.00', '0.00', 1, 16, '0.00', '240.00', '0.00'),
(332, 528, '15.00', '14.40', '0.00', '0.00', 1, 16, '0.00', '216.00', '0.00'),
(333, 781, '65.00', '14.40', '0.00', '0.00', 1, 16, '0.00', '936.00', '0.00'),
(334, 529, '15.00', '14.40', '0.00', '0.00', 1, 16, '0.00', '216.00', '0.00'),
(335, 530, '25.00', '14.40', '0.00', '0.00', 1, 16, '0.00', '360.00', '0.00'),
(336, 518, '15.00', '12.00', '0.00', '0.00', 1, 17, '0.00', '180.00', '0.00'),
(337, 519, '15.00', '12.00', '0.00', '0.00', 1, 17, '0.00', '180.00', '0.00'),
(338, 520, '40.00', '22.40', '0.00', '0.00', 1, 17, '0.00', '896.00', '0.00'),
(339, 753, '90.00', '22.40', '0.00', '0.00', 1, 17, '0.00', '2016.00', '0.00'),
(340, 521, '40.00', '22.40', '0.00', '0.00', 1, 17, '0.00', '896.00', '0.00'),
(341, 522, '40.00', '22.40', '0.00', '0.00', 1, 17, '0.00', '896.00', '0.00'),
(342, 754, '25.00', '32.00', '0.00', '0.00', 1, 17, '0.00', '800.00', '0.00'),
(343, 523, '25.00', '32.00', '0.00', '0.00', 1, 17, '0.00', '800.00', '0.00'),
(344, 524, '50.00', '32.00', '0.00', '0.00', 1, 17, '0.00', '1600.00', '0.00'),
(345, 503, '30.00', '12.40', '0.00', '0.00', 1, 17, '0.00', '372.00', '0.00'),
(346, 755, '10.00', '12.80', '0.00', '0.00', 1, 17, '0.00', '128.00', '0.00'),
(347, 756, '20.00', '12.80', '0.00', '0.00', 1, 17, '0.00', '256.00', '0.00'),
(348, 757, '15.00', '13.60', '0.00', '0.00', 1, 17, '0.00', '204.00', '0.00'),
(349, 758, '35.00', '13.60', '0.00', '0.00', 1, 17, '0.00', '476.00', '0.00'),
(350, 512, '20.00', '24.00', '0.00', '0.00', 1, 17, '0.00', '480.00', '0.00'),
(351, 759, '10.00', '40.00', '0.00', '0.00', 1, 17, '0.00', '400.00', '0.00'),
(352, 760, '10.00', '40.00', '0.00', '0.00', 1, 17, '0.00', '400.00', '0.00'),
(353, 761, '10.00', '40.00', '0.00', '0.00', 1, 17, '0.00', '400.00', '0.00'),
(354, 762, '10.00', '40.00', '0.00', '0.00', 1, 17, '0.00', '400.00', '0.00'),
(355, 511, '20.00', '30.40', '0.00', '0.00', 1, 17, '0.00', '608.00', '0.00'),
(356, 763, '20.00', '30.40', '0.00', '0.00', 1, 17, '0.00', '608.00', '0.00'),
(357, 451, '25.00', '8.00', '0.00', '0.00', 1, 18, '0.00', '200.00', '0.00'),
(358, 452, '25.00', '8.00', '0.00', '0.00', 1, 18, '0.00', '200.00', '0.00'),
(359, 453, '25.00', '8.00', '0.00', '0.00', 1, 18, '0.00', '200.00', '0.00'),
(360, 454, '25.00', '8.00', '0.00', '0.00', 1, 18, '0.00', '200.00', '0.00'),
(361, 457, '25.00', '24.00', '0.00', '0.00', 1, 18, '0.00', '600.00', '0.00'),
(362, 458, '25.00', '24.00', '0.00', '0.00', 1, 18, '0.00', '600.00', '0.00'),
(363, 743, '25.00', '25.60', '0.00', '0.00', 1, 18, '0.00', '640.00', '0.00'),
(364, 742, '25.00', '25.60', '0.00', '0.00', 1, 18, '0.00', '640.00', '0.00'),
(365, 744, '10.00', '8.00', '0.00', '0.00', 1, 18, '0.00', '80.00', '0.00'),
(366, 745, '10.00', '8.00', '0.00', '0.00', 1, 18, '0.00', '80.00', '0.00'),
(367, 746, '15.00', '8.80', '0.00', '0.00', 1, 18, '0.00', '132.00', '0.00'),
(368, 747, '25.00', '8.80', '0.00', '0.00', 1, 18, '0.00', '220.00', '0.00'),
(369, 748, '25.00', '8.80', '0.00', '0.00', 1, 18, '0.00', '220.00', '0.00'),
(370, 750, '25.00', '8.80', '0.00', '0.00', 1, 18, '0.00', '220.00', '0.00'),
(371, 749, '25.00', '8.80', '0.00', '0.00', 1, 18, '0.00', '220.00', '0.00'),
(372, 459, '50.00', '11.20', '0.00', '0.00', 1, 18, '0.00', '560.00', '0.00'),
(373, 460, '50.00', '11.20', '0.00', '0.00', 1, 18, '0.00', '560.00', '0.00'),
(374, 752, '75.00', '11.20', '0.00', '0.00', 1, 18, '0.00', '840.00', '0.00'),
(375, 751, '75.00', '11.20', '0.00', '0.00', 1, 18, '0.00', '840.00', '0.00'),
(376, 516, '15.00', '12.00', '0.00', '0.00', 1, 18, '0.00', '180.00', '0.00'),
(377, 517, '15.00', '12.00', '0.00', '0.00', 1, 18, '0.00', '180.00', '0.00'),
(378, 731, '10.00', '6.80', '0.00', '0.00', 1, 19, '0.00', '68.00', '0.00'),
(379, 732, '10.00', '6.80', '0.00', '0.00', 1, 19, '0.00', '68.00', '0.00'),
(380, 486, '15.00', '9.60', '0.00', '0.00', 1, 19, '0.00', '144.00', '0.00'),
(381, 487, '25.00', '9.60', '0.00', '0.00', 1, 19, '0.00', '240.00', '0.00'),
(382, 733, '30.00', '6.40', '0.00', '0.00', 1, 19, '0.00', '192.00', '0.00'),
(383, 734, '15.00', '6.40', '0.00', '0.00', 1, 19, '0.00', '96.00', '0.00'),
(384, 736, '15.00', '6.40', '0.00', '0.00', 1, 19, '0.00', '96.00', '0.00'),
(385, 735, '15.00', '6.40', '0.00', '0.00', 1, 19, '0.00', '96.00', '0.00'),
(386, 738, '15.00', '17.60', '0.00', '0.00', 1, 19, '0.00', '264.00', '0.00'),
(387, 737, '15.00', '17.60', '0.00', '0.00', 1, 19, '0.00', '264.00', '0.00'),
(388, 740, '35.00', '12.00', '0.00', '0.00', 1, 19, '0.00', '420.00', '0.00'),
(389, 739, '15.00', '12.00', '0.00', '0.00', 1, 19, '0.00', '180.00', '0.00'),
(390, 498, '20.00', '10.40', '0.00', '0.00', 1, 19, '0.00', '208.00', '0.00'),
(391, 499, '45.00', '10.40', '0.00', '0.00', 1, 19, '0.00', '468.00', '0.00'),
(392, 506, '10.00', '7.20', '0.00', '0.00', 1, 19, '0.00', '72.00', '0.00'),
(393, 507, '10.00', '7.20', '0.00', '0.00', 1, 19, '0.00', '72.00', '0.00'),
(394, 741, '20.00', '17.60', '0.00', '0.00', 1, 19, '0.00', '352.00', '0.00'),
(395, 509, '15.00', '24.00', '0.00', '0.00', 1, 19, '0.00', '360.00', '0.00'),
(396, 510, '15.00', '24.00', '0.00', '0.00', 1, 19, '0.00', '360.00', '0.00'),
(397, 514, '25.00', '9.60', '0.00', '0.00', 1, 19, '0.00', '240.00', '0.00'),
(398, 515, '25.00', '9.60', '0.00', '0.00', 1, 19, '0.00', '240.00', '0.00'),
(399, 721, '15.00', '12.00', '0.00', '0.00', 1, 20, '0.00', '180.00', '0.00'),
(400, 720, '15.00', '12.00', '0.00', '0.00', 1, 20, '0.00', '180.00', '0.00'),
(401, 722, '15.00', '12.00', '0.00', '0.00', 1, 20, '0.00', '180.00', '0.00'),
(402, 723, '15.00', '12.00', '0.00', '0.00', 1, 20, '0.00', '180.00', '0.00'),
(403, 724, '100.00', '2.40', '0.00', '0.00', 1, 20, '0.00', '240.00', '0.00'),
(404, 449, '40.00', '8.00', '0.00', '0.00', 1, 20, '0.00', '320.00', '0.00'),
(405, 450, '40.00', '8.00', '0.00', '0.00', 1, 20, '0.00', '320.00', '0.00'),
(406, 726, '25.00', '14.40', '0.00', '0.00', 1, 20, '0.00', '360.00', '0.00'),
(407, 725, '25.00', '14.40', '0.00', '0.00', 1, 20, '0.00', '360.00', '0.00'),
(408, 727, '45.00', '4.80', '0.00', '0.00', 1, 20, '0.00', '216.00', '0.00'),
(409, 728, '45.00', '4.80', '0.00', '0.00', 1, 20, '0.00', '216.00', '0.00'),
(410, 730, '50.00', '4.80', '0.00', '0.00', 1, 20, '0.00', '240.00', '0.00'),
(411, 729, '50.00', '4.80', '0.00', '0.00', 1, 20, '0.00', '240.00', '0.00'),
(412, 463, '40.00', '12.00', '0.00', '0.00', 1, 20, '0.00', '480.00', '0.00'),
(413, 464, '40.00', '12.00', '0.00', '0.00', 1, 20, '0.00', '480.00', '0.00'),
(414, 467, '40.00', '12.00', '0.00', '0.00', 1, 20, '0.00', '480.00', '0.00'),
(415, 468, '40.00', '12.00', '0.00', '0.00', 1, 20, '0.00', '480.00', '0.00'),
(416, 469, '25.00', '26.40', '0.00', '0.00', 1, 20, '0.00', '660.00', '0.00'),
(417, 470, '25.00', '26.40', '0.00', '0.00', 1, 20, '0.00', '660.00', '0.00'),
(418, 471, '25.00', '26.40', '0.00', '0.00', 1, 20, '0.00', '660.00', '0.00'),
(419, 472, '25.00', '26.40', '0.00', '0.00', 1, 20, '0.00', '660.00', '0.00'),
(420, 703, '55.00', '12.00', '0.00', '0.00', 1, 21, '0.00', '660.00', '0.00'),
(421, 438, '25.00', '12.00', '0.00', '0.00', 1, 21, '0.00', '300.00', '0.00'),
(422, 705, '15.00', '40.00', '0.00', '0.00', 1, 21, '0.00', '600.00', '0.00'),
(423, 704, '15.00', '40.00', '0.00', '0.00', 1, 21, '0.00', '600.00', '0.00'),
(424, 443, '100.00', '4.80', '0.00', '0.00', 1, 21, '0.00', '480.00', '0.00'),
(425, 444, '100.00', '4.80', '0.00', '0.00', 1, 21, '0.00', '480.00', '0.00'),
(426, 706, '25.00', '16.00', '0.00', '0.00', 1, 21, '0.00', '400.00', '0.00'),
(427, 707, '25.00', '16.00', '0.00', '0.00', 1, 21, '0.00', '400.00', '0.00'),
(428, 708, '40.00', '16.00', '0.00', '0.00', 1, 21, '0.00', '640.00', '0.00'),
(429, 709, '40.00', '16.00', '0.00', '0.00', 1, 21, '0.00', '640.00', '0.00'),
(430, 710, '40.00', '16.00', '0.00', '0.00', 1, 21, '0.00', '640.00', '0.00'),
(431, 711, '40.00', '16.00', '0.00', '0.00', 1, 21, '0.00', '640.00', '0.00'),
(432, 712, '15.00', '16.00', '0.00', '0.00', 1, 21, '0.00', '240.00', '0.00'),
(433, 713, '15.00', '16.00', '0.00', '0.00', 1, 21, '0.00', '240.00', '0.00'),
(434, 714, '25.00', '20.80', '0.00', '0.00', 1, 21, '0.00', '520.00', '0.00'),
(435, 715, '25.00', '20.80', '0.00', '0.00', 1, 21, '0.00', '520.00', '0.00'),
(436, 716, '25.00', '20.80', '0.00', '0.00', 1, 21, '0.00', '520.00', '0.00'),
(437, 717, '25.00', '20.80', '0.00', '0.00', 1, 21, '0.00', '520.00', '0.00'),
(438, 718, '15.00', '6.24', '0.00', '0.00', 1, 21, '0.00', '93.60', '0.00'),
(439, 719, '15.00', '6.24', '0.00', '0.00', 1, 21, '0.00', '93.60', '0.00'),
(440, 691, '10.00', '16.00', '0.00', '0.00', 1, 22, '0.00', '160.00', '0.00'),
(441, 692, '10.00', '16.00', '0.00', '0.00', 1, 22, '0.00', '160.00', '0.00'),
(442, 428, '15.00', '5.60', '0.00', '0.00', 1, 22, '0.00', '84.00', '0.00'),
(443, 429, '15.00', '5.60', '0.00', '0.00', 1, 22, '0.00', '84.00', '0.00'),
(444, 694, '15.00', '12.40', '0.00', '0.00', 1, 22, '0.00', '186.00', '0.00'),
(445, 693, '15.00', '12.40', '0.00', '0.00', 1, 22, '0.00', '186.00', '0.00'),
(446, 430, '50.00', '4.96', '0.00', '0.00', 1, 22, '0.00', '248.00', '0.00'),
(447, 696, '25.00', '4.80', '0.00', '0.00', 1, 22, '0.00', '120.00', '0.00'),
(448, 695, '25.00', '4.80', '0.00', '0.00', 1, 22, '0.00', '120.00', '0.00'),
(449, 697, '15.00', '12.80', '0.00', '0.00', 1, 22, '0.00', '192.00', '0.00'),
(450, 698, '15.00', '12.80', '0.00', '0.00', 1, 22, '0.00', '192.00', '0.00'),
(451, 699, '15.00', '10.40', '0.00', '0.00', 1, 22, '0.00', '156.00', '0.00'),
(452, 700, '25.00', '10.40', '0.00', '0.00', 1, 22, '0.00', '260.00', '0.00'),
(453, 701, '15.00', '10.40', '0.00', '0.00', 1, 22, '0.00', '156.00', '0.00'),
(454, 702, '25.00', '10.40', '0.00', '0.00', 1, 22, '0.00', '260.00', '0.00'),
(455, 432, '15.00', '10.40', '0.00', '0.00', 1, 22, '0.00', '156.00', '0.00'),
(456, 433, '25.00', '10.40', '0.00', '0.00', 1, 22, '0.00', '260.00', '0.00'),
(457, 434, '15.00', '10.40', '0.00', '0.00', 1, 22, '0.00', '156.00', '0.00'),
(458, 435, '25.00', '10.40', '0.00', '0.00', 1, 22, '0.00', '260.00', '0.00'),
(459, 436, '15.00', '12.00', '0.00', '0.00', 1, 22, '0.00', '180.00', '0.00'),
(460, 437, '25.00', '12.00', '0.00', '0.00', 1, 22, '0.00', '300.00', '0.00'),
(461, 897, '5.00', '6.40', '0.00', '0.00', 1, 23, '0.00', '32.00', '0.00'),
(462, 898, '5.00', '6.40', '0.00', '0.00', 1, 23, '0.00', '32.00', '0.00'),
(463, 899, '10.00', '11.20', '0.00', '0.00', 1, 23, '0.00', '112.00', '0.00'),
(464, 900, '10.00', '11.20', '0.00', '0.00', 1, 23, '0.00', '112.00', '0.00'),
(465, 901, '10.00', '6.40', '0.00', '0.00', 1, 23, '0.00', '64.00', '0.00'),
(466, 902, '10.00', '6.40', '0.00', '0.00', 1, 23, '0.00', '64.00', '0.00'),
(467, 903, '15.00', '16.00', '0.00', '0.00', 1, 23, '0.00', '240.00', '0.00'),
(468, 904, '15.00', '8.00', '0.00', '0.00', 1, 23, '0.00', '120.00', '0.00'),
(469, 905, '15.00', '8.00', '0.00', '0.00', 1, 23, '0.00', '120.00', '0.00'),
(470, 906, '15.00', '9.60', '0.00', '0.00', 1, 23, '0.00', '144.00', '0.00'),
(471, 907, '15.00', '9.60', '0.00', '0.00', 1, 23, '0.00', '144.00', '0.00'),
(472, 908, '15.00', '11.20', '0.00', '0.00', 1, 23, '0.00', '168.00', '0.00'),
(473, 911, '10.00', '12.00', '0.00', '0.00', 1, 23, '0.00', '120.00', '0.00'),
(474, 910, '10.00', '12.00', '0.00', '0.00', 1, 23, '0.00', '120.00', '0.00'),
(475, 912, '10.00', '12.00', '0.00', '0.00', 1, 23, '0.00', '120.00', '0.00'),
(476, 913, '10.00', '12.00', '0.00', '0.00', 1, 23, '0.00', '120.00', '0.00'),
(477, 914, '25.00', '8.00', '0.00', '0.00', 1, 23, '0.00', '200.00', '0.00'),
(478, 915, '25.00', '8.00', '0.00', '0.00', 1, 23, '0.00', '200.00', '0.00'),
(479, 621, '250.00', '3.20', '0.00', '0.00', 1, 23, '0.00', '800.00', '0.00'),
(480, 916, '250.00', '4.40', '0.00', '0.00', 1, 23, '0.00', '1100.00', '0.00'),
(481, 909, '15.00', '11.20', '0.00', '0.00', 1, 23, '0.00', '168.00', '0.00'),
(482, 877, '50.00', '6.56', '0.00', '0.00', 1, 24, '0.00', '328.00', '0.00'),
(483, 878, '25.00', '22.40', '0.00', '0.00', 1, 24, '0.00', '560.00', '0.00'),
(484, 879, '15.00', '10.00', '0.00', '0.00', 1, 24, '0.00', '150.00', '0.00'),
(485, 880, '15.00', '10.00', '0.00', '0.00', 1, 24, '0.00', '150.00', '0.00'),
(486, 881, '15.00', '10.00', '0.00', '0.00', 1, 24, '0.00', '150.00', '0.00'),
(487, 882, '15.00', '10.00', '0.00', '0.00', 1, 24, '0.00', '150.00', '0.00'),
(488, 883, '25.00', '8.00', '0.00', '0.00', 1, 24, '0.00', '200.00', '0.00'),
(489, 884, '10.00', '16.00', '0.00', '0.00', 1, 24, '0.00', '160.00', '0.00'),
(490, 885, '10.00', '16.00', '0.00', '0.00', 1, 24, '0.00', '160.00', '0.00'),
(491, 613, '15.00', '14.40', '0.00', '0.00', 1, 24, '0.00', '216.00', '0.00'),
(492, 614, '15.00', '14.40', '0.00', '0.00', 1, 24, '0.00', '216.00', '0.00'),
(493, 886, '15.00', '32.00', '0.00', '0.00', 1, 24, '0.00', '480.00', '0.00'),
(494, 887, '25.00', '40.00', '0.00', '0.00', 1, 24, '0.00', '1000.00', '0.00'),
(495, 888, '25.00', '32.00', '0.00', '0.00', 1, 24, '0.00', '800.00', '0.00'),
(496, 889, '20.00', '24.00', '0.00', '0.00', 1, 24, '0.00', '480.00', '0.00'),
(497, 890, '30.00', '40.00', '0.00', '0.00', 1, 24, '0.00', '1200.00', '0.00'),
(498, 891, '10.00', '7.20', '0.00', '0.00', 1, 24, '0.00', '72.00', '0.00'),
(499, 892, '10.00', '7.20', '0.00', '0.00', 1, 24, '0.00', '72.00', '0.00'),
(500, 893, '10.00', '7.20', '0.00', '0.00', 1, 24, '0.00', '72.00', '0.00'),
(501, 894, '10.00', '7.20', '0.00', '0.00', 1, 24, '0.00', '72.00', '0.00'),
(502, 895, '10.00', '33.60', '0.00', '0.00', 1, 24, '0.00', '336.00', '0.00'),
(503, 896, '10.00', '33.60', '0.00', '0.00', 1, 24, '0.00', '336.00', '0.00'),
(504, 856, '10.00', '54.40', '0.00', '0.00', 1, 25, '0.00', '544.00', '0.00'),
(505, 857, '15.00', '64.00', '0.00', '0.00', 1, 25, '0.00', '960.00', '0.00'),
(506, 858, '15.00', '16.00', '0.00', '0.00', 1, 25, '0.00', '240.00', '0.00'),
(507, 859, '15.00', '88.00', '0.00', '0.00', 1, 25, '0.00', '1320.00', '0.00'),
(508, 860, '20.00', '20.00', '0.00', '0.00', 1, 25, '0.00', '400.00', '0.00'),
(509, 861, '50.00', '21.60', '0.00', '0.00', 1, 25, '0.00', '1080.00', '0.00'),
(510, 862, '50.00', '21.60', '0.00', '0.00', 1, 25, '0.00', '1080.00', '0.00'),
(511, 863, '30.00', '13.60', '0.00', '0.00', 1, 25, '0.00', '408.00', '0.00'),
(512, 864, '10.00', '17.60', '0.00', '0.00', 1, 25, '0.00', '176.00', '0.00'),
(513, 865, '10.00', '17.60', '0.00', '0.00', 1, 25, '0.00', '176.00', '0.00'),
(514, 866, '15.00', '36.00', '0.00', '0.00', 1, 25, '0.00', '540.00', '0.00'),
(515, 867, '15.00', '36.00', '0.00', '0.00', 1, 25, '0.00', '540.00', '0.00'),
(516, 868, '10.00', '40.00', '0.00', '0.00', 1, 25, '0.00', '400.00', '0.00'),
(517, 869, '10.00', '40.00', '0.00', '0.00', 1, 25, '0.00', '400.00', '0.00'),
(518, 870, '10.00', '21.60', '0.00', '0.00', 1, 25, '0.00', '216.00', '0.00'),
(519, 871, '10.00', '21.60', '0.00', '0.00', 1, 25, '0.00', '216.00', '0.00'),
(520, 872, '20.00', '25.60', '0.00', '0.00', 1, 25, '0.00', '512.00', '0.00'),
(521, 873, '20.00', '25.60', '0.00', '0.00', 1, 25, '0.00', '512.00', '0.00'),
(522, 874, '15.00', '24.00', '0.00', '0.00', 1, 25, '0.00', '360.00', '0.00'),
(523, 875, '15.00', '24.00', '0.00', '0.00', 1, 25, '0.00', '360.00', '0.00'),
(524, 876, '10.00', '4.96', '0.00', '0.00', 1, 25, '0.00', '49.60', '0.00'),
(525, 837, '20.00', '26.40', '0.00', '0.00', 1, 26, '0.00', '528.00', '0.00'),
(526, 838, '20.00', '26.40', '0.00', '0.00', 1, 26, '0.00', '528.00', '0.00'),
(527, 839, '20.00', '26.40', '0.00', '0.00', 1, 26, '0.00', '528.00', '0.00'),
(528, 840, '20.00', '26.40', '0.00', '0.00', 1, 26, '0.00', '528.00', '0.00'),
(529, 841, '15.00', '6.40', '0.00', '0.00', 1, 26, '0.00', '96.00', '0.00'),
(530, 842, '15.00', '6.40', '0.00', '0.00', 1, 26, '0.00', '96.00', '0.00'),
(531, 608, '20.00', '28.80', '0.00', '0.00', 1, 26, '0.00', '576.00', '0.00'),
(532, 609, '20.00', '28.80', '0.00', '0.00', 1, 26, '0.00', '576.00', '0.00'),
(533, 843, '15.00', '28.80', '0.00', '0.00', 1, 26, '0.00', '432.00', '0.00'),
(534, 844, '25.00', '20.00', '0.00', '0.00', 1, 26, '0.00', '500.00', '0.00'),
(535, 845, '20.00', '18.40', '0.00', '0.00', 1, 26, '0.00', '368.00', '0.00'),
(536, 846, '20.00', '20.00', '0.00', '0.00', 1, 26, '0.00', '400.00', '0.00'),
(537, 847, '15.00', '25.60', '0.00', '0.00', 1, 26, '0.00', '384.00', '0.00'),
(538, 848, '20.00', '14.40', '0.00', '0.00', 1, 26, '0.00', '288.00', '0.00'),
(539, 849, '20.00', '14.40', '0.00', '0.00', 1, 26, '0.00', '288.00', '0.00'),
(540, 850, '15.00', '30.40', '0.00', '0.00', 1, 26, '0.00', '456.00', '0.00'),
(541, 851, '15.00', '30.40', '0.00', '0.00', 1, 26, '0.00', '456.00', '0.00'),
(542, 852, '10.00', '30.40', '0.00', '0.00', 1, 26, '0.00', '304.00', '0.00'),
(543, 853, '10.00', '30.40', '0.00', '0.00', 1, 26, '0.00', '304.00', '0.00'),
(544, 854, '15.00', '67.20', '0.00', '0.00', 1, 26, '0.00', '1008.00', '0.00'),
(545, 855, '10.00', '54.40', '0.00', '0.00', 1, 26, '0.00', '544.00', '0.00'),
(546, 824, '15.00', '20.80', '0.00', '0.00', 1, 27, '0.00', '312.00', '0.00'),
(547, 825, '15.00', '20.80', '0.00', '0.00', 1, 27, '0.00', '312.00', '0.00'),
(548, 826, '10.00', '30.40', '0.00', '0.00', 1, 27, '0.00', '304.00', '0.00'),
(549, 827, '10.00', '30.40', '0.00', '0.00', 1, 27, '0.00', '304.00', '0.00'),
(550, 597, '20.00', '8.00', '0.00', '0.00', 1, 27, '0.00', '160.00', '0.00'),
(551, 598, '20.00', '8.00', '0.00', '0.00', 1, 27, '0.00', '160.00', '0.00'),
(552, 828, '15.00', '5.60', '0.00', '0.00', 1, 27, '0.00', '84.00', '0.00'),
(553, 829, '35.00', '5.60', '0.00', '0.00', 1, 27, '0.00', '196.00', '0.00'),
(554, 830, '10.00', '8.80', '0.00', '0.00', 1, 27, '0.00', '88.00', '0.00'),
(555, 831, '10.00', '8.80', '0.00', '0.00', 1, 27, '0.00', '88.00', '0.00'),
(556, 585, '10.00', '38.40', '0.00', '0.00', 1, 27, '0.00', '384.00', '0.00'),
(557, 586, '10.00', '38.40', '0.00', '0.00', 1, 27, '0.00', '384.00', '0.00'),
(558, 832, '20.00', '12.80', '0.00', '0.00', 1, 27, '0.00', '256.00', '0.00'),
(559, 833, '20.00', '12.80', '0.00', '0.00', 1, 27, '0.00', '256.00', '0.00'),
(560, 594, '50.00', '10.00', '0.00', '0.00', 1, 27, '0.00', '500.00', '0.00'),
(561, 603, '15.00', '6.40', '0.00', '0.00', 1, 27, '0.00', '96.00', '0.00'),
(562, 604, '15.00', '6.40', '0.00', '0.00', 1, 27, '0.00', '96.00', '0.00'),
(563, 834, '10.00', '16.00', '0.00', '0.00', 1, 27, '0.00', '160.00', '0.00'),
(564, 835, '10.00', '16.00', '0.00', '0.00', 1, 27, '0.00', '160.00', '0.00'),
(565, 836, '25.00', '13.60', '0.00', '0.00', 1, 27, '0.00', '340.00', '0.00'),
(566, 599, '10.00', '11.20', '0.00', '0.00', 1, 27, '0.00', '112.00', '0.00'),
(567, 600, '10.00', '11.20', '0.00', '0.00', 1, 27, '0.00', '112.00', '0.00'),
(568, 809, '15.00', '23.20', '0.00', '0.00', 1, 28, '0.00', '348.00', '0.00'),
(569, 810, '15.00', '23.20', '0.00', '0.00', 1, 28, '0.00', '348.00', '0.00'),
(570, 555, '10.00', '14.40', '0.00', '0.00', 1, 28, '0.00', '144.00', '0.00'),
(571, 556, '10.00', '14.40', '0.00', '0.00', 1, 28, '0.00', '144.00', '0.00'),
(572, 811, '10.00', '12.00', '0.00', '0.00', 1, 28, '0.00', '120.00', '0.00'),
(573, 812, '10.00', '12.00', '0.00', '0.00', 1, 28, '0.00', '120.00', '0.00'),
(574, 541, '10.00', '18.40', '0.00', '0.00', 1, 28, '0.00', '184.00', '0.00'),
(575, 540, '10.00', '18.40', '0.00', '0.00', 1, 28, '0.00', '184.00', '0.00'),
(576, 813, '20.00', '16.00', '0.00', '0.00', 1, 28, '0.00', '320.00', '0.00'),
(577, 814, '20.00', '16.00', '0.00', '0.00', 1, 28, '0.00', '320.00', '0.00'),
(578, 815, '15.00', '28.00', '0.00', '0.00', 1, 28, '0.00', '420.00', '0.00'),
(579, 816, '15.00', '33.60', '0.00', '0.00', 1, 28, '0.00', '504.00', '0.00'),
(580, 817, '10.00', '22.40', '0.00', '0.00', 1, 28, '0.00', '224.00', '0.00'),
(581, 818, '10.00', '22.40', '0.00', '0.00', 1, 28, '0.00', '224.00', '0.00'),
(582, 819, '15.00', '22.00', '0.00', '0.00', 1, 28, '0.00', '330.00', '0.00'),
(583, 820, '250.00', '1.92', '0.00', '0.00', 1, 28, '0.00', '480.00', '0.00'),
(584, 821, '150.00', '1.92', '0.00', '0.00', 1, 28, '0.00', '288.00', '0.00'),
(585, 584, '75.00', '4.80', '0.00', '0.00', 1, 28, '0.00', '360.00', '0.00'),
(586, 822, '250.00', '5.60', '0.00', '0.00', 1, 28, '0.00', '1400.00', '0.00'),
(587, 823, '50.00', '4.80', '0.00', '0.00', 1, 28, '0.00', '240.00', '0.00'),
(588, 799, '25.00', '2.00', '0.00', '0.00', 1, 29, '0.00', '50.00', '0.00'),
(589, 800, '25.00', '3.60', '0.00', '0.00', 1, 29, '0.00', '90.00', '0.00'),
(590, 559, '10.00', '14.40', '0.00', '0.00', 1, 29, '0.00', '144.00', '0.00'),
(591, 560, '10.00', '14.40', '0.00', '0.00', 1, 29, '0.00', '144.00', '0.00'),
(592, 801, '20.00', '12.00', '0.00', '0.00', 1, 29, '0.00', '240.00', '0.00'),
(593, 802, '20.00', '12.00', '0.00', '0.00', 1, 29, '0.00', '240.00', '0.00'),
(594, 803, '50.00', '6.40', '0.00', '0.00', 1, 29, '0.00', '320.00', '0.00'),
(595, 553, '15.00', '7.20', '0.00', '0.00', 1, 29, '0.00', '108.00', '0.00'),
(596, 554, '15.00', '7.20', '0.00', '0.00', 1, 29, '0.00', '108.00', '0.00'),
(597, 557, '10.00', '4.80', '0.00', '0.00', 1, 29, '0.00', '48.00', '0.00'),
(598, 558, '10.00', '4.80', '0.00', '0.00', 1, 29, '0.00', '48.00', '0.00'),
(599, 804, '15.00', '9.60', '0.00', '0.00', 1, 29, '0.00', '144.00', '0.00'),
(600, 805, '15.00', '9.60', '0.00', '0.00', 1, 29, '0.00', '144.00', '0.00'),
(601, 806, '25.00', '11.84', '0.00', '0.00', 1, 29, '0.00', '296.00', '0.00'),
(602, 807, '25.00', '11.84', '0.00', '0.00', 1, 29, '0.00', '296.00', '0.00'),
(603, 573, '15.00', '15.60', '0.00', '0.00', 1, 29, '0.00', '234.00', '0.00'),
(604, 574, '15.00', '15.60', '0.00', '0.00', 1, 29, '0.00', '234.00', '0.00'),
(605, 808, '30.00', '15.60', '0.00', '0.00', 1, 29, '0.00', '468.00', '0.00'),
(606, 575, '25.00', '32.00', '0.00', '0.00', 1, 29, '0.00', '800.00', '0.00'),
(607, 576, '25.00', '32.00', '0.00', '0.00', 1, 29, '0.00', '800.00', '0.00'),
(608, 504, '5.00', '16.40', '0.00', '0.00', 1, 30, '0.00', '82.00', '0.00'),
(609, 505, '5.00', '16.40', '0.00', '0.00', 1, 30, '0.00', '82.00', '0.00'),
(610, 439, '40.00', '2.40', '0.00', '0.00', 1, 30, '0.00', '96.00', '0.00'),
(611, 440, '40.00', '2.40', '0.00', '0.00', 1, 30, '0.00', '96.00', '0.00'),
(612, 473, '10.00', '25.20', '0.00', '0.00', 1, 30, '0.00', '252.00', '0.00'),
(613, 474, '10.00', '25.20', '0.00', '0.00', 1, 30, '0.00', '252.00', '0.00'),
(614, 539, '5.00', '12.00', '0.00', '0.00', 1, 30, '0.00', '60.00', '0.00'),
(615, 1025, '5.00', '12.00', '0.00', '0.00', 1, 30, '0.00', '60.00', '0.00'),
(616, 544, '8.00', '12.00', '0.00', '0.00', 1, 30, '0.00', '96.00', '0.00'),
(617, 545, '4.00', '12.00', '0.00', '0.00', 1, 30, '0.00', '48.00', '0.00'),
(618, 658, '100.00', '10.40', '0.00', '0.00', 1, 30, '0.00', '1040.00', '0.00'),
(619, 447, '40.00', '12.00', '0.00', '0.00', 1, 30, '0.00', '480.00', '0.00'),
(620, 448, '40.00', '12.00', '0.00', '0.00', 1, 30, '0.00', '480.00', '0.00'),
(621, 523, '20.00', '32.00', '0.00', '0.00', 1, 30, '0.00', '640.00', '0.00'),
(622, 524, '30.00', '32.00', '0.00', '0.00', 1, 30, '0.00', '960.00', '0.00'),
(623, 477, '7.00', '42.00', '0.00', '0.00', 1, 30, '0.00', '294.00', '0.00'),
(624, 478, '7.00', '42.00', '0.00', '0.00', 1, 30, '0.00', '294.00', '0.00'),
(625, 479, '8.00', '42.00', '0.00', '0.00', 1, 30, '0.00', '336.00', '0.00'),
(626, 480, '8.00', '42.00', '0.00', '0.00', 1, 30, '0.00', '336.00', '0.00'),
(627, 525, '20.00', '24.00', '0.00', '0.00', 1, 30, '0.00', '480.00', '0.00'),
(628, 526, '20.00', '24.00', '0.00', '0.00', 1, 30, '0.00', '480.00', '0.00'),
(629, 1024, '15.00', '20.00', '0.00', '0.00', 1, 30, '0.00', '300.00', '0.00'),
(630, 527, '8.00', '20.00', '0.00', '0.00', 1, 30, '0.00', '160.00', '0.00'),
(631, 441, '50.00', '2.40', '0.00', '0.00', 1, 31, '0.00', '120.00', '0.00'),
(632, 442, '50.00', '2.40', '0.00', '0.00', 1, 31, '0.00', '120.00', '0.00'),
(633, 513, '40.00', '16.00', '0.00', '0.00', 1, 31, '0.00', '640.00', '0.00'),
(634, 550, '3.00', '2.00', '0.00', '0.00', 1, 31, '0.00', '6.00', '0.00'),
(635, 488, '15.00', '31.20', '0.00', '0.00', 1, 31, '0.00', '468.00', '0.00'),
(636, 489, '15.00', '31.20', '0.00', '0.00', 1, 31, '0.00', '468.00', '0.00'),
(637, 490, '15.00', '31.20', '0.00', '0.00', 1, 31, '0.00', '468.00', '0.00'),
(638, 491, '15.00', '31.20', '0.00', '0.00', 1, 31, '0.00', '468.00', '0.00'),
(639, 527, '4.00', '20.00', '0.00', '0.00', 1, 31, '0.00', '80.00', '0.00'),
(640, 622, '40.00', '2.40', '0.00', '0.00', 1, 31, '0.00', '96.00', '0.00'),
(641, 623, '40.00', '2.40', '0.00', '0.00', 1, 31, '0.00', '96.00', '0.00'),
(642, 640, '20.00', '30.00', '0.00', '0.00', 1, 31, '0.00', '600.00', '0.00'),
(643, 641, '20.00', '30.00', '0.00', '0.00', 1, 31, '0.00', '600.00', '0.00'),
(644, 682, '20.00', '4.00', '0.00', '0.00', 1, 31, '0.00', '80.00', '0.00'),
(645, 683, '20.00', '4.00', '0.00', '0.00', 1, 31, '0.00', '80.00', '0.00'),
(646, 685, '20.00', '3.20', '0.00', '0.00', 1, 31, '0.00', '64.00', '0.00'),
(647, 686, '20.00', '3.20', '0.00', '0.00', 1, 31, '0.00', '64.00', '0.00'),
(648, 475, '10.00', '25.20', '0.00', '0.00', 1, 31, '0.00', '252.00', '0.00'),
(649, 476, '10.00', '25.20', '0.00', '0.00', 1, 31, '0.00', '252.00', '0.00'),
(650, 45, '20.00', '50.40', '0.00', '0.00', 1, 31, '0.00', '1008.00', '0.00'),
(651, 48, '10.00', '60.00', '0.00', '0.00', 1, 31, '0.00', '600.00', '0.00'),
(652, 49, '10.00', '72.00', '0.00', '0.00', 1, 31, '0.00', '720.00', '0.00'),
(653, 53, '3.00', '68.00', '0.00', '0.00', 1, 32, '0.00', '204.00', '0.00');
INSERT INTO `compra_detalle` (`id_cdetalle`, `prod_cdetalle`, `cant_cdetalle`, `precio_cdetalle`, `descu_cdetalle`, `impuestouni_cdetalle`, `status_cdetalle`, `compra_cdetalle`, `plista_cdetalle`, `total_cdetalle`, `impuestototal_cdetalle`) VALUES
(654, 56, '20.00', '32.00', '0.00', '0.00', 1, 32, '0.00', '640.00', '0.00'),
(655, 103, '20.00', '28.00', '0.00', '0.00', 1, 32, '0.00', '560.00', '0.00'),
(656, 104, '20.00', '28.00', '0.00', '0.00', 1, 32, '0.00', '560.00', '0.00'),
(657, 118, '30.00', '38.40', '0.00', '0.00', 1, 32, '0.00', '1152.00', '0.00'),
(658, 956, '130.00', '11.20', '0.00', '0.00', 1, 33, '0.00', '1456.00', '0.00'),
(670, 28, '5.00', '40.00', '0.00', '0.00', 1, 35, '0.00', '200.00', '0.00'),
(671, 37, '3.00', '32.00', '0.00', '0.00', 1, 35, '0.00', '96.00', '0.00'),
(672, 58, '10.00', '76.80', '0.00', '0.00', 1, 35, '0.00', '768.00', '0.00'),
(673, 67, '1.00', '49.60', '0.00', '0.00', 1, 35, '0.00', '49.60', '0.00'),
(674, 88, '10.00', '79.60', '0.00', '0.00', 1, 35, '0.00', '796.00', '0.00'),
(675, 112, '10.00', '46.88', '0.00', '0.00', 1, 35, '0.00', '468.80', '0.00'),
(676, 117, '7.00', '56.00', '0.00', '0.00', 1, 35, '0.00', '392.00', '0.00'),
(677, 1026, '15.00', '38.40', '0.00', '0.00', 1, 35, '0.00', '576.00', '0.00'),
(678, 122, '10.00', '68.00', '0.00', '0.00', 1, 35, '0.00', '680.00', '0.00'),
(679, 126, '7.00', '60.00', '0.00', '0.00', 1, 35, '0.00', '420.00', '0.00'),
(680, 1027, '10.00', '32.00', '0.00', '0.00', 1, 35, '0.00', '320.00', '0.00'),
(681, 431, '100.00', '9.60', '0.00', '0.00', 1, 36, '0.00', '960.00', '0.00'),
(682, 486, '30.00', '9.60', '0.00', '0.00', 1, 36, '0.00', '288.00', '0.00'),
(683, 484, '10.00', '32.00', '0.00', '0.00', 1, 36, '0.00', '320.00', '0.00'),
(684, 98, '15.00', '87.36', '0.00', '0.00', 1, 36, '0.00', '1310.40', '0.00'),
(685, 487, '100.00', '9.60', '0.00', '0.00', 1, 36, '0.00', '960.00', '0.00'),
(686, 6, '20.00', '28.00', '0.00', '0.00', 1, 36, '0.00', '560.00', '0.00'),
(687, 14, '4.00', '36.00', '0.00', '0.00', 1, 36, '0.00', '144.00', '0.00'),
(688, 148, '20.00', '36.80', '0.00', '0.00', 1, 36, '0.00', '736.00', '0.00'),
(689, 690, '25.00', '28.80', '0.00', '0.00', 1, 36, '0.00', '720.00', '0.00'),
(690, 134, '5.00', '87.20', '0.00', '0.00', 1, 36, '0.00', '436.00', '0.00'),
(691, 1028, '25.00', '32.00', '0.00', '0.00', 1, 36, '0.00', '800.00', '0.00'),
(692, 935, '12.00', '8.40', '0.00', '0.00', 1, 36, '0.00', '100.80', '0.00'),
(693, 61, '10.00', '24.00', '0.00', '0.00', 1, 36, '0.00', '240.00', '0.00'),
(694, 62, '10.00', '24.00', '0.00', '0.00', 1, 36, '0.00', '240.00', '0.00'),
(695, 934, '12.00', '8.40', '0.00', '0.00', 1, 36, '0.00', '100.80', '0.00'),
(696, 956, '20.00', '11.20', '0.00', '0.00', 1, 36, '0.00', '224.00', '0.00'),
(697, 503, '20.00', '12.40', '0.00', '0.00', 1, 37, '0.00', '248.00', '0.00'),
(698, 446, '20.00', '12.00', '0.00', '0.00', 1, 37, '0.00', '240.00', '0.00'),
(699, 445, '20.00', '12.00', '0.00', '0.00', 1, 37, '0.00', '240.00', '0.00'),
(700, 662, '5.00', '20.00', '0.00', '0.00', 1, 37, '0.00', '100.00', '0.00'),
(701, 103, '15.00', '28.00', '0.00', '0.00', 1, 37, '0.00', '420.00', '0.00'),
(702, 104, '15.00', '28.00', '0.00', '0.00', 1, 37, '0.00', '420.00', '0.00'),
(703, 593, '15.00', '10.00', '0.00', '0.00', 1, 37, '0.00', '150.00', '0.00'),
(704, 594, '15.00', '10.00', '0.00', '0.00', 1, 37, '0.00', '150.00', '0.00'),
(705, 607, '10.00', '36.80', '0.00', '0.00', 1, 37, '0.00', '368.00', '0.00'),
(706, 691, '8.00', '16.00', '0.00', '0.00', 1, 37, '0.00', '128.00', '0.00'),
(707, 692, '8.00', '16.00', '0.00', '0.00', 1, 37, '0.00', '128.00', '0.00'),
(708, 36, '5.00', '33.60', '0.00', '0.00', 1, 37, '0.00', '168.00', '0.00'),
(709, 85, '5.00', '33.36', '0.00', '0.00', 1, 37, '0.00', '166.80', '0.00'),
(710, 5, '1.00', '48.00', '0.00', '0.00', 1, 37, '0.00', '48.00', '0.00'),
(711, 42, '10.00', '23.20', '0.00', '0.00', 1, 37, '0.00', '232.00', '0.00'),
(712, 93, '15.00', '64.00', '0.00', '0.00', 1, 37, '0.00', '960.00', '0.00'),
(713, 461, '15.00', '7.20', '0.00', '0.00', 1, 38, '0.00', '108.00', '0.00'),
(714, 462, '15.00', '7.20', '0.00', '0.00', 1, 38, '0.00', '108.00', '0.00'),
(715, 644, '15.00', '16.00', '0.00', '0.00', 1, 38, '0.00', '240.00', '0.00'),
(716, 645, '15.00', '16.00', '0.00', '0.00', 1, 38, '0.00', '240.00', '0.00'),
(717, 897, '5.00', '6.40', '0.00', '0.00', 1, 38, '0.00', '32.00', '0.00'),
(718, 898, '5.00', '6.40', '0.00', '0.00', 1, 38, '0.00', '32.00', '0.00'),
(719, 992, '15.00', '25.60', '0.00', '0.00', 1, 38, '0.00', '384.00', '0.00'),
(720, 127, '30.00', '80.00', '0.00', '0.00', 1, 38, '0.00', '2400.00', '0.00'),
(721, 31, '15.00', '112.80', '0.00', '0.00', 1, 38, '0.00', '1692.00', '0.00'),
(722, 131, '20.00', '69.60', '0.00', '0.00', 1, 38, '0.00', '1392.00', '0.00'),
(723, 102, '12.00', '44.00', '0.00', '0.00', 1, 38, '0.00', '528.00', '0.00'),
(724, 107, '20.00', '53.60', '0.00', '0.00', 1, 38, '0.00', '1072.00', '0.00'),
(725, 565, '12.00', '62.40', '0.00', '0.00', 1, 38, '0.00', '748.80', '0.00'),
(726, 566, '12.00', '62.40', '0.00', '0.00', 1, 38, '0.00', '748.80', '0.00'),
(727, 941, '8.00', '7.60', '0.00', '0.00', 1, 38, '0.00', '60.80', '0.00'),
(728, 942, '8.00', '7.60', '0.00', '0.00', 1, 38, '0.00', '60.80', '0.00'),
(729, 684, '30.00', '5.60', '0.00', '0.00', 1, 38, '0.00', '168.00', '0.00'),
(730, 1181, '40.00', '65.00', '0.00', '0.00', 1, 39, '0.00', '2600.00', '0.00'),
(731, 1182, '25.00', '56.00', '0.00', '0.00', 1, 39, '0.00', '1400.00', '0.00'),
(732, 31, '15.00', '73.00', '0.00', '0.00', 1, 39, '0.00', '1095.00', '0.00'),
(733, 1183, '15.00', '167.00', '0.00', '0.00', 1, 39, '0.00', '2505.00', '0.00'),
(734, 1184, '35.00', '17.28', '0.00', '0.00', 1, 39, '0.00', '604.80', '0.00'),
(735, 1185, '35.00', '78.00', '0.00', '0.00', 1, 39, '0.00', '2730.00', '0.00'),
(736, 46, '20.00', '72.00', '0.00', '0.00', 1, 39, '0.00', '1440.00', '0.00'),
(737, 1186, '50.00', '75.00', '0.00', '0.00', 1, 39, '0.00', '3750.00', '0.00'),
(738, 1187, '15.00', '124.00', '0.00', '0.00', 1, 39, '0.00', '1860.00', '0.00'),
(739, 1188, '15.00', '148.00', '0.00', '0.00', 1, 39, '0.00', '2220.00', '0.00'),
(740, 1189, '15.00', '92.00', '0.00', '0.00', 1, 39, '0.00', '1380.00', '0.00'),
(741, 1190, '35.00', '105.00', '0.00', '0.00', 1, 39, '0.00', '3675.00', '0.00'),
(742, 1191, '20.00', '84.00', '0.00', '0.00', 1, 39, '0.00', '1680.00', '0.00'),
(743, 1192, '10.00', '136.00', '0.00', '0.00', 1, 39, '0.00', '1360.00', '0.00'),
(744, 1193, '20.00', '105.00', '0.00', '0.00', 1, 39, '0.00', '2100.00', '0.00'),
(745, 689, '15.00', '84.00', '0.00', '0.00', 1, 39, '0.00', '1260.00', '0.00'),
(746, 1194, '15.00', '118.00', '0.00', '0.00', 1, 39, '0.00', '1770.00', '0.00'),
(747, 1195, '15.00', '108.00', '0.00', '0.00', 1, 39, '0.00', '1620.00', '0.00'),
(748, 96, '50.00', '92.00', '0.00', '0.00', 1, 39, '0.00', '4600.00', '0.00'),
(749, 1196, '20.00', '80.00', '0.00', '0.00', 1, 39, '0.00', '1600.00', '0.00'),
(750, 95, '30.00', '102.00', '0.00', '0.00', 1, 39, '0.00', '3060.00', '0.00'),
(751, 129, '50.00', '65.00', '0.00', '0.00', 1, 40, '0.00', '3250.00', '0.00'),
(752, 127, '50.00', '65.00', '0.00', '0.00', 1, 40, '0.00', '3250.00', '0.00'),
(753, 1210, '15.00', '62.00', '0.00', '0.00', 1, 40, '0.00', '930.00', '0.00'),
(754, 1211, '15.00', '84.00', '0.00', '0.00', 1, 40, '0.00', '1260.00', '0.00'),
(755, 161, '15.00', '86.00', '0.00', '0.00', 1, 40, '0.00', '1290.00', '0.00'),
(756, 163, '35.00', '92.00', '0.00', '0.00', 1, 40, '0.00', '3220.00', '0.00'),
(757, 1212, '25.00', '80.00', '0.00', '0.00', 1, 40, '0.00', '2000.00', '0.00'),
(758, 158, '30.00', '87.00', '0.00', '0.00', 1, 40, '0.00', '2610.00', '0.00'),
(759, 1213, '10.00', '86.00', '0.00', '0.00', 1, 40, '0.00', '860.00', '0.00'),
(760, 1214, '10.00', '114.00', '0.00', '0.00', 1, 40, '0.00', '1140.00', '0.00'),
(761, 1215, '7.00', '55.00', '0.00', '0.00', 1, 40, '0.00', '385.00', '0.00'),
(762, 1216, '10.00', '71.00', '0.00', '0.00', 1, 40, '0.00', '710.00', '0.00'),
(763, 111, '20.00', '86.00', '0.00', '0.00', 1, 41, '0.00', '1720.00', '0.00'),
(764, 110, '20.00', '74.00', '0.00', '0.00', 1, 41, '0.00', '1480.00', '0.00'),
(765, 1197, '5.00', '86.00', '0.00', '0.00', 1, 41, '0.00', '430.00', '0.00'),
(766, 1198, '20.00', '99.00', '0.00', '0.00', 1, 41, '0.00', '1980.00', '0.00'),
(767, 1199, '25.00', '71.00', '0.00', '0.00', 1, 41, '0.00', '1775.00', '0.00'),
(768, 1200, '15.00', '71.00', '0.00', '0.00', 1, 41, '0.00', '1065.00', '0.00'),
(769, 1201, '15.00', '108.00', '0.00', '0.00', 1, 41, '0.00', '1620.00', '0.00'),
(770, 1202, '10.00', '80.00', '0.00', '0.00', 1, 41, '0.00', '800.00', '0.00'),
(771, 1203, '15.00', '74.00', '0.00', '0.00', 1, 41, '0.00', '1110.00', '0.00'),
(772, 1204, '25.00', '102.00', '0.00', '0.00', 1, 41, '0.00', '2550.00', '0.00'),
(773, 149, '20.00', '80.00', '0.00', '0.00', 1, 41, '0.00', '1600.00', '0.00'),
(774, 1205, '100.00', '65.00', '0.00', '0.00', 1, 41, '0.00', '6500.00', '0.00'),
(775, 147, '40.00', '65.00', '0.00', '0.00', 1, 41, '0.00', '2600.00', '0.00'),
(776, 1206, '40.00', '83.00', '0.00', '0.00', 1, 41, '0.00', '3320.00', '0.00'),
(777, 142, '25.00', '61.00', '0.00', '0.00', 1, 41, '0.00', '1525.00', '0.00'),
(778, 1207, '50.00', '68.00', '0.00', '0.00', 1, 41, '0.00', '3400.00', '0.00'),
(779, 1208, '25.00', '62.00', '0.00', '0.00', 1, 41, '0.00', '1550.00', '0.00'),
(780, 141, '50.00', '68.00', '0.00', '0.00', 1, 41, '0.00', '3400.00', '0.00'),
(781, 134, '25.00', '74.00', '0.00', '0.00', 1, 41, '0.00', '1850.00', '0.00'),
(782, 1209, '30.00', '71.00', '0.00', '0.00', 1, 41, '0.00', '2130.00', '0.00'),
(783, 131, '20.00', '65.00', '0.00', '0.00', 1, 41, '0.00', '1300.00', '0.00'),
(784, 934, '3.00', '8.40', '0.00', '0.00', 1, 42, '0.00', '25.20', '0.00'),
(785, 935, '3.00', '8.40', '0.00', '0.00', 1, 42, '0.00', '25.20', '0.00'),
(786, 1021, '25.00', '6.80', '0.00', '0.00', 1, 43, '0.00', '170.00', '0.00'),
(787, 631, '30.00', '12.40', '0.00', '0.00', 1, 43, '0.00', '372.00', '0.00'),
(788, 632, '30.00', '12.40', '0.00', '0.00', 1, 43, '0.00', '372.00', '0.00'),
(789, 629, '20.00', '12.40', '0.00', '0.00', 1, 43, '0.00', '248.00', '0.00'),
(790, 630, '20.00', '12.40', '0.00', '0.00', 1, 43, '0.00', '248.00', '0.00'),
(791, 501, '10.00', '8.00', '0.00', '0.00', 1, 43, '0.00', '80.00', '0.00'),
(792, 500, '10.00', '8.00', '0.00', '0.00', 1, 43, '0.00', '80.00', '0.00'),
(793, 660, '10.00', '17.60', '0.00', '0.00', 1, 43, '0.00', '176.00', '0.00'),
(794, 661, '20.00', '17.60', '0.00', '0.00', 1, 43, '0.00', '352.00', '0.00');

-- --------------------------------------------------------

--
-- Estructura de tabla para la tabla `cond_pago`
--

DROP TABLE IF EXISTS `cond_pago`;
CREATE TABLE IF NOT EXISTS `cond_pago` (
  `id_condp` int(11) NOT NULL AUTO_INCREMENT COMMENT 'ID UNICO',
  `desc_condp` varchar(100) NOT NULL COMMENT 'DESCRIP COND PAGO',
  `status_condp` int(11) NOT NULL COMMENT 'ESTATUS CONDICION PAGO',
  `sucursal_condp` int(11) NOT NULL DEFAULT 0 COMMENT 'SUCURSAL COND PAGO',
  PRIMARY KEY (`id_condp`),
  KEY `sucursal_condp` (`sucursal_condp`)
) ENGINE=InnoDB AUTO_INCREMENT=5 DEFAULT CHARSET=latin1 COMMENT='GUARDA LAS CONDICIONES DE PAGO';

--
-- Volcado de datos para la tabla `cond_pago`
--

INSERT INTO `cond_pago` (`id_condp`, `desc_condp`, `status_condp`, `sucursal_condp`) VALUES
(1, 'CONTADO', 1, 1),
(2, 'CREDITO', 1, 1),
(3, 'FACTURA A 30 DIAS', 1, 1),
(4, 'LETRA', 1, 1);

-- --------------------------------------------------------

--
-- Estructura de tabla para la tabla `departamento`
--

DROP TABLE IF EXISTS `departamento`;
CREATE TABLE IF NOT EXISTS `departamento` (
  `id_depto` int(11) NOT NULL AUTO_INCREMENT COMMENT 'ID UNICO',
  `des_depto` varchar(30) NOT NULL COMMENT 'DESCRIPCION DEPARTAMENTO',
  `prov_depto` int(11) NOT NULL COMMENT 'PROVINCIA DEPARTAMENTO',
  `pais_depto` int(11) NOT NULL,
  `status_depto` int(11) NOT NULL COMMENT 'ESTATUS DEPARTAMENTO',
  `sucursal_depto` int(11) NOT NULL COMMENT 'SUCURSAL DEPARTAMENTO',
  PRIMARY KEY (`id_depto`),
  KEY `sucursal_depto` (`sucursal_depto`),
  KEY `prov_depto` (`prov_depto`)
) ENGINE=InnoDB AUTO_INCREMENT=217 DEFAULT CHARSET=latin1 COMMENT='GUARDA DATOS DE DEPARTAMENTOS';

--
-- Volcado de datos para la tabla `departamento`
--

INSERT INTO `departamento` (`id_depto`, `des_depto`, `prov_depto`, `pais_depto`, `status_depto`, `sucursal_depto`) VALUES
(1, 'Bagua', 1, 241, 1, 1),
(2, 'Bongará', 1, 241, 1, 1),
(3, 'Chachapoyas', 1, 241, 1, 1),
(4, 'Condorcanqui', 1, 241, 1, 1),
(5, 'Luya', 1, 241, 1, 1),
(6, 'Rodríguez de Mendoza', 1, 241, 1, 1),
(7, 'Utcubamba', 1, 241, 1, 1),
(8, 'Aija', 2, 241, 1, 1),
(9, 'Antonio Raymond', 2, 241, 1, 1),
(10, 'Asunción', 2, 241, 1, 1),
(11, 'Bolognesi', 2, 241, 1, 1),
(12, 'Carhuaz', 2, 241, 1, 1),
(13, 'Carlos Fermín Fitzcarrald', 2, 241, 1, 1),
(14, 'Casma', 2, 241, 1, 1),
(15, 'Corongo', 2, 241, 1, 1),
(16, 'Huaraz', 2, 241, 1, 1),
(17, 'Huari', 2, 241, 1, 1),
(18, 'Huarmey', 2, 241, 1, 1),
(19, 'Huaylas', 2, 241, 1, 1),
(20, 'Mariscal Luzuriaga', 2, 241, 1, 1),
(21, 'Ocros', 2, 241, 1, 1),
(22, 'Pallasca', 2, 241, 1, 1),
(23, 'Pomabamba', 2, 241, 1, 1),
(24, 'Recuay', 2, 241, 1, 1),
(25, 'Santa', 2, 241, 1, 1),
(26, 'Sihuas', 2, 241, 1, 1),
(27, 'Yungay', 2, 241, 1, 1),
(28, 'Abancay', 3, 241, 1, 1),
(29, 'Andahuaylas', 3, 241, 1, 1),
(30, 'Antabamba', 3, 241, 1, 1),
(31, 'Aymaraes', 3, 241, 1, 1),
(32, 'Chicheros', 3, 241, 1, 1),
(33, 'Cotabambas', 3, 241, 1, 1),
(34, 'Grau', 3, 241, 1, 1),
(35, 'Arequipa', 4, 241, 1, 1),
(36, 'Camaná', 4, 241, 1, 1),
(37, 'Caraveli', 4, 241, 1, 1),
(38, 'Castilla', 4, 241, 1, 1),
(39, 'Caylloma', 4, 241, 1, 1),
(40, 'Condesuyos', 4, 241, 1, 1),
(41, 'Islay', 4, 241, 1, 1),
(42, 'La Unión', 4, 241, 1, 1),
(43, 'Cangallo', 5, 241, 1, 1),
(44, 'Huamanga', 5, 241, 1, 1),
(45, 'Huancasancos', 5, 241, 1, 1),
(46, 'Huanta', 5, 241, 1, 1),
(47, 'La Mar', 5, 241, 1, 1),
(48, 'Lucanas', 5, 241, 1, 1),
(49, 'Parinacochas', 5, 241, 1, 1),
(50, 'Páucar del Sara Sara', 5, 241, 1, 1),
(51, 'Sucre', 5, 241, 1, 1),
(52, 'Víctor Fajardo', 5, 241, 1, 1),
(53, 'Vilcashuaman', 5, 241, 1, 1),
(54, 'Cajabamba', 6, 241, 1, 1),
(55, 'Cajamarca', 6, 241, 1, 1),
(56, 'Celendín', 6, 241, 1, 1),
(57, 'Chota', 6, 241, 1, 1),
(58, 'Contumazá', 6, 241, 1, 1),
(59, 'Cutervo', 6, 241, 1, 1),
(60, 'Hualgayoc', 6, 241, 1, 1),
(61, 'Jaén', 6, 241, 1, 1),
(62, 'San Ignacio', 6, 241, 1, 1),
(63, 'San Marcos', 6, 241, 1, 1),
(64, 'San Miguel', 6, 241, 1, 1),
(65, 'San Pablo', 6, 241, 1, 1),
(66, 'Santa Cruz', 6, 241, 1, 1),
(67, 'Callao', 7, 241, 1, 1),
(68, 'Acomayo', 8, 241, 1, 1),
(69, 'Anta', 8, 241, 1, 1),
(70, 'Calca', 8, 241, 1, 1),
(71, 'Canas', 8, 241, 1, 1),
(72, 'Canchis', 8, 241, 1, 1),
(73, 'Chumbivilcas', 8, 241, 1, 1),
(74, 'Cusco', 8, 241, 1, 1),
(75, 'Espinar', 8, 241, 1, 1),
(76, 'La Convención', 8, 241, 1, 1),
(77, 'Paruro', 8, 241, 1, 1),
(78, 'Paucartambo', 8, 241, 1, 1),
(79, 'Quispicanchi', 8, 241, 1, 1),
(80, 'Urubamba', 8, 241, 1, 1),
(81, 'Acobamba', 9, 241, 1, 1),
(82, 'Angaraes', 9, 241, 1, 1),
(83, 'Castrovirreyna', 9, 241, 1, 1),
(84, 'Churcampa', 9, 241, 1, 1),
(85, 'Huancavelica', 9, 241, 1, 1),
(86, 'Huaytará', 9, 241, 1, 1),
(87, 'Tayacaja', 9, 241, 1, 1),
(88, 'Ambo', 10, 241, 1, 1),
(89, 'Dos de Mayo', 10, 241, 1, 1),
(90, 'Huacaybamba', 10, 241, 1, 1),
(91, 'Huamalíes', 10, 241, 1, 1),
(92, 'Huanuco', 10, 241, 1, 1),
(93, 'Lauricocha', 10, 241, 1, 1),
(94, 'Leoncio Prado', 10, 241, 1, 1),
(95, 'Marañón', 10, 241, 1, 1),
(96, 'Pachitea', 10, 241, 1, 1),
(97, 'Puerto Inca', 10, 241, 1, 1),
(98, 'Yarowilca', 10, 241, 1, 1),
(99, 'Chincha', 11, 241, 1, 1),
(100, 'Ica', 11, 241, 1, 1),
(101, 'Nazca', 11, 241, 1, 1),
(102, 'Palpa', 11, 241, 1, 1),
(103, 'Pisco', 11, 241, 1, 1),
(104, 'Chanchamayo', 12, 241, 1, 1),
(105, 'Chupaca', 12, 241, 1, 1),
(106, 'Concepción', 12, 241, 1, 1),
(107, 'Huancayo', 12, 241, 1, 1),
(108, 'Jauja', 12, 241, 1, 1),
(109, 'Junín', 12, 241, 1, 1),
(110, 'Satipo', 12, 241, 1, 1),
(111, 'Tarma', 12, 241, 1, 1),
(112, 'Yauli', 12, 241, 1, 1),
(113, 'Ascope', 13, 241, 1, 1),
(114, 'Bolívar', 13, 241, 1, 1),
(115, 'Chepén', 13, 241, 1, 1),
(116, 'Gran Chimú', 13, 241, 1, 1),
(117, 'Julcán', 13, 241, 1, 1),
(118, 'Otuzco', 13, 241, 1, 1),
(119, 'Pacasmayo', 13, 241, 1, 1),
(120, 'Pataz', 13, 241, 1, 1),
(121, 'Sanchez Carrión', 13, 241, 1, 1),
(122, 'Santiago de Chuco', 13, 241, 1, 1),
(123, 'Trujillo', 13, 241, 1, 1),
(124, 'Virú', 13, 241, 1, 1),
(125, 'Chiclayo', 14, 241, 1, 1),
(126, 'Ferreñafe', 14, 241, 1, 1),
(127, 'Lambayeque', 14, 241, 1, 1),
(128, 'Barranca', 15, 241, 1, 1),
(129, 'Cajatambo', 15, 241, 1, 1),
(130, 'Canta', 15, 241, 1, 1),
(131, 'Cañete', 15, 241, 1, 1),
(132, 'Huaral', 15, 241, 1, 1),
(133, 'Huarochirí', 15, 241, 1, 1),
(134, 'Huaura', 15, 241, 1, 1),
(135, 'Lima', 15, 241, 1, 1),
(136, 'Oyón', 15, 241, 1, 1),
(137, 'Yauyos', 15, 241, 1, 1),
(138, 'Alto Amazonas', 16, 241, 1, 1),
(139, 'Datem de Marañón', 16, 241, 1, 1),
(140, 'Loreto', 16, 241, 1, 1),
(141, 'Mariscal Ramón Castilla', 16, 241, 1, 1),
(142, 'Maynas', 16, 241, 1, 1),
(143, 'Putumayo', 16, 241, 1, 1),
(144, 'Requena', 16, 241, 1, 1),
(145, 'Ucayali', 16, 241, 1, 1),
(146, 'Manu', 17, 241, 1, 1),
(147, 'Tahuamanu', 17, 241, 1, 1),
(148, 'Tambopata', 17, 241, 1, 1),
(149, 'General Sánchez Cerro', 18, 241, 1, 1),
(150, 'Ilo', 18, 241, 1, 1),
(151, 'Mariscal Nieto', 18, 241, 1, 1),
(152, 'Daniel Alcides Carrión', 19, 241, 1, 1),
(153, 'Oxapampa', 19, 241, 1, 1),
(154, 'Pasco', 19, 241, 1, 1),
(155, 'Ayabaca', 20, 241, 1, 1),
(156, 'Huancabamba', 20, 241, 1, 1),
(157, 'Morropón', 20, 241, 1, 1),
(158, 'Paita', 20, 241, 1, 1),
(159, 'Piura', 20, 241, 1, 1),
(160, 'Secure', 20, 241, 1, 1),
(161, 'Sullana', 20, 241, 1, 1),
(162, 'Talara', 20, 241, 1, 1),
(163, 'Azángaro', 21, 241, 1, 1),
(164, 'Carabaya', 21, 241, 1, 1),
(165, 'Chucuito', 21, 241, 1, 1),
(166, 'El Collao', 21, 241, 1, 1),
(167, 'Huacané', 21, 241, 1, 1),
(168, 'Lampa', 21, 241, 1, 1),
(169, 'Melgar', 21, 241, 1, 1),
(170, 'Moho', 21, 241, 1, 1),
(171, 'Puno', 21, 241, 1, 1),
(172, 'San Antonio de Putiña', 21, 241, 1, 1),
(173, 'San Román', 21, 241, 1, 1),
(174, 'Sandía', 21, 241, 1, 1),
(175, 'Yunguyo', 21, 241, 1, 1),
(176, 'Bellavista', 22, 241, 1, 1),
(177, 'El Dorado', 22, 241, 1, 1),
(178, 'Huallaga', 22, 241, 1, 1),
(179, 'Lamas', 22, 241, 1, 1),
(180, 'Mariscal Cáceres', 22, 241, 1, 1),
(181, 'Moyobamba', 22, 241, 1, 1),
(182, 'Picota', 22, 241, 1, 1),
(183, 'Rioja', 22, 241, 1, 1),
(184, 'San Martín', 22, 241, 1, 1),
(185, 'Tocache', 22, 241, 1, 1),
(186, 'Candarave', 23, 241, 1, 1),
(187, 'Jorge Basadre', 23, 241, 1, 1),
(188, 'Tacna', 23, 241, 1, 1),
(189, 'Tarata', 23, 241, 1, 1),
(190, 'Contralmirante Villar', 24, 241, 1, 1),
(191, 'Tumbes', 24, 241, 1, 1),
(192, 'Zarumilla', 24, 241, 1, 1),
(193, 'Atalaya', 25, 241, 1, 1),
(194, 'Coronel Portillo', 25, 241, 1, 1),
(195, 'Padre Abad', 25, 241, 1, 1),
(196, 'Purús', 25, 241, 1, 1),
(215, 'Valencia', 28, 231, 1, 1),
(216, 'SIN DEPARTAMENTO', 29, 241, 1, 1);

-- --------------------------------------------------------

--
-- Estructura de tabla para la tabla `depts`
--

DROP TABLE IF EXISTS `depts`;
CREATE TABLE IF NOT EXISTS `depts` (
  `provincia` varchar(100) DEFAULT NULL,
  `depart` varchar(100) CHARACTER SET utf8 COLLATE utf8_spanish_ci DEFAULT NULL,
  `dtto` varchar(100) DEFAULT NULL
) ENGINE=InnoDB DEFAULT CHARSET=utf8;

--
-- Volcado de datos para la tabla `depts`
--

INSERT INTO `depts` (`provincia`, `depart`, `dtto`) VALUES
('AMAZONAS', 'Chachapoyas', 'Chachapoyas'),
('AMAZONAS', 'Bagua', 'Bagua'),
('AMAZONAS', 'Bongará', 'Jumbilla'),
('AMAZONAS', 'Condorcanqui', 'Santa María Nieva'),
('AMAZONAS', 'Luya', 'Lamud'),
('AMAZONAS', 'Rodríguez de Mendoza', 'Mendoza'),
('AMAZONAS', 'Utcubamba', 'Bagua Grande'),
('ANCASH', 'Huaraz', 'Huaraz'),
('ANCASH', 'Aija', 'Aija'),
('ANCASH', 'Antonio Raymond', 'Llamellín'),
('ANCASH', 'Asunción', 'Chacas'),
('ANCASH', 'Bolognesi', 'Chiquián'),
('ANCASH', 'Carhuaz', 'Carhuaz'),
('ANCASH', 'Carlos Fermín Fitzcarrald', 'San Luis'),
('ANCASH', 'Casma', 'Casma'),
('ANCASH', 'Corongo', 'Corongo'),
('ANCASH', 'Huari', 'Huari'),
('ANCASH', 'Huarmey', 'Huarmey'),
('ANCASH', 'Huaylas', 'Caras'),
('ANCASH', 'Mariscal Luzuriaga', 'Piscobamba'),
('ANCASH', 'Ocros', 'Ocros'),
('ANCASH', 'Pallasca', 'Cabana'),
('ANCASH', 'Pomabamba', 'Pomabamba'),
('ANCASH', 'Recuay', 'Recuay'),
('ANCASH', 'Santa', 'Chimbo'),
('ANCASH', 'Sihuas', 'Sihuas'),
('ANCASH', 'Yungay', 'Yungay'),
('APURIMAC', 'Abancay', 'Abancay'),
('APURIMAC', 'Andahuaylas', 'Andahuaylas'),
('APURIMAC', 'Antabamba', 'Antabamba'),
('APURIMAC', 'Aymaraes', 'Chalhuanca'),
('APURIMAC', 'Cotabambas', 'Tambobamba'),
('APURIMAC', 'Chicheros', 'Chincheros'),
('APURIMAC', 'Grau', 'Chuquibambilla'),
('AREQUIPA', 'Arequipa', 'Arequipa'),
('AREQUIPA', 'Camaná', 'Camaná'),
('AREQUIPA', 'Caraveli', 'Caraveli'),
('AREQUIPA', 'Castilla', 'Aplao'),
('AREQUIPA', 'Caylloma', 'Chivay'),
('AREQUIPA', 'Condesuyos', 'Chuquibamba'),
('AREQUIPA', 'Islay', 'Mollendo'),
('AREQUIPA', 'La Unión', 'Cotahuasi'),
('AYACUCHO', 'Huamanga', 'Ayacucho'),
('AYACUCHO', 'Cangallo', 'Cangallo'),
('AYACUCHO', 'Huancasancos', 'Huancasancos'),
('AYACUCHO', 'Huanta', 'Huanta'),
('AYACUCHO', 'La Mar', 'San Miguel'),
('AYACUCHO', 'Lucanas', 'Puquio'),
('AYACUCHO', 'Parinacochas', 'Coracora'),
('AYACUCHO', 'Páucar del Sara Sara', 'Pauza'),
('AYACUCHO', 'Sucre', 'Querobamba'),
('AYACUCHO', 'Víctor Fajardo', 'Huancapi'),
('AYACUCHO', 'Vilcashuaman', 'Vilcashuamán'),
('CAJAMARCA', 'Cajamarca', 'Cajamarca'),
('CAJAMARCA', 'Cajabamba', 'Cajabamba'),
('CAJAMARCA', 'Celendín', 'Celendín'),
('CAJAMARCA', 'Chota', 'Chota'),
('CAJAMARCA', 'Contumazá', 'Contumazá'),
('CAJAMARCA', 'Cutervo', 'Cutervo'),
('CAJAMARCA', 'Hualgayoc', 'Bambamarca'),
('CAJAMARCA', 'Jaén', 'Jaén'),
('CAJAMARCA', 'San Ignacio', 'San Ignacio'),
('CAJAMARCA', 'San Marcos', 'San marcos (Pedro Gálvez)'),
('CAJAMARCA', 'San Miguel', 'San Miguel de Pallaques'),
('CAJAMARCA', 'San Pablo', 'San Pablo'),
('CAJAMARCA', 'Santa Cruz', 'Santa Cruz de Succhabamba'),
('CALLAO', 'Callao', 'Callao'),
('CUSCO', 'Cusco', 'Cusco'),
('CUSCO', 'Acomayo', 'Acomayo'),
('CUSCO', 'Anta', 'Anta'),
('CUSCO', 'Calca', 'Calca'),
('CUSCO', 'Canas', 'Yanaoca'),
('CUSCO', 'Canchis', 'Sicuani'),
('CUSCO', 'Chumbivilcas', 'Santo Tomás'),
('CUSCO', 'Espinar', 'Yauri (Espinar)'),
('CUSCO', 'La Convención', 'Quillabamba'),
('CUSCO', 'Paruro', 'Paruro'),
('CUSCO', 'Paucartambo', 'Paucartambo'),
('CUSCO', 'Quispicanchi', 'Urcos'),
('CUSCO', 'Urubamba', 'Urubamba'),
('HUANCAVELICA', 'Huancavelica', 'Huancavelica'),
('HUANCAVELICA', 'Acobamba', 'Acobamba'),
('HUANCAVELICA', 'Angaraes', 'Lircay'),
('HUANCAVELICA', 'Castrovirreyna', 'Castrovirreyna'),
('HUANCAVELICA', 'Churcampa', 'Churcampa'),
('HUANCAVELICA', 'Huaytará', 'Huaytará'),
('HUANCAVELICA', 'Tayacaja', 'Pampas'),
('HUÁNUCO', 'Huanuco', 'Huánuco'),
('HUÁNUCO', 'Ambo', 'Ambo'),
('HUÁNUCO', 'Dos de Mayo', 'La Unión'),
('HUÁNUCO', 'Huacaybamba', 'Huacaybamba'),
('HUÁNUCO', 'Huamalíes', 'Llata'),
('HUÁNUCO', 'Leoncio Prado', 'Tingo María'),
('HUÁNUCO', 'Marañón', 'Huacrachuco'),
('HUÁNUCO', 'Pachitea', 'Panao'),
('HUÁNUCO', 'Puerto Inca', 'Puerto Inca'),
('HUÁNUCO', 'Lauricocha', 'Jesús'),
('HUÁNUCO', 'Yarowilca', 'Chavinillo'),
('ICA', 'Ica', 'Ica'),
('ICA', 'Chincha', 'Chincha Alta'),
('ICA', 'Nazca', 'Nazca'),
('ICA', 'Palpa', 'Palpa'),
('ICA', 'Pisco', 'Pisco'),
('JUNÍN', 'Huancayo', 'Huancayo'),
('JUNÍN', 'Concepción', 'Concepción'),
('JUNÍN', 'Chanchamayo', 'La Merced'),
('JUNÍN', 'Jauja', 'Jauja'),
('JUNÍN', 'Junín', 'Junín'),
('JUNÍN', 'Satipo', 'Satipo'),
('JUNÍN', 'Tarma', 'Tarma'),
('JUNÍN', 'Yauli', 'La Oroya'),
('JUNÍN', 'Chupaca', 'Chupaca'),
('LA LIBERTAD', 'Trujillo', 'Trujillo'),
('LA LIBERTAD', 'Ascope', 'Ascope'),
('LA LIBERTAD', 'Bolívar', 'Bolívar'),
('LA LIBERTAD', 'Chepén', 'Chepén'),
('LA LIBERTAD', 'Julcán', 'Julcán'),
('LA LIBERTAD', 'Otuzco', 'Otuzco'),
('LA LIBERTAD', 'Pacasmayo', 'San Pedro de Lloc'),
('LA LIBERTAD', 'Pataz', 'Tayabamba'),
('LA LIBERTAD', 'Sanchez Carrión', 'Huamachuco'),
('LA LIBERTAD', 'Santiago de Chuco', 'Santiago de Chuco'),
('LA LIBERTAD', 'Gran Chimú', 'Cascas'),
('LA LIBERTAD', 'Virú', 'Virú'),
('LAMBAYEQUE', 'Chiclayo', 'Chiclayo'),
('LAMBAYEQUE', 'Ferreñafe', 'Ferreñafe'),
('LAMBAYEQUE', 'Lambayeque', 'Lambayeque'),
('LIMA', 'Lima', 'Lima'),
('LIMA', 'Barranca', 'Barranca'),
('LIMA', 'Cajatambo', 'Cajatambo'),
('LIMA', 'Canta', 'Canta'),
('LIMA', 'Cañete', 'San Vicente de Cañete'),
('LIMA', 'Huaral', 'Huaral'),
('LIMA', 'Huarochirí', 'Matucana'),
('LIMA', 'Huaura', 'Huacho'),
('LIMA', 'Oyón', 'Oyón'),
('LIMA', 'Yauyos', 'Yauyos'),
('LORETO', 'Maynas', 'Iquitos'),
('LORETO', 'Alto Amazonas', 'Yurimaguas'),
('LORETO', 'Loreto', 'Nauta'),
('LORETO', 'Mariscal Ramón Castilla', 'Caballococha'),
('LORETO', 'Requena', 'Requena'),
('LORETO', 'Ucayali', 'Contamana'),
('LORETO', 'Datem de Marañón', 'San Lorenzo'),
('LORETO', 'Putumayo', 'San Antonio del Estrecho'),
('MADRE DE DIOS', 'Tambopata', 'Puerto Maldonado'),
('MADRE DE DIOS', 'Manu', 'Salvación'),
('MADRE DE DIOS', 'Tahuamanu', 'Iñapari'),
('MOQUEGUA', 'Mariscal Nieto', 'Moquegua'),
('MOQUEGUA', 'General Sánchez Cerro', 'Omate'),
('MOQUEGUA', 'Ilo', 'Ilo'),
('PASCO', 'Pasco', 'Cerro de Pasco'),
('PASCO', 'Daniel Alcides Carrión', 'Yanahuanca'),
('PASCO', 'Oxapampa', 'Oxapampa'),
('PIURA', 'Piura', 'Piura'),
('PIURA', 'Ayabaca', 'Ayabaca'),
('PIURA', 'Huancabamba', 'Huancabamba'),
('PIURA', 'Morropón', 'Chulucanas'),
('PIURA', 'Paita', 'Paita'),
('PIURA', 'Sullana', 'Sullana'),
('PIURA', 'Talara', 'Talara'),
('PIURA', 'Secure', 'Sechura'),
('PUNO', 'Puno', 'Puno'),
('PUNO', 'Azángaro', 'Azángaro'),
('PUNO', 'Carabaya', 'Macusani'),
('PUNO', 'Chucuito', 'Juli'),
('PUNO', 'El Collao', 'Ilave'),
('PUNO', 'Huacané', 'Huancané'),
('PUNO', 'Lampa', 'Lampa'),
('PUNO', 'Melgar', 'Ayaviri'),
('PUNO', 'Moho', 'Moho'),
('PUNO', 'San Antonio de Putiña', 'Putina'),
('PUNO', 'San Román', 'Juliaca'),
('PUNO', 'Sandía', 'Sandia'),
('PUNO', 'Yunguyo', 'Yunguyo'),
('SAN MARTÍN', 'Moyobamba', 'Moyobamba'),
('SAN MARTÍN', 'Bellavista', 'Bellavista'),
('SAN MARTÍN', 'El Dorado', 'San José de Sisa'),
('SAN MARTÍN', 'Huallaga', 'Saposoa'),
('SAN MARTÍN', 'Lamas', 'Lamas'),
('SAN MARTÍN', 'Mariscal Cáceres', 'Juanjuí'),
('SAN MARTÍN', 'Picota', 'Picota'),
('SAN MARTÍN', 'Rioja', 'Rioja'),
('SAN MARTÍN', 'San Martín', 'Tarapoto'),
('SAN MARTÍN', 'Tocache', 'Tocache'),
('TACNA', 'Tacna', 'Tacna'),
('TACNA', 'Candarave', 'Candarave'),
('TACNA', 'Jorge Basadre', 'Locumba'),
('TACNA', 'Tarata', 'Tarata'),
('TUMBES', 'Tumbes', 'Tumbes'),
('TUMBES', 'Contralmirante Villar', 'Zorritos'),
('TUMBES', 'Zarumilla', 'Zarumilla'),
('UCAYALI', 'Coronel Portillo', 'Pucallpa'),
('UCAYALI', 'Atalaya', 'Atalaya'),
('UCAYALI', 'Padre Abad', 'Aguaytía'),
('UCAYALI', 'Purús', 'Puerto Esperanza');

-- --------------------------------------------------------

--
-- Estructura de tabla para la tabla `distrito`
--

DROP TABLE IF EXISTS `distrito`;
CREATE TABLE IF NOT EXISTS `distrito` (
  `id_dtto` int(11) NOT NULL AUTO_INCREMENT COMMENT 'ID UNICO',
  `des_dtto` varchar(30) NOT NULL COMMENT 'DESCRIPCION DISTRITO',
  `pais_dtto` int(11) NOT NULL,
  `prov_dtto` int(11) NOT NULL,
  `depto_dtto` int(11) NOT NULL COMMENT 'DEPARTAMENTO DISTRITO',
  `status_dtto` int(11) NOT NULL COMMENT 'ESTATUS DISTRITO',
  `sucursal_dtto` int(11) NOT NULL COMMENT 'SUCURSAL DISTRITO',
  PRIMARY KEY (`id_dtto`),
  KEY `sucursal_dtto` (`sucursal_dtto`),
  KEY `depto_dtto` (`depto_dtto`),
  KEY `pais_dtto` (`pais_dtto`),
  KEY `prov_dtto` (`prov_dtto`)
) ENGINE=InnoDB AUTO_INCREMENT=218 DEFAULT CHARSET=latin1 COMMENT='GUARDA DATOS DE DISTRITOS';

--
-- Volcado de datos para la tabla `distrito`
--

INSERT INTO `distrito` (`id_dtto`, `des_dtto`, `pais_dtto`, `prov_dtto`, `depto_dtto`, `status_dtto`, `sucursal_dtto`) VALUES
(1, 'Bagua', 241, 1, 1, 1, 1),
(2, 'Jumbilla', 241, 1, 2, 1, 1),
(3, 'Chachapoyas', 241, 1, 3, 1, 1),
(4, 'Santa María Nieva', 241, 1, 4, 1, 1),
(5, 'Lamud', 241, 1, 5, 1, 1),
(6, 'Mendoza', 241, 1, 6, 1, 1),
(7, 'Bagua Grande', 241, 1, 7, 1, 1),
(8, 'Aija', 241, 2, 8, 1, 1),
(9, 'Llamellín', 241, 2, 9, 1, 1),
(10, 'Chacas', 241, 2, 10, 1, 1),
(11, 'Chiquián', 241, 2, 11, 1, 1),
(12, 'Carhuaz', 241, 2, 12, 1, 1),
(13, 'San Luis', 241, 2, 13, 1, 1),
(14, 'Casma', 241, 2, 14, 1, 1),
(15, 'Corongo', 241, 2, 15, 1, 1),
(16, 'Huaraz', 241, 2, 16, 1, 1),
(17, 'Huari', 241, 2, 17, 1, 1),
(18, 'Huarmey', 241, 2, 18, 1, 1),
(19, 'Caras', 241, 2, 19, 1, 1),
(20, 'Piscobamba', 241, 2, 20, 1, 1),
(21, 'Ocros', 241, 2, 21, 1, 1),
(22, 'Cabana', 241, 2, 22, 1, 1),
(23, 'Pomabamba', 241, 2, 23, 1, 1),
(24, 'Recuay', 241, 2, 24, 1, 1),
(25, 'Chimbo', 241, 2, 25, 1, 1),
(26, 'Sihuas', 241, 2, 26, 1, 1),
(27, 'Yungay', 241, 2, 27, 1, 1),
(28, 'Abancay', 241, 3, 28, 1, 1),
(29, 'Andahuaylas', 241, 3, 29, 1, 1),
(30, 'Antabamba', 241, 3, 30, 1, 1),
(31, 'Chalhuanca', 241, 3, 31, 1, 1),
(32, 'Chincheros', 241, 3, 32, 1, 1),
(33, 'Tambobamba', 241, 3, 33, 1, 1),
(34, 'Chuquibambilla', 241, 3, 34, 1, 1),
(35, 'Arequipa', 241, 4, 35, 1, 1),
(36, 'Camaná', 241, 4, 36, 1, 1),
(37, 'Caraveli', 241, 4, 37, 1, 1),
(38, 'Aplao', 241, 4, 38, 1, 1),
(39, 'Chivay', 241, 4, 39, 1, 1),
(40, 'Chuquibamba', 241, 4, 40, 1, 1),
(41, 'Mollendo', 241, 4, 41, 1, 1),
(42, 'Cotahuasi', 241, 4, 42, 1, 1),
(43, 'Cangallo', 241, 5, 43, 1, 1),
(44, 'Ayacucho', 241, 5, 44, 1, 1),
(45, 'Huancasancos', 241, 5, 45, 1, 1),
(46, 'Huanta', 241, 5, 46, 1, 1),
(47, 'San Miguel', 241, 5, 47, 1, 1),
(48, 'Puquio', 241, 5, 48, 1, 1),
(49, 'Coracora', 241, 5, 49, 1, 1),
(50, 'Pauza', 241, 5, 50, 1, 1),
(51, 'Querobamba', 241, 5, 51, 1, 1),
(52, 'Huancapi', 241, 5, 52, 1, 1),
(53, 'Vilcashuamán', 241, 5, 53, 1, 1),
(54, 'Cajabamba', 241, 6, 54, 1, 1),
(55, 'Cajamarca', 241, 6, 55, 1, 1),
(56, 'Celendín', 241, 6, 56, 1, 1),
(57, 'Chota', 241, 6, 57, 1, 1),
(58, 'Contumazá', 241, 6, 58, 1, 1),
(59, 'Cutervo', 241, 6, 59, 1, 1),
(60, 'Bambamarca', 241, 6, 60, 1, 1),
(61, 'Jaén', 241, 6, 61, 1, 1),
(62, 'San Ignacio', 241, 6, 62, 1, 1),
(63, 'San marcos (Pedro Gálvez)', 241, 6, 63, 1, 1),
(64, 'San Miguel de Pallaques', 241, 6, 64, 1, 1),
(65, 'San Pablo', 241, 6, 65, 1, 1),
(66, 'Santa Cruz de Succhabamba', 241, 6, 66, 1, 1),
(67, 'Callao', 241, 7, 67, 1, 1),
(68, 'Acomayo', 241, 8, 68, 1, 1),
(69, 'Anta', 241, 8, 69, 1, 1),
(70, 'Calca', 241, 8, 70, 1, 1),
(71, 'Yanaoca', 241, 8, 71, 1, 1),
(72, 'Sicuani', 241, 8, 72, 1, 1),
(73, 'Santo Tomás', 241, 8, 73, 1, 1),
(74, 'Cusco', 241, 8, 74, 1, 1),
(75, 'Yauri (Espinar)', 241, 8, 75, 1, 1),
(76, 'Quillabamba', 241, 8, 76, 1, 1),
(77, 'Paruro', 241, 8, 77, 1, 1),
(78, 'Paucartambo', 241, 8, 78, 1, 1),
(79, 'Urcos', 241, 8, 79, 1, 1),
(80, 'Urubamba', 241, 8, 80, 1, 1),
(81, 'Acobamba', 241, 9, 81, 1, 1),
(82, 'Lircay', 241, 9, 82, 1, 1),
(83, 'Castrovirreyna', 241, 9, 83, 1, 1),
(84, 'Churcampa', 241, 9, 84, 1, 1),
(85, 'Huancavelica', 241, 9, 85, 1, 1),
(86, 'Huaytará', 241, 9, 86, 1, 1),
(87, 'Pampas', 241, 9, 87, 1, 1),
(88, 'Ambo', 241, 10, 88, 1, 1),
(89, 'La Unión', 241, 10, 89, 1, 1),
(90, 'Huacaybamba', 241, 10, 90, 1, 1),
(91, 'Llata', 241, 10, 91, 1, 1),
(92, 'Huánuco', 241, 10, 92, 1, 1),
(93, 'Jesús', 241, 10, 93, 1, 1),
(94, 'Tingo María', 241, 10, 94, 1, 1),
(95, 'Huacrachuco', 241, 10, 95, 1, 1),
(96, 'Panao', 241, 10, 96, 1, 1),
(97, 'Puerto Inca', 241, 10, 97, 1, 1),
(98, 'Chavinillo', 241, 10, 98, 1, 1),
(99, 'Chincha Alta', 241, 11, 99, 1, 1),
(100, 'Ica', 241, 11, 100, 1, 1),
(101, 'Nazca', 241, 11, 101, 1, 1),
(102, 'Palpa', 241, 11, 102, 1, 1),
(103, 'Pisco', 241, 11, 103, 1, 1),
(104, 'La Merced', 241, 12, 104, 1, 1),
(105, 'Chupaca', 241, 12, 105, 1, 1),
(106, 'Concepción', 241, 12, 106, 1, 1),
(107, 'Huancayo', 241, 12, 107, 1, 1),
(108, 'Jauja', 241, 12, 108, 1, 1),
(109, 'Junín', 241, 12, 109, 1, 1),
(110, 'Satipo', 241, 12, 110, 1, 1),
(111, 'Tarma', 241, 12, 111, 1, 1),
(112, 'La Oroya', 241, 12, 112, 1, 1),
(113, 'Ascope', 241, 13, 113, 1, 1),
(114, 'Bolívar', 241, 13, 114, 1, 1),
(115, 'Chepén', 241, 13, 115, 1, 1),
(116, 'Cascas', 241, 13, 116, 1, 1),
(117, 'Julcán', 241, 13, 117, 1, 1),
(118, 'Otuzco', 241, 13, 118, 1, 1),
(119, 'San Pedro de Lloc', 241, 13, 119, 1, 1),
(120, 'Tayabamba', 241, 13, 120, 1, 1),
(121, 'Huamachuco', 241, 13, 121, 1, 1),
(122, 'Santiago de Chuco', 241, 13, 122, 1, 1),
(123, 'Trujillo', 241, 13, 123, 1, 1),
(124, 'Virú', 241, 13, 124, 1, 1),
(125, 'Chiclayo', 241, 14, 125, 1, 1),
(126, 'Ferreñafe', 241, 14, 126, 1, 1),
(127, 'Lambayeque', 241, 14, 127, 1, 1),
(128, 'Barranca', 241, 15, 128, 1, 1),
(129, 'Cajatambo', 241, 15, 129, 1, 1),
(130, 'Canta', 241, 15, 130, 1, 1),
(131, 'San Vicente de Cañete', 241, 15, 131, 1, 1),
(132, 'Huaral', 241, 15, 132, 1, 1),
(133, 'Matucana', 241, 15, 133, 1, 1),
(134, 'Huacho', 241, 15, 134, 1, 1),
(135, 'Lima', 241, 15, 135, 1, 1),
(136, 'Oyón', 241, 15, 136, 1, 1),
(137, 'Yauyos', 241, 15, 137, 1, 1),
(138, 'Yurimaguas', 241, 16, 138, 1, 1),
(139, 'San Lorenzo', 241, 16, 139, 1, 1),
(140, 'Nauta', 241, 16, 140, 1, 1),
(141, 'Caballococha', 241, 16, 141, 1, 1),
(142, 'Iquitos', 241, 16, 142, 1, 1),
(143, 'San Antonio del Estrecho', 241, 16, 143, 1, 1),
(144, 'Requena', 241, 16, 144, 1, 1),
(145, 'Contamana', 241, 16, 145, 1, 1),
(146, 'Salvación', 241, 17, 146, 1, 1),
(147, 'Iñapari', 241, 17, 147, 1, 1),
(148, 'Puerto Maldonado', 241, 17, 148, 1, 1),
(149, 'Omate', 241, 18, 149, 1, 1),
(150, 'Ilo', 241, 18, 150, 1, 1),
(151, 'Moquegua', 241, 18, 151, 1, 1),
(152, 'Yanahuanca', 241, 19, 152, 1, 1),
(153, 'Oxapampa', 241, 19, 153, 1, 1),
(154, 'Cerro de Pasco', 241, 19, 154, 1, 1),
(155, 'Ayabaca', 241, 20, 155, 1, 1),
(156, 'Huancabamba', 241, 20, 156, 1, 1),
(157, 'Chulucanas', 241, 20, 157, 1, 1),
(158, 'Paita', 241, 20, 158, 1, 1),
(159, 'Piura', 241, 20, 159, 1, 1),
(160, 'Sechura', 241, 20, 160, 1, 1),
(161, 'Sullana', 241, 20, 161, 1, 1),
(162, 'Talara', 241, 20, 162, 1, 1),
(163, 'Azángaro', 241, 21, 163, 1, 1),
(164, 'Macusani', 241, 21, 164, 1, 1),
(165, 'Juli', 241, 21, 165, 1, 1),
(166, 'Ilave', 241, 21, 166, 1, 1),
(167, 'Huancané', 241, 21, 167, 1, 1),
(168, 'Lampa', 241, 21, 168, 1, 1),
(169, 'Ayaviri', 241, 21, 169, 1, 1),
(170, 'Moho', 241, 21, 170, 1, 1),
(171, 'Puno', 241, 21, 171, 1, 1),
(172, 'Putina', 241, 21, 172, 1, 1),
(173, 'Juliaca', 241, 21, 173, 1, 1),
(174, 'Sandia', 241, 21, 174, 1, 1),
(175, 'Yunguyo', 241, 21, 175, 1, 1),
(176, 'Bellavista', 241, 22, 176, 1, 1),
(177, 'San José de Sisa', 241, 22, 177, 1, 1),
(178, 'Saposoa', 241, 22, 178, 1, 1),
(179, 'Lamas', 241, 22, 179, 1, 1),
(180, 'Juanjuí', 241, 22, 180, 1, 1),
(181, 'Moyobamba', 241, 22, 181, 1, 1),
(182, 'Picota', 241, 22, 182, 1, 1),
(183, 'Rioja', 241, 22, 183, 1, 1),
(184, 'Tarapoto', 241, 22, 184, 1, 1),
(185, 'Tocache', 241, 22, 185, 1, 1),
(186, 'Candarave', 241, 23, 186, 1, 1),
(187, 'Locumba', 241, 23, 187, 1, 1),
(188, 'Tacna', 241, 23, 188, 1, 1),
(189, 'Tarata', 241, 23, 189, 1, 1),
(190, 'Zorritos', 241, 24, 190, 1, 1),
(191, 'Tumbes', 241, 24, 191, 1, 1),
(192, 'Zarumilla', 241, 24, 192, 1, 1),
(193, 'Atalaya', 241, 25, 193, 1, 1),
(194, 'Pucallpa', 241, 25, 194, 1, 1),
(195, 'Aguaytía', 241, 25, 195, 1, 1),
(196, 'Puerto Esperanza', 241, 25, 196, 1, 1),
(206, 'San Jose', 231, 28, 215, 1, 1),
(213, 'Candelaria', 231, 28, 215, 1, 1),
(215, 'Rafael Urdaneta', 231, 28, 215, 1, 1),
(216, 'Miguel Peña', 231, 28, 215, 1, 1),
(217, 'SIN DISTRITO', 241, 29, 216, 1, 1);

-- --------------------------------------------------------

--
-- Estructura de tabla para la tabla `documento`
--

DROP TABLE IF EXISTS `documento`;
CREATE TABLE IF NOT EXISTS `documento` (
  `id_doc` int(11) NOT NULL AUTO_INCREMENT COMMENT 'ID UNICO',
  `cod_doc` varchar(10) DEFAULT '0000000000' COMMENT 'CODIGO DEL DOCUMENTO',
  `tipo_doc` int(11) NOT NULL DEFAULT 0 COMMENT 'TIPO DE DOCUMENTO: FACTURA, NOTA DE CREDITO, NOTA DE DEBITO, GUIA DE REMISION',
  `numeracion_doc` int(10) NOT NULL COMMENT 'SERIE DOCUMENTO',
  `pedido_doc` int(11) NOT NULL DEFAULT 0 COMMENT 'PEDIDO DEL DOCUMENTO',
  `fecha_doc` date DEFAULT NULL COMMENT 'FECHA DEL DOCUMENTO',
  `obsv_doc` text DEFAULT NULL COMMENT 'OBSERVACIONES DEL DOCUMENTO',
  `totalimp_doc` decimal(18,2) DEFAULT 0.00 COMMENT 'TOTAL IMPUESTO DEL DOCUMENTO',
  `totaldsc_doc` decimal(18,2) DEFAULT 0.00 COMMENT 'TOTAL DESCUENTO DEL DOCUMENTO',
  `total_doc` decimal(18,2) DEFAULT 0.00 COMMENT 'TOTAL DEL DOCUMENTO',
  `transp_doc` int(11) DEFAULT NULL COMMENT 'TRANSPORTISTA DOCUMENTO',
  `utransp_doc` int(11) DEFAULT NULL COMMENT 'UNIDAD DE TRANSPORTE DOCUMENTO',
  `almacen_doc` int(11) NOT NULL COMMENT 'ALMACEN DOCUMENTO',
  `motivo_doc` int(11) NOT NULL DEFAULT 0 COMMENT 'MOTIVO TRASLADO, PARA LAS GUIAS DE REMISION',
  `tipocambio_doc` decimal(18,3) NOT NULL DEFAULT 0.000 COMMENT 'TIPO DE CAMBIO DE DOCUMENTO',
  `hash_doc` varchar(255) DEFAULT NULL COMMENT 'CODIGO HASH DEL DOCUMENTO',
  `valorr_doc` varchar(255) DEFAULT NULL COMMENT 'VALOR RESUMEN DEL DOCUMENTO ELECTRONICO',
  `statussunat_doc` int(11) NOT NULL DEFAULT -1 COMMENT 'ESTATUS SUNAT',
  `status_doc` int(11) NOT NULL DEFAULT 0 COMMENT 'ESTADO DEL DOCUMENTO: 0 = SIN GENERAR, 1 = GUIA GENERADA, 2 = DOCUMENTO GENERADO, 3 = DOCUMENTO ANULADO',
  `sucursal_doc` int(11) NOT NULL DEFAULT 0 COMMENT 'SUCURSAL DEL DOCUMENTO',
  PRIMARY KEY (`id_doc`),
  KEY `cod_doc` (`cod_doc`),
  KEY `tipo_doc` (`tipo_doc`),
  KEY `pedido_doc` (`pedido_doc`),
  KEY `fecha_doc` (`fecha_doc`),
  KEY `status_doc` (`status_doc`),
  KEY `sucursal_doc` (`sucursal_doc`),
  KEY `transp_doc` (`transp_doc`),
  KEY `utransp_doc` (`utransp_doc`),
  KEY `almacen_doc` (`almacen_doc`),
  KEY `almacen_doc_2` (`almacen_doc`),
  KEY `serie_doc` (`numeracion_doc`)
) ENGINE=InnoDB AUTO_INCREMENT=109 DEFAULT CHARSET=latin1 COMMENT='ALMACENA LOS DATOS DE LOS DOCUMENTOS: FACTURAS, GUIAS DE REMISION, NOTAS DE CREDITO, NOTAS DE DEBITO';

--
-- Volcado de datos para la tabla `documento`
--

INSERT INTO `documento` (`id_doc`, `cod_doc`, `tipo_doc`, `numeracion_doc`, `pedido_doc`, `fecha_doc`, `obsv_doc`, `totalimp_doc`, `totaldsc_doc`, `total_doc`, `transp_doc`, `utransp_doc`, `almacen_doc`, `motivo_doc`, `tipocambio_doc`, `hash_doc`, `valorr_doc`, `statussunat_doc`, `status_doc`, `sucursal_doc`) VALUES
(1, '0000000095', 3, 9, 18, '2019-11-26', '', '0.00', '0.00', '0.00', 2, 1, 1, 1, '0.000', NULL, NULL, -1, 2, 1),
(3, '0000000001', 2, 7, 18, '2019-11-26', '', '172.37', '0.00', '1130.00', NULL, NULL, 1, 0, '3.391', NULL, '20604954241|3|FE01|00000001|172.37|1130.00|2019-11-26|6|20600807391|', 0, 2, 1),
(4, '0000000096', 3, 9, 19, '2019-11-26', '', '0.00', '0.00', '0.00', 3, 1, 1, 1, '0.000', NULL, NULL, -1, 2, 1),
(5, '0000000002', 2, 7, 19, '2019-11-26', '', '250.93', '0.00', '1645.00', NULL, NULL, 1, 0, '3.391', NULL, '20604954241|3|FE01|00000002|250.93|1645.00|2019-11-26|6|20525713599|', 0, 2, 1),
(6, '0000000097', 3, 9, 20, '2019-11-26', '', '0.00', '0.00', '0.00', 4, 1, 1, 1, '0.000', NULL, NULL, -1, 3, 1),
(7, '0000000098', 3, 9, 20, '2019-11-26', '', '0.00', '0.00', '0.00', 4, 1, 1, 1, '0.000', NULL, NULL, -1, 3, 1),
(8, '0000000099', 3, 9, 20, '2019-11-26', '', '0.00', '0.00', '0.00', 4, 1, 1, 1, '0.000', NULL, NULL, -1, 2, 1),
(9, '0000000003', 2, 7, 20, '2019-11-26', '', '101.90', '0.00', '668.00', NULL, NULL, 1, 0, '3.391', NULL, '20604954241|3|FE01|00000003|101.90|668.00|2019-11-26|6|10316556138|', 0, 2, 1),
(10, '0000000100', 3, 9, 22, '2019-12-04', '', '0.00', '0.00', '0.00', 4, 1, 1, 1, '0.000', NULL, NULL, -1, 2, 1),
(11, '0000000004', 2, 7, 22, '2019-12-04', '', '94.36', '0.00', '618.60', NULL, NULL, 1, 0, '3.399', NULL, '20604954241|3|FE01|00000004|94.36|618.60|2019-12-04|6|20601249627', 0, 2, 1),
(12, '0000000101', 3, 9, 21, '2019-12-04', '', '0.00', '0.00', '0.00', 5, 1, 1, 1, '0.000', NULL, NULL, -1, 2, 1),
(13, '0000000005', 2, 7, 21, '2019-12-04', '', '534.85', '0.00', '3506.24', NULL, NULL, 1, 0, '3.399', NULL, '20604954241|3|FE01|00000005|534.85|3506.24|2019-12-04|6|10621898804', 0, 2, 1),
(14, '0000000102', 3, 9, 24, '2019-12-14', '', '0.00', '0.00', '0.00', 4, 1, 1, 1, '0.000', NULL, NULL, -1, 2, 1),
(15, '0000000006', 2, 7, 24, '2019-12-14', '', '31.19', '0.00', '204.50', NULL, NULL, 1, 0, '3.393', NULL, '20604954241|3|FE01|00000006|31.19|204.50|2019-12-14|6|10224683079', 0, 2, 1),
(16, '0000000103', 3, 9, 25, '2019-12-14', '', '0.00', '0.00', '0.00', 6, 1, 1, 1, '0.000', NULL, NULL, -1, 2, 1),
(17, '0000000007', 2, 7, 25, '2019-12-14', '', '184.19', '0.00', '1207.46', NULL, NULL, 1, 0, '3.393', NULL, '20604954241|3|FE01|00000007|184.19|1207.46|2019-12-14|6|10422587565', 0, 2, 1),
(18, '0000000104', 3, 9, 26, '2019-12-16', '', '0.00', '0.00', '0.00', 7, 1, 1, 1, '0.000', NULL, NULL, -1, 1, 1),
(19, '0000000008', 2, 7, 26, '2019-12-16', '', '103.89', '0.00', '681.04', NULL, NULL, 1, 0, '3.393', NULL, '20604954241|3|FE01|00000008|103.89|681.04|2019-12-16|6|10484192885', 0, 2, 1),
(20, '0000000105', 3, 9, 28, '2019-12-16', '', '0.00', '0.00', '0.00', 6, 1, 1, 1, '0.000', NULL, NULL, -1, 2, 1),
(21, '0000000009', 2, 7, 28, '2019-12-16', '', '215.53', '0.00', '1412.89', NULL, NULL, 1, 0, '3.393', NULL, '20604954241|3|FE01|00000009|215.53|1412.89|2019-12-16|6|10726659759', 0, 2, 1),
(22, '0000000106', 3, 9, 27, '2019-12-16', '', '0.00', '0.00', '0.00', 4, 1, 1, 1, '0.000', NULL, NULL, -1, 3, 1),
(23, '0000000010', 2, 7, 27, '2019-12-16', '', '68.09', '0.00', '446.40', NULL, NULL, 1, 0, '3.393', NULL, '20604954241|3|FE01|00000010|68.09|446.40|2019-12-16|6|', -1, 3, 1),
(24, '0000000107', 3, 9, 29, '2019-12-16', '', '0.00', '0.00', '0.00', 4, 1, 1, 1, '0.000', NULL, NULL, -1, 1, 1),
(25, '0000000011', 2, 7, 29, '2019-12-16', '', '61.92', '0.00', '405.90', NULL, NULL, 1, 0, '3.393', NULL, '20604954241|3|FE01|00000011|61.92|405.90|2019-12-16|6|10467035890', 0, 2, 1),
(26, '0000000108', 3, 9, 30, '2019-12-17', '', '0.00', '0.00', '0.00', 8, 1, 1, 1, '0.000', NULL, NULL, -1, 3, 1),
(27, '0000000012', 2, 7, 30, '2019-12-17', '', '73.22', '0.00', '480.00', NULL, NULL, 1, 0, '3.360', NULL, '20604954241|3|FE01|00000012|73.22|480.00|2019-12-17|6|10013304616', -1, 3, 1),
(28, '0000000109', 3, 9, 31, '2019-12-18', '', '0.00', '0.00', '0.00', 8, 1, 1, 1, '0.000', NULL, NULL, -1, 1, 1),
(29, '0000000013', 2, 7, 31, '2019-12-18', '', '59.49', '0.00', '390.00', NULL, NULL, 1, 0, '3.360', NULL, '20604954241|3|FE01|00000013|59.49|390.00|2019-12-18|6|10013304616', 0, 2, 1),
(30, '0000000110', 3, 9, 32, '2019-12-21', '', '0.00', '0.00', '0.00', 4, 1, 1, 1, '0.000', NULL, NULL, -1, 1, 1),
(31, '0000000014', 2, 7, 32, '2019-12-21', '', '4.42', '0.00', '29.00', NULL, NULL, 1, 0, '3.338', NULL, '20604954241|3|FE01|00000014|4.42|29.00|2019-12-21|6|10015360912', 0, 2, 1),
(32, '0000000112', 3, 9, 40, '2020-01-27', '', '0.00', '0.00', '0.00', 4, 1, 1, 1, '0.000', NULL, NULL, -1, 1, 1),
(33, '0000000015', 2, 7, 40, '2020-01-27', '', '512.41', '0.00', '3359.10', NULL, NULL, 1, 0, '3.322', NULL, '20604954241|3|FE01|00000015|512.41|3359.10|2020-01-27|6|10032324229|', 0, 2, 1),
(34, '0000000113', 3, 9, 37, '2020-01-27', '', '0.00', '0.00', '0.00', 3, 1, 1, 1, '0.000', NULL, NULL, -1, 1, 1),
(35, '0000000016', 2, 7, 37, '2020-01-27', '', '306.93', '0.00', '2012.10', NULL, NULL, 1, 0, '3.322', NULL, '20604954241|3|FE01|00000016|306.93|2012.10|2020-01-27|6|10772754243|', 0, 2, 1),
(36, '0000000114', 3, 9, 38, '2020-01-27', '', '0.00', '0.00', '0.00', 3, 1, 1, 1, '0.000', NULL, NULL, -1, 1, 1),
(37, '0000000017', 2, 7, 38, '2020-01-27', '', '114.34', '0.00', '749.55', NULL, NULL, 1, 0, '3.322', NULL, '20604954241|3|FE01|00000017|114.34|749.55|2020-01-27|6|10772754243|', 0, 2, 1),
(38, '0000000115', 3, 9, 39, '2020-01-27', '', '0.00', '0.00', '0.00', 9, 1, 1, 1, '0.000', NULL, NULL, -1, 1, 1),
(39, '0000000018', 2, 7, 39, '2020-01-27', '', '193.51', '0.00', '1268.54', NULL, NULL, 1, 0, '3.322', NULL, '20604954241|3|FE01|00000018|193.51|1268.54|2020-01-27|6|10329421347|', 0, 2, 1),
(40, '0000000116', 3, 9, 41, '2020-01-27', '', '0.00', '0.00', '0.00', 3, 1, 1, 1, '0.000', NULL, NULL, -1, 1, 1),
(41, '0000000019', 2, 7, 41, '2020-01-27', '', '113.47', '0.00', '743.85', NULL, NULL, 1, 0, '3.322', NULL, '20604954241|3|FE01|00000019|113.47|743.85|2020-01-27|6|10167782782|', 0, 2, 1),
(42, '0000000117', 3, 9, 42, '2020-01-27', '', '0.00', '0.00', '0.00', 3, 1, 1, 1, '0.000', NULL, NULL, -1, 1, 1),
(43, '0000000020', 2, 7, 42, '2020-01-27', '', '96.08', '0.00', '629.85', NULL, NULL, 1, 0, '3.322', NULL, '20604954241|3|FE01|00000020|96.08|629.85|2020-01-27|6|10167782782|', 0, 2, 1),
(44, '0000000118', 3, 9, 47, '2020-01-28', '', '0.00', '0.00', '0.00', 3, 1, 1, 1, '0.000', NULL, NULL, -1, 1, 1),
(45, '0000000021', 2, 7, 47, '2020-01-28', '', '242.54', '0.00', '1590.00', NULL, NULL, 1, 0, '3.339', NULL, '20604954241|3|FE01|00000021|242.54|1590.00|2020-01-28|6|20525713599|', 0, 2, 1),
(46, '0000000119', 3, 9, 45, '2020-01-29', '', '0.00', '0.00', '0.00', 4, 1, 1, 1, '0.000', NULL, NULL, -1, 1, 1),
(47, '0000000022', 2, 7, 45, '2020-01-29', '', '228.45', '0.00', '1497.61', NULL, NULL, 1, 0, '3.335', NULL, '20604954241|3|FE01|00000022|228.45|1497.61|2020-01-29|6|10435957108|', 0, 2, 1),
(48, '0000000120', 3, 9, 46, '2020-01-29', '', '0.00', '0.00', '0.00', 4, 1, 1, 1, '0.000', NULL, NULL, -1, 1, 1),
(49, '0000000023', 2, 7, 46, '2020-01-29', '', '57.71', '0.00', '378.30', NULL, NULL, 1, 0, '3.335', NULL, '20604954241|3|FE01|00000023|57.71|378.30|2020-01-29|6|10435957108|', 0, 2, 1),
(50, '0000000121', 3, 9, 44, '2020-01-30', '', '0.00', '0.00', '0.00', 4, 1, 1, 1, '0.000', NULL, NULL, -1, 1, 1),
(51, '0000000024', 2, 7, 44, '2020-01-30', '', '114.72', '0.00', '752.04', NULL, NULL, 1, 0, '3.345', NULL, '20604954241|3|FE01|00000024|114.72|752.04|2020-01-30|6|10704204723|', 2108, 3, 1),
(52, '0000000122', 3, 9, 48, '2020-01-30', '', '0.00', '0.00', '0.00', 4, 1, 1, 1, '0.000', NULL, NULL, -1, 1, 1),
(53, '0000000025', 2, 7, 48, '2020-01-30', '', '53.85', '0.00', '353.00', NULL, NULL, 1, 0, '3.345', NULL, '20604954241|3|FE01|00000025|53.85|353.00|2020-01-30|6|10093331538|', 2108, 3, 1),
(54, '0000000123', 3, 9, 49, '2020-01-30', '', '0.00', '0.00', '0.00', 4, 1, 1, 1, '0.000', NULL, NULL, -1, 1, 1),
(55, '0000000026', 2, 7, 49, '2020-01-30', '', '496.53', '0.00', '3255.00', NULL, NULL, 1, 0, '3.345', NULL, '20604954241|3|FE01|00000026|496.53|3255.00|2020-01-30|6|10099888437|', 2108, 3, 1),
(56, '0000000124', 3, 9, 43, '2020-01-30', '', '0.00', '0.00', '0.00', 4, 1, 1, 1, '0.000', NULL, NULL, -1, 1, 1),
(57, '0000000027', 2, 7, 43, '2020-01-30', '', '104.71', '0.00', '686.44', NULL, NULL, 1, 0, '3.345', NULL, '20604954241|3|FE01|00000027|104.71|686.44|2020-01-30|6|10413866141|', 2108, 3, 1),
(58, '0000000125', 3, 9, 50, '2020-02-03', '', '0.00', '0.00', '0.00', 10, 1, 1, 1, '0.000', NULL, NULL, -1, 1, 1),
(59, '0000000028', 2, 7, 50, '2020-02-03', '', '123.03', '0.00', '806.50', NULL, NULL, 1, 0, '3.360', NULL, '20604954241|3|FE01|00000028|123.03|806.50|2020-02-03|6|20605244247|', 0, 2, 1),
(60, '0000000126', 3, 9, 54, '2020-02-03', '', '0.00', '0.00', '0.00', 4, 1, 1, 1, '0.000', NULL, NULL, -1, 1, 1),
(61, '0000000029', 2, 7, 54, '2020-02-03', '', '115.59', '0.00', '757.74', NULL, NULL, 1, 0, '3.360', NULL, '20604954241|3|FE01|00000029|115.59|757.74|2020-02-03|6|10228936028|', 0, 2, 1),
(62, '0000000127', 3, 9, 57, '2020-02-04', '', '0.00', '0.00', '0.00', 4, 1, 1, 1, '0.000', NULL, NULL, -1, 1, 1),
(63, '0000000030', 2, 7, 57, '2020-02-04', '', '264.51', '0.00', '1734.00', NULL, NULL, 1, 0, '3.374', NULL, '20604954241|3|FE01|00000030|264.51|1734.00|2020-02-04|6|20605119230|', 0, 2, 1),
(64, '0000000128', 3, 9, 58, '2020-02-04', '', '0.00', '0.00', '0.00', 4, 1, 1, 1, '0.000', NULL, NULL, -1, 1, 1),
(65, '0000000031', 2, 7, 58, '2020-02-04', '', '201.81', '0.00', '1323.00', NULL, NULL, 1, 0, '3.374', NULL, '20604954241|3|FE01|00000031|201.81|1323.00|2020-02-04|6|20605119230|', 0, 2, 1),
(66, '0000000129', 3, 9, 59, '2020-02-04', '', '0.00', '0.00', '0.00', 4, 1, 1, 1, '0.000', NULL, NULL, -1, 1, 1),
(67, '0000000032', 2, 7, 59, '2020-02-04', '', '89.24', '0.00', '585.00', NULL, NULL, 1, 0, '3.374', NULL, '20604954241|3|FE01|00000032|89.24|585.00|2020-02-04|6|20605119230|', 0, 2, 1),
(68, '0000000130', 3, 9, 61, '2020-02-05', '', '0.00', '0.00', '0.00', 4, 1, 1, 1, '0.000', NULL, NULL, -1, 1, 1),
(69, '0000000033', 2, 7, 61, '2020-02-05', '', '76.98', '0.00', '504.64', NULL, NULL, 1, 0, '3.364', NULL, '20604954241|3|FE01|00000033|76.98|504.64|2020-02-05|6|10414032589|', 0, 2, 1),
(70, '0000000131', 3, 9, 62, '2020-02-05', '', '0.00', '0.00', '0.00', 4, 1, 1, 1, '0.000', NULL, NULL, -1, 1, 1),
(71, '0000000034', 2, 7, 62, '2020-02-05', '', '96.85', '0.00', '634.90', NULL, NULL, 1, 0, '3.364', NULL, '20604954241|3|FE01|00000034|96.85|634.90|2020-02-05|6|20416225550|', 0, 2, 1),
(72, '0000000132', 3, 9, 55, '2020-02-07', '', '0.00', '0.00', '0.00', 10, 1, 1, 1, '0.000', NULL, NULL, -1, 1, 1),
(73, '0000000035', 2, 7, 55, '2020-02-07', '', '184.04', '0.00', '1206.50', NULL, NULL, 1, 0, '3.371', NULL, '20604954241|3|FE01|00000035|184.04|1206.50|2020-02-07|6|10436772900|', 0, 2, 1),
(74, '0000000133', 3, 9, 56, '2020-02-07', '', '0.00', '0.00', '0.00', 10, 1, 1, 1, '0.000', NULL, NULL, -1, 1, 1),
(75, '0000000036', 2, 7, 56, '2020-02-07', '', '55.68', '0.00', '365.00', NULL, NULL, 1, 0, '3.371', NULL, '20604954241|3|FE01|00000036|55.68|365.00|2020-02-07|6|10436772900|', 0, 2, 1),
(76, '0000000134', 3, 9, 65, '2020-02-07', '', '0.00', '0.00', '0.00', 2, 1, 1, 1, '0.000', NULL, NULL, -1, 1, 1),
(77, '0000000037', 2, 7, 65, '2020-02-07', '', '37.53', '0.00', '246.00', NULL, NULL, 1, 0, '3.371', NULL, '20604954241|3|FE01|00000037|37.53|246.00|2020-02-07|6|20132111678|', 0, 2, 1),
(78, '0000000135', 3, 9, 72, '2020-02-07', '', '0.00', '0.00', '0.00', 3, 1, 1, 1, '0.000', NULL, NULL, -1, 1, 1),
(79, '0000000038', 2, 7, 72, '2020-02-07', '', '52.17', '0.00', '342.00', NULL, NULL, 1, 0, '3.371', NULL, '20604954241|3|FE01|00000038|52.17|342.00|2020-02-07|6|10772754243|', 0, 2, 1),
(80, '0000000136', 3, 9, 73, '2020-02-07', '', '0.00', '0.00', '0.00', 4, 1, 1, 1, '0.000', NULL, NULL, -1, 3, 1),
(81, '0000000039', 2, 7, 73, '2020-02-07', '', '72.78', '0.00', '477.10', NULL, NULL, 1, 0, '3.371', NULL, '20604954241|3|FE01|00000039|72.78|477.10|2020-02-07|6|10418500412|', -1, 3, 1),
(82, '0000000137', 3, 9, 74, '2020-02-07', '', '0.00', '0.00', '0.00', 4, 1, 1, 1, '0.000', NULL, NULL, -1, 1, 1),
(83, '0000000040', 2, 7, 74, '2020-02-07', '', '72.78', '0.00', '477.10', NULL, NULL, 1, 0, '3.371', NULL, '20604954241|3|FE01|00000040|72.78|477.10|2020-02-07|6|10093723321|', 0, 2, 1),
(84, '0000000138', 3, 9, 70, '2020-02-10', '', '0.00', '0.00', '0.00', 10, 1, 1, 1, '0.000', NULL, NULL, -1, 1, 1),
(85, '0000000041', 2, 7, 70, '2020-02-10', '', '122.28', '0.00', '801.60', NULL, NULL, 1, 0, '3.371', NULL, '20604954241|3|FE01|00000041|122.28|801.60|2020-02-10|6|10701861812|', 0, 2, 1),
(86, '0000000139', 3, 9, 71, '2020-02-10', '', '0.00', '0.00', '0.00', 4, 1, 1, 1, '0.000', NULL, NULL, -1, 1, 1),
(87, '0000000042', 2, 7, 71, '2020-02-10', '', '164.43', '0.00', '1077.95', NULL, NULL, 1, 0, '3.371', NULL, '20604954241|3|FE01|00000042|164.43|1077.95|2020-02-10|6|10414917491|', 0, 2, 1),
(88, '0000000140', 3, 9, 75, '2020-02-11', '', '0.00', '0.00', '0.00', 4, 1, 1, 1, '0.000', NULL, NULL, -1, 1, 1),
(89, '0000000043', 2, 7, 75, '2020-02-11', '', '24.41', '0.00', '160.00', NULL, NULL, 1, 0, '3.371', NULL, '20604954241|3|FE01|00000043|24.41|160.00|2020-02-11|6|10266964001|', 0, 2, 1),
(90, '0000000141', 3, 9, 76, '2020-02-11', '', '0.00', '0.00', '0.00', 4, 1, 1, 1, '0.000', NULL, NULL, -1, 1, 1),
(91, '0000000044', 2, 7, 76, '2020-02-11', '', '123.56', '0.00', '810.00', NULL, NULL, 1, 0, '3.371', NULL, '20604954241|3|FE01|00000044|123.56|810.00|2020-02-11|6|20602587771|', 0, 2, 1),
(92, '0000000142', 3, 9, 78, '2020-02-12', '', '0.00', '0.00', '0.00', 4, 1, 1, 1, '0.000', NULL, NULL, -1, 1, 1),
(93, '0000000045', 2, 7, 78, '2020-02-12', '', '115.04', '0.00', '754.18', NULL, NULL, 1, 0, '3.394', NULL, '20604954241|3|FE01|00000045|115.04|754.18|2020-02-12|6|10423438482|', -1, 2, 1),
(94, '0000000143', 3, 9, 79, '2020-02-13', '', '0.00', '0.00', '0.00', 4, 1, 1, 1, '0.000', NULL, NULL, -1, 1, 1),
(95, '0000000046', 2, 7, 79, '2020-02-13', '', '211.42', '0.00', '1386.00', NULL, NULL, 1, 0, '3.383', NULL, '20604954241|3|FE01|00000046|211.42|1386.00|2020-02-13|6|10215512105|', 0, 2, 1),
(96, '0000000144', 3, 9, 81, '2020-02-13', '', '0.00', '0.00', '0.00', 4, 1, 1, 1, '0.000', NULL, NULL, -1, 1, 1),
(97, '0000000047', 2, 7, 81, '2020-02-13', '', '137.52', '0.00', '901.55', NULL, NULL, 1, 0, '3.383', NULL, '20604954241|3|FE01|00000047|137.52|901.55|2020-02-13|6|20600978251|', 0, 2, 1),
(98, '0000000145', 3, 9, 83, '2020-02-17', '', '0.00', '0.00', '0.00', 4, 1, 1, 1, '0.000', NULL, NULL, -1, 1, 1),
(99, '0000000048', 2, 7, 83, '2020-02-17', '', '114.72', '0.00', '752.04', NULL, NULL, 1, 0, '3.385', NULL, '20604954241|3|FE01|00000048|114.72|752.04|2020-02-17|6|10704204723|', -1, 2, 1),
(100, '0000000146', 3, 9, 84, '2020-02-17', '', '0.00', '0.00', '0.00', 4, 1, 1, 1, '0.000', NULL, NULL, -1, 1, 1),
(101, '0000000049', 2, 7, 84, '2020-02-17', '', '53.85', '0.00', '353.00', NULL, NULL, 1, 0, '3.385', NULL, '20604954241|3|FE01|00000049|53.85|353.00|2020-02-17|6|10093331538|', -1, 2, 1),
(102, '0000000147', 3, 9, 85, '2020-02-17', '', '0.00', '0.00', '0.00', 4, 1, 1, 1, '0.000', NULL, NULL, -1, 1, 1),
(103, '0000000050', 2, 7, 85, '2020-02-17', '', '496.53', '0.00', '3255.00', NULL, NULL, 1, 0, '3.385', NULL, '20604954241|3|FE01|00000050|496.53|3255.00|2020-02-17|6|10099888437|', -1, 2, 1),
(104, '0000000148', 3, 9, 86, '2020-02-17', '', '0.00', '0.00', '0.00', 4, 1, 1, 1, '0.000', NULL, NULL, -1, 1, 1),
(105, '0000000051', 2, 7, 86, '2020-02-17', '', '104.71', '0.00', '686.44', NULL, NULL, 1, 0, '3.385', NULL, '20604954241|3|FE01|00000051|104.71|686.44|2020-02-17|6|10413866141|', -1, 2, 1),
(106, '0000000149', 3, 9, 92, '2020-02-20', '', '0.00', '0.00', '0.00', 4, 1, 1, 1, '0.000', NULL, NULL, -1, 1, 1),
(108, '0000000052', 2, 7, 92, '2020-02-20', '', '119.89', '0.00', '785.92', NULL, NULL, 1, 0, '3.384', NULL, '20604954241|3|FE01|00000052|119.89|785.92|2020-02-20|6|10228936028|', -1, 1, 1);

-- --------------------------------------------------------

--
-- Estructura de tabla para la tabla `documento_detalle`
--

DROP TABLE IF EXISTS `documento_detalle`;
CREATE TABLE IF NOT EXISTS `documento_detalle` (
  `id_ddetalle` int(11) NOT NULL AUTO_INCREMENT COMMENT 'ID UNICO',
  `prod_ddetalle` int(11) NOT NULL COMMENT 'PRODUCTO DOCUMENTO DETALLE',
  `cant_ddetalle` decimal(18,2) NOT NULL DEFAULT 0.00 COMMENT 'CANTIDAD DOCUMENTO DETALLE',
  `precio_ddetalle` decimal(18,2) NOT NULL DEFAULT 0.00 COMMENT 'PRECIO DOCUMENTO DETALLE',
  `descu_ddetalle` decimal(18,2) NOT NULL DEFAULT 0.00 COMMENT 'DESCUENTO % DOCUMENTO DETALLE',
  `impuesto_ddetalle` decimal(18,0) NOT NULL DEFAULT 0 COMMENT 'IMPUESTO DOCUMENTO DETALLE',
  `status_ddetalle` int(11) NOT NULL DEFAULT 1 COMMENT 'ESTATUS DOCUMENTO DETALLE',
  `documento_ddetalle` int(11) NOT NULL DEFAULT 0 COMMENT 'DOCUMENTO DETALLE',
  `plista_ddetalle` decimal(18,2) NOT NULL DEFAULT 0.00 COMMENT 'PRECIO LISTA DOCUMENTO DETALLE',
  `total_ddetalle` decimal(18,2) NOT NULL DEFAULT 0.00 COMMENT 'TOTAL DOCUMENTO DETALLE',
  PRIMARY KEY (`id_ddetalle`),
  KEY `prod_pdetalle` (`prod_ddetalle`),
  KEY `pedido_pdetalle` (`documento_ddetalle`)
) ENGINE=InnoDB AUTO_INCREMENT=539 DEFAULT CHARSET=latin1 COMMENT='GUARDA DETALLE DE DOCUMENTOS, PRINCIPALMENTE PENSADO PARA GUARDAR LAS CANTIDADES DE LAS GUIAS DE REMISION';

--
-- Volcado de datos para la tabla `documento_detalle`
--

INSERT INTO `documento_detalle` (`id_ddetalle`, `prod_ddetalle`, `cant_ddetalle`, `precio_ddetalle`, `descu_ddetalle`, `impuesto_ddetalle`, `status_ddetalle`, `documento_ddetalle`, `plista_ddetalle`, `total_ddetalle`) VALUES
(1, 150, '10.00', '0.00', '0.00', '0', 1, 1, '0.00', '0.00'),
(2, 634, '50.00', '0.00', '0.00', '0', 1, 4, '0.00', '0.00'),
(3, 636, '20.00', '0.00', '0.00', '0', 1, 4, '0.00', '0.00'),
(4, 635, '20.00', '0.00', '0.00', '0', 1, 4, '0.00', '0.00'),
(5, 637, '20.00', '0.00', '0.00', '0', 1, 4, '0.00', '0.00'),
(6, 624, '50.00', '0.00', '0.00', '0', 1, 4, '0.00', '0.00'),
(7, 603, '10.00', '0.00', '0.00', '0', 1, 4, '0.00', '0.00'),
(8, 657, '5.00', '0.00', '0.00', '0', 1, 4, '0.00', '0.00'),
(9, 656, '5.00', '0.00', '0.00', '0', 1, 4, '0.00', '0.00'),
(10, 665, '10.00', '0.00', '0.00', '0', 1, 4, '0.00', '0.00'),
(11, 664, '10.00', '0.00', '0.00', '0', 1, 4, '0.00', '0.00'),
(12, 667, '10.00', '0.00', '0.00', '0', 1, 4, '0.00', '0.00'),
(13, 666, '10.00', '0.00', '0.00', '0', 1, 4, '0.00', '0.00'),
(14, 648, '5.00', '0.00', '0.00', '0', 1, 6, '0.00', '0.00'),
(15, 649, '5.00', '0.00', '0.00', '0', 1, 6, '0.00', '0.00'),
(16, 633, '20.00', '0.00', '0.00', '0', 1, 6, '0.00', '0.00'),
(17, 634, '20.00', '0.00', '0.00', '0', 1, 6, '0.00', '0.00'),
(18, 675, '10.00', '0.00', '0.00', '0', 1, 6, '0.00', '0.00'),
(19, 637, '5.00', '0.00', '0.00', '0', 1, 6, '0.00', '0.00'),
(20, 638, '5.00', '0.00', '0.00', '0', 1, 6, '0.00', '0.00'),
(21, 161, '2.00', '0.00', '0.00', '0', 1, 6, '0.00', '0.00'),
(22, 648, '5.00', '0.00', '0.00', '0', 1, 7, '0.00', '0.00'),
(23, 649, '5.00', '0.00', '0.00', '0', 1, 7, '0.00', '0.00'),
(24, 633, '20.00', '0.00', '0.00', '0', 1, 7, '0.00', '0.00'),
(25, 634, '20.00', '0.00', '0.00', '0', 1, 7, '0.00', '0.00'),
(26, 675, '10.00', '0.00', '0.00', '0', 1, 7, '0.00', '0.00'),
(27, 637, '5.00', '0.00', '0.00', '0', 1, 7, '0.00', '0.00'),
(28, 638, '5.00', '0.00', '0.00', '0', 1, 7, '0.00', '0.00'),
(29, 161, '2.00', '0.00', '0.00', '0', 1, 7, '0.00', '0.00'),
(30, 648, '1.00', '0.00', '0.00', '0', 1, 8, '0.00', '0.00'),
(31, 649, '1.00', '0.00', '0.00', '0', 1, 8, '0.00', '0.00'),
(32, 633, '20.00', '0.00', '0.00', '0', 1, 8, '0.00', '0.00'),
(33, 634, '20.00', '0.00', '0.00', '0', 1, 8, '0.00', '0.00'),
(34, 675, '10.00', '0.00', '0.00', '0', 1, 8, '0.00', '0.00'),
(35, 637, '5.00', '0.00', '0.00', '0', 1, 8, '0.00', '0.00'),
(36, 638, '5.00', '0.00', '0.00', '0', 1, 8, '0.00', '0.00'),
(37, 161, '2.00', '0.00', '0.00', '0', 1, 8, '0.00', '0.00'),
(38, 600, '3.00', '0.00', '0.00', '0', 1, 10, '0.00', '0.00'),
(39, 599, '3.00', '0.00', '0.00', '0', 1, 10, '0.00', '0.00'),
(40, 604, '3.00', '0.00', '0.00', '0', 1, 10, '0.00', '0.00'),
(41, 603, '3.00', '0.00', '0.00', '0', 1, 10, '0.00', '0.00'),
(42, 651, '3.00', '0.00', '0.00', '0', 1, 10, '0.00', '0.00'),
(43, 650, '3.00', '0.00', '0.00', '0', 1, 10, '0.00', '0.00'),
(44, 671, '5.00', '0.00', '0.00', '0', 1, 10, '0.00', '0.00'),
(45, 127, '3.00', '0.00', '0.00', '0', 1, 10, '0.00', '0.00'),
(46, 10, '2.00', '0.00', '0.00', '0', 1, 12, '0.00', '0.00'),
(47, 30, '2.00', '0.00', '0.00', '0', 1, 12, '0.00', '0.00'),
(48, 41, '3.00', '0.00', '0.00', '0', 1, 12, '0.00', '0.00'),
(49, 51, '2.00', '0.00', '0.00', '0', 1, 12, '0.00', '0.00'),
(50, 50, '2.00', '0.00', '0.00', '0', 1, 12, '0.00', '0.00'),
(51, 54, '3.00', '0.00', '0.00', '0', 1, 12, '0.00', '0.00'),
(52, 59, '1.00', '0.00', '0.00', '0', 1, 12, '0.00', '0.00'),
(53, 80, '2.00', '0.00', '0.00', '0', 1, 12, '0.00', '0.00'),
(54, 81, '2.00', '0.00', '0.00', '0', 1, 12, '0.00', '0.00'),
(55, 90, '1.00', '0.00', '0.00', '0', 1, 12, '0.00', '0.00'),
(56, 96, '1.00', '0.00', '0.00', '0', 1, 12, '0.00', '0.00'),
(57, 109, '1.00', '0.00', '0.00', '0', 1, 12, '0.00', '0.00'),
(58, 111, '1.00', '0.00', '0.00', '0', 1, 12, '0.00', '0.00'),
(59, 120, '2.00', '0.00', '0.00', '0', 1, 12, '0.00', '0.00'),
(60, 123, '6.00', '0.00', '0.00', '0', 1, 12, '0.00', '0.00'),
(61, 128, '1.00', '0.00', '0.00', '0', 1, 12, '0.00', '0.00'),
(62, 132, '1.00', '0.00', '0.00', '0', 1, 12, '0.00', '0.00'),
(63, 152, '2.00', '0.00', '0.00', '0', 1, 12, '0.00', '0.00'),
(64, 151, '2.00', '0.00', '0.00', '0', 1, 12, '0.00', '0.00'),
(65, 165, '2.00', '0.00', '0.00', '0', 1, 12, '0.00', '0.00'),
(66, 129, '2.00', '0.00', '0.00', '0', 1, 12, '0.00', '0.00'),
(67, 69, '1.00', '0.00', '0.00', '0', 1, 12, '0.00', '0.00'),
(68, 689, '1.00', '0.00', '0.00', '0', 1, 12, '0.00', '0.00'),
(69, 460, '1.00', '0.00', '0.00', '0', 1, 14, '0.00', '0.00'),
(70, 459, '1.00', '0.00', '0.00', '0', 1, 14, '0.00', '0.00'),
(71, 651, '4.00', '0.00', '0.00', '0', 1, 14, '0.00', '0.00'),
(72, 650, '4.00', '0.00', '0.00', '0', 1, 14, '0.00', '0.00'),
(73, 22, '3.00', '0.00', '0.00', '0', 1, 14, '0.00', '0.00'),
(74, 149, '4.00', '0.00', '0.00', '0', 1, 16, '0.00', '0.00'),
(75, 150, '3.00', '0.00', '0.00', '0', 1, 16, '0.00', '0.00'),
(76, 54, '1.00', '0.00', '0.00', '0', 1, 16, '0.00', '0.00'),
(77, 140, '2.00', '0.00', '0.00', '0', 1, 16, '0.00', '0.00'),
(78, 139, '1.00', '0.00', '0.00', '0', 1, 16, '0.00', '0.00'),
(79, 143, '1.00', '0.00', '0.00', '0', 1, 16, '0.00', '0.00'),
(80, 161, '1.00', '0.00', '0.00', '0', 1, 16, '0.00', '0.00'),
(81, 690, '10.00', '0.00', '0.00', '0', 1, 18, '0.00', '0.00'),
(82, 137, '2.00', '0.00', '0.00', '0', 1, 18, '0.00', '0.00'),
(83, 123, '1.00', '0.00', '0.00', '0', 1, 18, '0.00', '0.00'),
(84, 140, '2.00', '0.00', '0.00', '0', 1, 18, '0.00', '0.00'),
(85, 152, '3.00', '0.00', '0.00', '0', 1, 18, '0.00', '0.00'),
(86, 151, '3.00', '0.00', '0.00', '0', 1, 18, '0.00', '0.00'),
(87, 47, '3.00', '0.00', '0.00', '0', 1, 20, '0.00', '0.00'),
(88, 689, '1.00', '0.00', '0.00', '0', 1, 20, '0.00', '0.00'),
(89, 690, '6.00', '0.00', '0.00', '0', 1, 20, '0.00', '0.00'),
(90, 127, '2.00', '0.00', '0.00', '0', 1, 20, '0.00', '0.00'),
(91, 138, '2.00', '0.00', '0.00', '0', 1, 20, '0.00', '0.00'),
(92, 141, '2.00', '0.00', '0.00', '0', 1, 20, '0.00', '0.00'),
(93, 142, '2.00', '0.00', '0.00', '0', 1, 20, '0.00', '0.00'),
(94, 162, '2.00', '0.00', '0.00', '0', 1, 20, '0.00', '0.00'),
(95, 123, '1.00', '0.00', '0.00', '0', 1, 22, '0.00', '0.00'),
(96, 690, '3.00', '0.00', '0.00', '0', 1, 22, '0.00', '0.00'),
(97, 133, '1.00', '0.00', '0.00', '0', 1, 22, '0.00', '0.00'),
(98, 167, '2.00', '0.00', '0.00', '0', 1, 22, '0.00', '0.00'),
(99, 166, '2.00', '0.00', '0.00', '0', 1, 22, '0.00', '0.00'),
(100, 165, '1.00', '0.00', '0.00', '0', 1, 22, '0.00', '0.00'),
(101, 172, '1.00', '0.00', '0.00', '0', 1, 22, '0.00', '0.00'),
(102, 123, '1.00', '0.00', '0.00', '0', 1, 24, '0.00', '0.00'),
(103, 690, '3.00', '0.00', '0.00', '0', 1, 24, '0.00', '0.00'),
(104, 133, '1.00', '0.00', '0.00', '0', 1, 24, '0.00', '0.00'),
(105, 167, '2.00', '0.00', '0.00', '0', 1, 24, '0.00', '0.00'),
(106, 166, '2.00', '0.00', '0.00', '0', 1, 24, '0.00', '0.00'),
(107, 165, '1.00', '0.00', '0.00', '0', 1, 24, '0.00', '0.00'),
(108, 172, '1.00', '0.00', '0.00', '0', 1, 24, '0.00', '0.00'),
(109, 68, '2.00', '0.00', '0.00', '0', 1, 26, '0.00', '0.00'),
(110, 49, '2.00', '0.00', '0.00', '0', 1, 26, '0.00', '0.00'),
(111, 690, '5.00', '0.00', '0.00', '0', 1, 26, '0.00', '0.00'),
(112, 68, '2.00', '0.00', '0.00', '0', 1, 28, '0.00', '0.00'),
(113, 49, '1.00', '0.00', '0.00', '0', 1, 28, '0.00', '0.00'),
(114, 690, '5.00', '0.00', '0.00', '0', 1, 28, '0.00', '0.00'),
(115, 43, '1.00', '0.00', '0.00', '0', 1, 30, '0.00', '0.00'),
(116, 443, '50.00', '0.00', '0.00', '0', 1, 32, '0.00', '0.00'),
(117, 444, '50.00', '0.00', '0.00', '0', 1, 32, '0.00', '0.00'),
(118, 712, '2.00', '0.00', '0.00', '0', 1, 32, '0.00', '0.00'),
(119, 713, '2.00', '0.00', '0.00', '0', 1, 32, '0.00', '0.00'),
(120, 708, '10.00', '0.00', '0.00', '0', 1, 32, '0.00', '0.00'),
(121, 709, '5.00', '0.00', '0.00', '0', 1, 32, '0.00', '0.00'),
(122, 710, '5.00', '0.00', '0.00', '0', 1, 32, '0.00', '0.00'),
(123, 711, '5.00', '0.00', '0.00', '0', 1, 32, '0.00', '0.00'),
(124, 733, '10.00', '0.00', '0.00', '0', 1, 32, '0.00', '0.00'),
(125, 734, '10.00', '0.00', '0.00', '0', 1, 32, '0.00', '0.00'),
(126, 463, '1.00', '0.00', '0.00', '0', 1, 32, '0.00', '0.00'),
(127, 464, '1.00', '0.00', '0.00', '0', 1, 32, '0.00', '0.00'),
(128, 731, '10.00', '0.00', '0.00', '0', 1, 32, '0.00', '0.00'),
(129, 732, '10.00', '0.00', '0.00', '0', 1, 32, '0.00', '0.00'),
(130, 576, '2.00', '0.00', '0.00', '0', 1, 32, '0.00', '0.00'),
(131, 891, '10.00', '0.00', '0.00', '0', 1, 32, '0.00', '0.00'),
(132, 915, '15.00', '0.00', '0.00', '0', 1, 32, '0.00', '0.00'),
(133, 957, '50.00', '0.00', '0.00', '0', 1, 32, '0.00', '0.00'),
(134, 430, '10.00', '0.00', '0.00', '0', 1, 32, '0.00', '0.00'),
(135, 792, '3.00', '0.00', '0.00', '0', 1, 32, '0.00', '0.00'),
(136, 877, '30.00', '0.00', '0.00', '0', 1, 32, '0.00', '0.00'),
(137, 999, '10.00', '0.00', '0.00', '0', 1, 32, '0.00', '0.00'),
(138, 745, '10.00', '0.00', '0.00', '0', 1, 32, '0.00', '0.00'),
(139, 704, '2.00', '0.00', '0.00', '0', 1, 34, '0.00', '0.00'),
(140, 705, '2.00', '0.00', '0.00', '0', 1, 34, '0.00', '0.00'),
(141, 707, '4.00', '0.00', '0.00', '0', 1, 34, '0.00', '0.00'),
(142, 443, '10.00', '0.00', '0.00', '0', 1, 34, '0.00', '0.00'),
(143, 444, '10.00', '0.00', '0.00', '0', 1, 34, '0.00', '0.00'),
(144, 447, '3.00', '0.00', '0.00', '0', 1, 34, '0.00', '0.00'),
(145, 448, '7.00', '0.00', '0.00', '0', 1, 34, '0.00', '0.00'),
(146, 741, '3.00', '0.00', '0.00', '0', 1, 34, '0.00', '0.00'),
(147, 757, '3.00', '0.00', '0.00', '0', 1, 34, '0.00', '0.00'),
(148, 758, '3.00', '0.00', '0.00', '0', 1, 34, '0.00', '0.00'),
(149, 527, '4.00', '0.00', '0.00', '0', 1, 34, '0.00', '0.00'),
(150, 526, '4.00', '0.00', '0.00', '0', 1, 34, '0.00', '0.00'),
(151, 525, '4.00', '0.00', '0.00', '0', 1, 34, '0.00', '0.00'),
(152, 797, '10.00', '0.00', '0.00', '0', 1, 34, '0.00', '0.00'),
(153, 809, '2.00', '0.00', '0.00', '0', 1, 34, '0.00', '0.00'),
(154, 810, '2.00', '0.00', '0.00', '0', 1, 34, '0.00', '0.00'),
(155, 872, '10.00', '0.00', '0.00', '0', 1, 34, '0.00', '0.00'),
(156, 873, '10.00', '0.00', '0.00', '0', 1, 34, '0.00', '0.00'),
(157, 823, '10.00', '0.00', '0.00', '0', 1, 34, '0.00', '0.00'),
(158, 868, '1.00', '0.00', '0.00', '0', 1, 34, '0.00', '0.00'),
(159, 869, '1.00', '0.00', '0.00', '0', 1, 34, '0.00', '0.00'),
(160, 874, '2.00', '0.00', '0.00', '0', 1, 34, '0.00', '0.00'),
(161, 875, '2.00', '0.00', '0.00', '0', 1, 34, '0.00', '0.00'),
(162, 866, '1.00', '0.00', '0.00', '0', 1, 34, '0.00', '0.00'),
(163, 867, '1.00', '0.00', '0.00', '0', 1, 36, '0.00', '0.00'),
(164, 876, '10.00', '0.00', '0.00', '0', 1, 36, '0.00', '0.00'),
(165, 857, '1.00', '0.00', '0.00', '0', 1, 36, '0.00', '0.00'),
(166, 984, '2.00', '0.00', '0.00', '0', 1, 36, '0.00', '0.00'),
(167, 956, '4.00', '0.00', '0.00', '0', 1, 36, '0.00', '0.00'),
(168, 1002, '7.00', '0.00', '0.00', '0', 1, 36, '0.00', '0.00'),
(169, 1003, '3.00', '0.00', '0.00', '0', 1, 36, '0.00', '0.00'),
(170, 488, '1.00', '0.00', '0.00', '0', 1, 36, '0.00', '0.00'),
(171, 489, '1.00', '0.00', '0.00', '0', 1, 36, '0.00', '0.00'),
(172, 490, '1.00', '0.00', '0.00', '0', 1, 36, '0.00', '0.00'),
(173, 491, '1.00', '0.00', '0.00', '0', 1, 36, '0.00', '0.00'),
(174, 678, '1.00', '0.00', '0.00', '0', 1, 38, '0.00', '0.00'),
(175, 679, '1.00', '0.00', '0.00', '0', 1, 38, '0.00', '0.00'),
(176, 676, '2.00', '0.00', '0.00', '0', 1, 38, '0.00', '0.00'),
(177, 677, '2.00', '0.00', '0.00', '0', 1, 38, '0.00', '0.00'),
(178, 633, '20.00', '0.00', '0.00', '0', 1, 38, '0.00', '0.00'),
(179, 634, '50.00', '0.00', '0.00', '0', 1, 38, '0.00', '0.00'),
(180, 627, '15.00', '0.00', '0.00', '0', 1, 38, '0.00', '0.00'),
(181, 628, '30.00', '0.00', '0.00', '0', 1, 38, '0.00', '0.00'),
(182, 664, '30.00', '0.00', '0.00', '0', 1, 38, '0.00', '0.00'),
(183, 667, '40.00', '0.00', '0.00', '0', 1, 38, '0.00', '0.00'),
(184, 646, '2.00', '0.00', '0.00', '0', 1, 38, '0.00', '0.00'),
(185, 647, '2.00', '0.00', '0.00', '0', 1, 38, '0.00', '0.00'),
(186, 525, '2.00', '0.00', '0.00', '0', 1, 38, '0.00', '0.00'),
(187, 526, '2.00', '0.00', '0.00', '0', 1, 38, '0.00', '0.00'),
(188, 1024, '1.00', '0.00', '0.00', '0', 1, 38, '0.00', '0.00'),
(189, 527, '1.00', '0.00', '0.00', '0', 1, 38, '0.00', '0.00'),
(190, 695, '3.00', '0.00', '0.00', '0', 1, 40, '0.00', '0.00'),
(191, 696, '3.00', '0.00', '0.00', '0', 1, 40, '0.00', '0.00'),
(192, 441, '1.00', '0.00', '0.00', '0', 1, 40, '0.00', '0.00'),
(193, 442, '1.00', '0.00', '0.00', '0', 1, 40, '0.00', '0.00'),
(194, 443, '3.00', '0.00', '0.00', '0', 1, 40, '0.00', '0.00'),
(195, 444, '3.00', '0.00', '0.00', '0', 1, 40, '0.00', '0.00'),
(196, 447, '3.00', '0.00', '0.00', '0', 1, 40, '0.00', '0.00'),
(197, 448, '3.00', '0.00', '0.00', '0', 1, 40, '0.00', '0.00'),
(198, 486, '2.00', '0.00', '0.00', '0', 1, 40, '0.00', '0.00'),
(199, 487, '2.00', '0.00', '0.00', '0', 1, 40, '0.00', '0.00'),
(200, 526, '2.00', '0.00', '0.00', '0', 1, 40, '0.00', '0.00'),
(201, 1024, '3.00', '0.00', '0.00', '0', 1, 40, '0.00', '0.00'),
(202, 803, '4.00', '0.00', '0.00', '0', 1, 40, '0.00', '0.00'),
(203, 800, '10.00', '0.00', '0.00', '0', 1, 40, '0.00', '0.00'),
(204, 817, '2.00', '0.00', '0.00', '0', 1, 40, '0.00', '0.00'),
(205, 818, '2.00', '0.00', '0.00', '0', 1, 40, '0.00', '0.00'),
(206, 603, '2.00', '0.00', '0.00', '0', 1, 40, '0.00', '0.00'),
(207, 604, '2.00', '0.00', '0.00', '0', 1, 40, '0.00', '0.00'),
(208, 615, '5.00', '0.00', '0.00', '0', 1, 40, '0.00', '0.00'),
(209, 616, '5.00', '0.00', '0.00', '0', 1, 40, '0.00', '0.00'),
(210, 908, '2.00', '0.00', '0.00', '0', 1, 40, '0.00', '0.00'),
(211, 909, '2.00', '0.00', '0.00', '0', 1, 40, '0.00', '0.00'),
(212, 527, '3.00', '0.00', '0.00', '0', 1, 40, '0.00', '0.00'),
(213, 1020, '5.00', '0.00', '0.00', '0', 1, 42, '0.00', '0.00'),
(214, 624, '10.00', '0.00', '0.00', '0', 1, 42, '0.00', '0.00'),
(215, 1021, '10.00', '0.00', '0.00', '0', 1, 42, '0.00', '0.00'),
(216, 917, '10.00', '0.00', '0.00', '0', 1, 42, '0.00', '0.00'),
(217, 650, '2.00', '0.00', '0.00', '0', 1, 42, '0.00', '0.00'),
(218, 651, '2.00', '0.00', '0.00', '0', 1, 42, '0.00', '0.00'),
(219, 918, '10.00', '0.00', '0.00', '0', 1, 42, '0.00', '0.00'),
(220, 621, '10.00', '0.00', '0.00', '0', 1, 42, '0.00', '0.00'),
(221, 956, '6.00', '0.00', '0.00', '0', 1, 42, '0.00', '0.00'),
(222, 872, '6.00', '0.00', '0.00', '0', 1, 42, '0.00', '0.00'),
(223, 622, '10.00', '0.00', '0.00', '0', 1, 42, '0.00', '0.00'),
(224, 623, '10.00', '0.00', '0.00', '0', 1, 42, '0.00', '0.00'),
(225, 682, '2.00', '0.00', '0.00', '0', 1, 42, '0.00', '0.00'),
(226, 683, '2.00', '0.00', '0.00', '0', 1, 42, '0.00', '0.00'),
(227, 685, '6.00', '0.00', '0.00', '0', 1, 42, '0.00', '0.00'),
(228, 686, '2.00', '0.00', '0.00', '0', 1, 42, '0.00', '0.00'),
(229, 956, '10.00', '0.00', '0.00', '0', 1, 44, '0.00', '0.00'),
(230, 637, '10.00', '0.00', '0.00', '0', 1, 44, '0.00', '0.00'),
(231, 638, '10.00', '0.00', '0.00', '0', 1, 44, '0.00', '0.00'),
(232, 934, '10.00', '0.00', '0.00', '0', 1, 44, '0.00', '0.00'),
(233, 935, '10.00', '0.00', '0.00', '0', 1, 44, '0.00', '0.00'),
(234, 706, '6.00', '0.00', '0.00', '0', 1, 44, '0.00', '0.00'),
(235, 707, '6.00', '0.00', '0.00', '0', 1, 44, '0.00', '0.00'),
(236, 627, '20.00', '0.00', '0.00', '0', 1, 44, '0.00', '0.00'),
(237, 628, '20.00', '0.00', '0.00', '0', 1, 44, '0.00', '0.00'),
(238, 624, '25.00', '0.00', '0.00', '0', 1, 44, '0.00', '0.00'),
(239, 917, '25.00', '0.00', '0.00', '0', 1, 44, '0.00', '0.00'),
(240, 821, '25.00', '0.00', '0.00', '0', 1, 44, '0.00', '0.00'),
(241, 633, '20.00', '0.00', '0.00', '0', 1, 44, '0.00', '0.00'),
(242, 634, '20.00', '0.00', '0.00', '0', 1, 44, '0.00', '0.00'),
(243, 463, '2.00', '0.00', '0.00', '0', 1, 44, '0.00', '0.00'),
(244, 464, '2.00', '0.00', '0.00', '0', 1, 44, '0.00', '0.00'),
(245, 467, '2.00', '0.00', '0.00', '0', 1, 44, '0.00', '0.00'),
(246, 468, '2.00', '0.00', '0.00', '0', 1, 44, '0.00', '0.00'),
(247, 822, '20.00', '0.00', '0.00', '0', 1, 44, '0.00', '0.00'),
(248, 754, '4.00', '0.00', '0.00', '0', 1, 46, '0.00', '0.00'),
(249, 512, '2.00', '0.00', '0.00', '0', 1, 46, '0.00', '0.00'),
(250, 765, '1.00', '0.00', '0.00', '0', 1, 46, '0.00', '0.00'),
(251, 767, '1.00', '0.00', '0.00', '0', 1, 46, '0.00', '0.00'),
(252, 790, '2.00', '0.00', '0.00', '0', 1, 46, '0.00', '0.00'),
(253, 633, '30.00', '0.00', '0.00', '0', 1, 46, '0.00', '0.00'),
(254, 634, '30.00', '0.00', '0.00', '0', 1, 46, '0.00', '0.00'),
(255, 637, '5.00', '0.00', '0.00', '0', 1, 46, '0.00', '0.00'),
(256, 638, '5.00', '0.00', '0.00', '0', 1, 46, '0.00', '0.00'),
(257, 994, '4.00', '0.00', '0.00', '0', 1, 46, '0.00', '0.00'),
(258, 982, '3.00', '0.00', '0.00', '0', 1, 46, '0.00', '0.00'),
(259, 1021, '10.00', '0.00', '0.00', '0', 1, 46, '0.00', '0.00'),
(260, 985, '5.00', '0.00', '0.00', '0', 1, 46, '0.00', '0.00'),
(261, 957, '4.00', '0.00', '0.00', '0', 1, 46, '0.00', '0.00'),
(262, 933, '2.00', '0.00', '0.00', '0', 1, 46, '0.00', '0.00'),
(263, 49, '2.00', '0.00', '0.00', '0', 1, 46, '0.00', '0.00'),
(264, 162, '2.00', '0.00', '0.00', '0', 1, 48, '0.00', '0.00'),
(265, 118, '5.00', '0.00', '0.00', '0', 1, 48, '0.00', '0.00'),
(266, 633, '30.00', '0.00', '0.00', '0', 1, 50, '0.00', '0.00'),
(267, 634, '30.00', '0.00', '0.00', '0', 1, 50, '0.00', '0.00'),
(268, 638, '8.00', '0.00', '0.00', '0', 1, 50, '0.00', '0.00'),
(269, 637, '8.00', '0.00', '0.00', '0', 1, 50, '0.00', '0.00'),
(270, 635, '2.00', '0.00', '0.00', '0', 1, 50, '0.00', '0.00'),
(271, 636, '2.00', '0.00', '0.00', '0', 1, 50, '0.00', '0.00'),
(272, 1021, '10.00', '0.00', '0.00', '0', 1, 50, '0.00', '0.00'),
(273, 917, '10.00', '0.00', '0.00', '0', 1, 50, '0.00', '0.00'),
(274, 767, '2.00', '0.00', '0.00', '0', 1, 50, '0.00', '0.00'),
(275, 118, '1.00', '0.00', '0.00', '0', 1, 50, '0.00', '0.00'),
(276, 982, '2.00', '0.00', '0.00', '0', 1, 52, '0.00', '0.00'),
(277, 850, '1.00', '0.00', '0.00', '0', 1, 52, '0.00', '0.00'),
(278, 487, '3.00', '0.00', '0.00', '0', 1, 52, '0.00', '0.00'),
(279, 740, '5.00', '0.00', '0.00', '0', 1, 52, '0.00', '0.00'),
(280, 854, '1.00', '0.00', '0.00', '0', 1, 52, '0.00', '0.00'),
(281, 956, '250.00', '0.00', '0.00', '0', 1, 54, '0.00', '0.00'),
(282, 49, '1.00', '0.00', '0.00', '0', 1, 56, '0.00', '0.00'),
(283, 45, '3.00', '0.00', '0.00', '0', 1, 56, '0.00', '0.00'),
(284, 48, '2.00', '0.00', '0.00', '0', 1, 56, '0.00', '0.00'),
(285, 53, '1.00', '0.00', '0.00', '0', 1, 56, '0.00', '0.00'),
(286, 56, '2.00', '0.00', '0.00', '0', 1, 56, '0.00', '0.00'),
(287, 103, '2.00', '0.00', '0.00', '0', 1, 56, '0.00', '0.00'),
(288, 104, '2.00', '0.00', '0.00', '0', 1, 56, '0.00', '0.00'),
(289, 428, '2.00', '0.00', '0.00', '0', 1, 58, '0.00', '0.00'),
(290, 429, '2.00', '0.00', '0.00', '0', 1, 58, '0.00', '0.00'),
(291, 693, '3.00', '0.00', '0.00', '0', 1, 58, '0.00', '0.00'),
(292, 430, '5.00', '0.00', '0.00', '0', 1, 58, '0.00', '0.00'),
(293, 770, '4.00', '0.00', '0.00', '0', 1, 58, '0.00', '0.00'),
(294, 768, '2.00', '0.00', '0.00', '0', 1, 58, '0.00', '0.00'),
(295, 744, '2.00', '0.00', '0.00', '0', 1, 58, '0.00', '0.00'),
(296, 746, '1.00', '0.00', '0.00', '0', 1, 58, '0.00', '0.00'),
(297, 728, '2.00', '0.00', '0.00', '0', 1, 58, '0.00', '0.00'),
(298, 727, '2.00', '0.00', '0.00', '0', 1, 58, '0.00', '0.00'),
(299, 633, '10.00', '0.00', '0.00', '0', 1, 58, '0.00', '0.00'),
(300, 634, '10.00', '0.00', '0.00', '0', 1, 58, '0.00', '0.00'),
(301, 1018, '2.00', '0.00', '0.00', '0', 1, 58, '0.00', '0.00'),
(302, 1019, '2.00', '0.00', '0.00', '0', 1, 58, '0.00', '0.00'),
(303, 998, '3.00', '0.00', '0.00', '0', 1, 58, '0.00', '0.00'),
(304, 1004, '2.00', '0.00', '0.00', '0', 1, 58, '0.00', '0.00'),
(305, 925, '10.00', '0.00', '0.00', '0', 1, 60, '0.00', '0.00'),
(306, 926, '10.00', '0.00', '0.00', '0', 1, 60, '0.00', '0.00'),
(307, 635, '6.00', '0.00', '0.00', '0', 1, 60, '0.00', '0.00'),
(308, 637, '6.00', '0.00', '0.00', '0', 1, 60, '0.00', '0.00'),
(309, 638, '6.00', '0.00', '0.00', '0', 1, 60, '0.00', '0.00'),
(310, 642, '5.00', '0.00', '0.00', '0', 1, 60, '0.00', '0.00'),
(311, 643, '5.00', '0.00', '0.00', '0', 1, 60, '0.00', '0.00'),
(312, 1023, '20.00', '0.00', '0.00', '0', 1, 60, '0.00', '0.00'),
(313, 699, '2.00', '0.00', '0.00', '0', 1, 60, '0.00', '0.00'),
(314, 700, '2.00', '0.00', '0.00', '0', 1, 60, '0.00', '0.00'),
(315, 701, '2.00', '0.00', '0.00', '0', 1, 60, '0.00', '0.00'),
(316, 702, '2.00', '0.00', '0.00', '0', 1, 60, '0.00', '0.00'),
(317, 906, '10.00', '0.00', '0.00', '0', 1, 62, '0.00', '0.00'),
(318, 907, '10.00', '0.00', '0.00', '0', 1, 62, '0.00', '0.00'),
(319, 704, '3.00', '0.00', '0.00', '0', 1, 62, '0.00', '0.00'),
(320, 439, '2.00', '0.00', '0.00', '0', 1, 62, '0.00', '0.00'),
(321, 440, '2.00', '0.00', '0.00', '0', 1, 62, '0.00', '0.00'),
(322, 441, '2.00', '0.00', '0.00', '0', 1, 62, '0.00', '0.00'),
(323, 442, '2.00', '0.00', '0.00', '0', 1, 62, '0.00', '0.00'),
(324, 443, '5.00', '0.00', '0.00', '0', 1, 62, '0.00', '0.00'),
(325, 444, '5.00', '0.00', '0.00', '0', 1, 62, '0.00', '0.00'),
(326, 463, '5.00', '0.00', '0.00', '0', 1, 62, '0.00', '0.00'),
(327, 464, '5.00', '0.00', '0.00', '0', 1, 62, '0.00', '0.00'),
(328, 467, '5.00', '0.00', '0.00', '0', 1, 62, '0.00', '0.00'),
(329, 468, '5.00', '0.00', '0.00', '0', 1, 62, '0.00', '0.00'),
(330, 735, '10.00', '0.00', '0.00', '0', 1, 62, '0.00', '0.00'),
(331, 736, '10.00', '0.00', '0.00', '0', 1, 62, '0.00', '0.00'),
(332, 753, '5.00', '0.00', '0.00', '0', 1, 62, '0.00', '0.00'),
(333, 520, '5.00', '0.00', '0.00', '0', 1, 62, '0.00', '0.00'),
(334, 521, '5.00', '0.00', '0.00', '0', 1, 62, '0.00', '0.00'),
(335, 522, '5.00', '0.00', '0.00', '0', 1, 62, '0.00', '0.00'),
(336, 477, '1.00', '0.00', '0.00', '0', 1, 62, '0.00', '0.00'),
(337, 478, '1.00', '0.00', '0.00', '0', 1, 62, '0.00', '0.00'),
(338, 479, '1.00', '0.00', '0.00', '0', 1, 62, '0.00', '0.00'),
(339, 480, '1.00', '0.00', '0.00', '0', 1, 62, '0.00', '0.00'),
(340, 737, '5.00', '0.00', '0.00', '0', 1, 62, '0.00', '0.00'),
(341, 738, '5.00', '0.00', '0.00', '0', 1, 62, '0.00', '0.00'),
(342, 498, '5.00', '0.00', '0.00', '0', 1, 64, '0.00', '0.00'),
(343, 499, '5.00', '0.00', '0.00', '0', 1, 64, '0.00', '0.00'),
(344, 744, '5.00', '0.00', '0.00', '0', 1, 64, '0.00', '0.00'),
(345, 746, '5.00', '0.00', '0.00', '0', 1, 64, '0.00', '0.00'),
(346, 727, '5.00', '0.00', '0.00', '0', 1, 64, '0.00', '0.00'),
(347, 728, '5.00', '0.00', '0.00', '0', 1, 64, '0.00', '0.00'),
(348, 741, '3.00', '0.00', '0.00', '0', 1, 64, '0.00', '0.00'),
(349, 512, '3.00', '0.00', '0.00', '0', 1, 64, '0.00', '0.00'),
(350, 528, '2.00', '0.00', '0.00', '0', 1, 64, '0.00', '0.00'),
(351, 781, '2.00', '0.00', '0.00', '0', 1, 64, '0.00', '0.00'),
(352, 529, '2.00', '0.00', '0.00', '0', 1, 64, '0.00', '0.00'),
(353, 530, '5.00', '0.00', '0.00', '0', 1, 64, '0.00', '0.00'),
(354, 863, '5.00', '0.00', '0.00', '0', 1, 64, '0.00', '0.00'),
(355, 883, '5.00', '0.00', '0.00', '0', 1, 64, '0.00', '0.00'),
(356, 923, '3.00', '0.00', '0.00', '0', 1, 64, '0.00', '0.00'),
(357, 924, '3.00', '0.00', '0.00', '0', 1, 64, '0.00', '0.00'),
(358, 622, '3.00', '0.00', '0.00', '0', 1, 64, '0.00', '0.00'),
(359, 623, '3.00', '0.00', '0.00', '0', 1, 64, '0.00', '0.00'),
(360, 635, '10.00', '0.00', '0.00', '0', 1, 64, '0.00', '0.00'),
(361, 636, '10.00', '0.00', '0.00', '0', 1, 64, '0.00', '0.00'),
(362, 637, '10.00', '0.00', '0.00', '0', 1, 64, '0.00', '0.00'),
(363, 638, '10.00', '0.00', '0.00', '0', 1, 64, '0.00', '0.00'),
(364, 1020, '20.00', '0.00', '0.00', '0', 1, 66, '0.00', '0.00'),
(365, 624, '50.00', '0.00', '0.00', '0', 1, 66, '0.00', '0.00'),
(366, 665, '10.00', '0.00', '0.00', '0', 1, 66, '0.00', '0.00'),
(367, 667, '10.00', '0.00', '0.00', '0', 1, 66, '0.00', '0.00'),
(368, 997, '2.00', '0.00', '0.00', '0', 1, 66, '0.00', '0.00'),
(369, 998, '2.00', '0.00', '0.00', '0', 1, 66, '0.00', '0.00'),
(370, 1004, '2.00', '0.00', '0.00', '0', 1, 66, '0.00', '0.00'),
(371, 1005, '2.00', '0.00', '0.00', '0', 1, 66, '0.00', '0.00'),
(372, 444, '6.00', '0.00', '0.00', '0', 1, 68, '0.00', '0.00'),
(373, 747, '2.00', '0.00', '0.00', '0', 1, 68, '0.00', '0.00'),
(374, 748, '2.00', '0.00', '0.00', '0', 1, 68, '0.00', '0.00'),
(375, 749, '2.00', '0.00', '0.00', '0', 1, 68, '0.00', '0.00'),
(376, 750, '2.00', '0.00', '0.00', '0', 1, 68, '0.00', '0.00'),
(377, 739, '3.00', '0.00', '0.00', '0', 1, 68, '0.00', '0.00'),
(378, 740, '3.00', '0.00', '0.00', '0', 1, 68, '0.00', '0.00'),
(379, 506, '5.00', '0.00', '0.00', '0', 1, 68, '0.00', '0.00'),
(380, 507, '5.00', '0.00', '0.00', '0', 1, 68, '0.00', '0.00'),
(381, 806, '2.00', '0.00', '0.00', '0', 1, 68, '0.00', '0.00'),
(382, 807, '2.00', '0.00', '0.00', '0', 1, 68, '0.00', '0.00'),
(383, 854, '2.00', '0.00', '0.00', '0', 1, 68, '0.00', '0.00'),
(384, 957, '2.00', '0.00', '0.00', '0', 1, 70, '0.00', '0.00'),
(385, 642, '10.00', '0.00', '0.00', '0', 1, 70, '0.00', '0.00'),
(386, 635, '5.00', '0.00', '0.00', '0', 1, 70, '0.00', '0.00'),
(387, 636, '5.00', '0.00', '0.00', '0', 1, 70, '0.00', '0.00'),
(388, 637, '5.00', '0.00', '0.00', '0', 1, 70, '0.00', '0.00'),
(389, 638, '5.00', '0.00', '0.00', '0', 1, 70, '0.00', '0.00'),
(390, 633, '25.00', '0.00', '0.00', '0', 1, 70, '0.00', '0.00'),
(391, 634, '50.00', '0.00', '0.00', '0', 1, 70, '0.00', '0.00'),
(392, 956, '2.00', '0.00', '0.00', '0', 1, 70, '0.00', '0.00'),
(393, 430, '10.00', '0.00', '0.00', '0', 1, 72, '0.00', '0.00'),
(394, 486, '3.00', '0.00', '0.00', '0', 1, 72, '0.00', '0.00'),
(395, 736, '5.00', '0.00', '0.00', '0', 1, 72, '0.00', '0.00'),
(396, 735, '5.00', '0.00', '0.00', '0', 1, 72, '0.00', '0.00'),
(397, 453, '4.00', '0.00', '0.00', '0', 1, 72, '0.00', '0.00'),
(398, 454, '5.00', '0.00', '0.00', '0', 1, 72, '0.00', '0.00'),
(399, 458, '1.00', '0.00', '0.00', '0', 1, 72, '0.00', '0.00'),
(400, 754, '2.00', '0.00', '0.00', '0', 1, 72, '0.00', '0.00'),
(401, 767, '1.00', '0.00', '0.00', '0', 1, 72, '0.00', '0.00'),
(402, 770, '2.00', '0.00', '0.00', '0', 1, 72, '0.00', '0.00'),
(403, 792, '3.00', '0.00', '0.00', '0', 1, 72, '0.00', '0.00'),
(404, 864, '1.00', '0.00', '0.00', '0', 1, 72, '0.00', '0.00'),
(405, 883, '10.00', '0.00', '0.00', '0', 1, 72, '0.00', '0.00'),
(406, 888, '2.00', '0.00', '0.00', '0', 1, 72, '0.00', '0.00'),
(407, 957, '2.00', '0.00', '0.00', '0', 1, 72, '0.00', '0.00'),
(408, 973, '2.00', '0.00', '0.00', '0', 1, 72, '0.00', '0.00'),
(409, 1007, '1.00', '0.00', '0.00', '0', 1, 72, '0.00', '0.00'),
(410, 1006, '1.00', '0.00', '0.00', '0', 1, 72, '0.00', '0.00'),
(411, 616, '2.00', '0.00', '0.00', '0', 1, 72, '0.00', '0.00'),
(412, 615, '5.00', '0.00', '0.00', '0', 1, 72, '0.00', '0.00'),
(413, 825, '1.00', '0.00', '0.00', '0', 1, 72, '0.00', '0.00'),
(414, 824, '1.00', '0.00', '0.00', '0', 1, 72, '0.00', '0.00'),
(415, 629, '3.00', '0.00', '0.00', '0', 1, 72, '0.00', '0.00'),
(416, 1020, '5.00', '0.00', '0.00', '0', 1, 72, '0.00', '0.00'),
(417, 1009, '1.00', '0.00', '0.00', '0', 1, 72, '0.00', '0.00'),
(418, 487, '5.00', '0.00', '0.00', '0', 1, 72, '0.00', '0.00'),
(419, 1008, '1.00', '0.00', '0.00', '0', 1, 74, '0.00', '0.00'),
(420, 658, '5.00', '0.00', '0.00', '0', 1, 74, '0.00', '0.00'),
(421, 10, '2.00', '0.00', '0.00', '0', 1, 74, '0.00', '0.00'),
(422, 6, '2.00', '0.00', '0.00', '0', 1, 74, '0.00', '0.00'),
(423, 14, '3.00', '0.00', '0.00', '0', 1, 74, '0.00', '0.00'),
(424, 148, '3.00', '0.00', '0.00', '0', 1, 76, '0.00', '0.00'),
(425, 690, '3.00', '0.00', '0.00', '0', 1, 76, '0.00', '0.00'),
(426, 1002, '8.00', '0.00', '0.00', '0', 1, 78, '0.00', '0.00'),
(427, 1003, '4.00', '0.00', '0.00', '0', 1, 78, '0.00', '0.00'),
(428, 806, '5.00', '0.00', '0.00', '0', 1, 80, '0.00', '0.00'),
(429, 807, '5.00', '0.00', '0.00', '0', 1, 80, '0.00', '0.00'),
(430, 877, '6.00', '0.00', '0.00', '0', 1, 80, '0.00', '0.00'),
(431, 765, '3.00', '0.00', '0.00', '0', 1, 80, '0.00', '0.00'),
(432, 502, '5.00', '0.00', '0.00', '0', 1, 80, '0.00', '0.00'),
(433, 503, '5.00', '0.00', '0.00', '0', 1, 80, '0.00', '0.00'),
(434, 806, '5.00', '0.00', '0.00', '0', 1, 82, '0.00', '0.00'),
(435, 807, '5.00', '0.00', '0.00', '0', 1, 82, '0.00', '0.00'),
(436, 877, '6.00', '0.00', '0.00', '0', 1, 82, '0.00', '0.00'),
(437, 765, '3.00', '0.00', '0.00', '0', 1, 82, '0.00', '0.00'),
(438, 502, '5.00', '0.00', '0.00', '0', 1, 82, '0.00', '0.00'),
(439, 503, '5.00', '0.00', '0.00', '0', 1, 82, '0.00', '0.00'),
(440, 6, '2.00', '0.00', '0.00', '0', 1, 84, '0.00', '0.00'),
(441, 43, '1.00', '0.00', '0.00', '0', 1, 84, '0.00', '0.00'),
(442, 45, '2.00', '0.00', '0.00', '0', 1, 84, '0.00', '0.00'),
(443, 54, '1.00', '0.00', '0.00', '0', 1, 84, '0.00', '0.00'),
(444, 61, '1.00', '0.00', '0.00', '0', 1, 84, '0.00', '0.00'),
(445, 62, '1.00', '0.00', '0.00', '0', 1, 84, '0.00', '0.00'),
(446, 1026, '5.00', '0.00', '0.00', '0', 1, 84, '0.00', '0.00'),
(447, 112, '1.00', '0.00', '0.00', '0', 1, 84, '0.00', '0.00'),
(448, 133, '1.00', '0.00', '0.00', '0', 1, 84, '0.00', '0.00'),
(449, 690, '2.00', '0.00', '0.00', '0', 1, 84, '0.00', '0.00'),
(450, 43, '1.00', '0.00', '0.00', '0', 1, 86, '0.00', '0.00'),
(451, 47, '1.00', '0.00', '0.00', '0', 1, 86, '0.00', '0.00'),
(452, 49, '1.00', '0.00', '0.00', '0', 1, 86, '0.00', '0.00'),
(453, 48, '1.00', '0.00', '0.00', '0', 1, 86, '0.00', '0.00'),
(454, 54, '1.00', '0.00', '0.00', '0', 1, 86, '0.00', '0.00'),
(455, 59, '1.00', '0.00', '0.00', '0', 1, 86, '0.00', '0.00'),
(456, 69, '1.00', '0.00', '0.00', '0', 1, 86, '0.00', '0.00'),
(457, 127, '2.00', '0.00', '0.00', '0', 1, 86, '0.00', '0.00'),
(458, 138, '2.00', '0.00', '0.00', '0', 1, 86, '0.00', '0.00'),
(459, 141, '1.00', '0.00', '0.00', '0', 1, 86, '0.00', '0.00'),
(460, 151, '2.00', '0.00', '0.00', '0', 1, 86, '0.00', '0.00'),
(461, 152, '2.00', '0.00', '0.00', '0', 1, 86, '0.00', '0.00'),
(462, 633, '20.00', '0.00', '0.00', '0', 1, 88, '0.00', '0.00'),
(463, 634, '20.00', '0.00', '0.00', '0', 1, 88, '0.00', '0.00'),
(464, 45, '10.00', '0.00', '0.00', '0', 1, 90, '0.00', '0.00'),
(465, 123, '3.00', '0.00', '0.00', '0', 1, 90, '0.00', '0.00'),
(466, 729, '5.00', '0.00', '0.00', '0', 1, 92, '0.00', '0.00'),
(467, 730, '5.00', '0.00', '0.00', '0', 1, 92, '0.00', '0.00'),
(468, 459, '2.00', '0.00', '0.00', '0', 1, 92, '0.00', '0.00'),
(469, 460, '2.00', '0.00', '0.00', '0', 1, 92, '0.00', '0.00'),
(470, 463, '2.00', '0.00', '0.00', '0', 1, 92, '0.00', '0.00'),
(471, 464, '2.00', '0.00', '0.00', '0', 1, 92, '0.00', '0.00'),
(472, 467, '1.00', '0.00', '0.00', '0', 1, 92, '0.00', '0.00'),
(473, 468, '1.00', '0.00', '0.00', '0', 1, 92, '0.00', '0.00'),
(474, 753, '2.00', '0.00', '0.00', '0', 1, 92, '0.00', '0.00'),
(475, 520, '2.00', '0.00', '0.00', '0', 1, 92, '0.00', '0.00'),
(476, 521, '2.00', '0.00', '0.00', '0', 1, 92, '0.00', '0.00'),
(477, 522, '2.00', '0.00', '0.00', '0', 1, 92, '0.00', '0.00'),
(478, 523, '1.00', '0.00', '0.00', '0', 1, 92, '0.00', '0.00'),
(479, 524, '1.00', '0.00', '0.00', '0', 1, 92, '0.00', '0.00'),
(480, 754, '2.00', '0.00', '0.00', '0', 1, 92, '0.00', '0.00'),
(481, 509, '1.00', '0.00', '0.00', '0', 1, 92, '0.00', '0.00'),
(482, 510, '1.00', '0.00', '0.00', '0', 1, 92, '0.00', '0.00'),
(483, 764, '1.00', '0.00', '0.00', '0', 1, 92, '0.00', '0.00'),
(484, 765, '1.00', '0.00', '0.00', '0', 1, 92, '0.00', '0.00'),
(485, 513, '2.00', '0.00', '0.00', '0', 1, 92, '0.00', '0.00'),
(486, 987, '8.00', '0.00', '0.00', '0', 1, 94, '0.00', '0.00'),
(487, 989, '5.00', '0.00', '0.00', '0', 1, 94, '0.00', '0.00'),
(488, 870, '3.00', '0.00', '0.00', '0', 1, 94, '0.00', '0.00'),
(489, 871, '3.00', '0.00', '0.00', '0', 1, 94, '0.00', '0.00'),
(490, 872, '3.00', '0.00', '0.00', '0', 1, 94, '0.00', '0.00'),
(491, 873, '3.00', '0.00', '0.00', '0', 1, 94, '0.00', '0.00'),
(492, 953, '5.00', '0.00', '0.00', '0', 1, 94, '0.00', '0.00'),
(493, 954, '5.00', '0.00', '0.00', '0', 1, 94, '0.00', '0.00'),
(494, 650, '5.00', '0.00', '0.00', '0', 1, 94, '0.00', '0.00'),
(495, 651, '5.00', '0.00', '0.00', '0', 1, 94, '0.00', '0.00'),
(496, 772, '10.00', '0.00', '0.00', '0', 1, 94, '0.00', '0.00'),
(497, 773, '10.00', '0.00', '0.00', '0', 1, 94, '0.00', '0.00'),
(498, 757, '2.00', '0.00', '0.00', '0', 1, 94, '0.00', '0.00'),
(499, 758, '5.00', '0.00', '0.00', '0', 1, 94, '0.00', '0.00'),
(500, 956, '10.00', '0.00', '0.00', '0', 1, 94, '0.00', '0.00'),
(501, 658, '5.00', '0.00', '0.00', '0', 1, 94, '0.00', '0.00'),
(502, 854, '4.00', '0.00', '0.00', '0', 1, 96, '0.00', '0.00'),
(503, 859, '2.00', '0.00', '0.00', '0', 1, 96, '0.00', '0.00'),
(504, 804, '2.00', '0.00', '0.00', '0', 1, 96, '0.00', '0.00'),
(505, 805, '2.00', '0.00', '0.00', '0', 1, 96, '0.00', '0.00'),
(506, 526, '3.00', '0.00', '0.00', '0', 1, 96, '0.00', '0.00'),
(507, 1024, '3.00', '0.00', '0.00', '0', 1, 96, '0.00', '0.00'),
(508, 740, '5.00', '0.00', '0.00', '0', 1, 96, '0.00', '0.00'),
(509, 709, '3.00', '0.00', '0.00', '0', 1, 96, '0.00', '0.00'),
(510, 711, '3.00', '0.00', '0.00', '0', 1, 96, '0.00', '0.00'),
(511, 633, '30.00', '0.00', '0.00', '0', 1, 98, '0.00', '0.00'),
(512, 634, '30.00', '0.00', '0.00', '0', 1, 98, '0.00', '0.00'),
(513, 637, '8.00', '0.00', '0.00', '0', 1, 98, '0.00', '0.00'),
(514, 638, '8.00', '0.00', '0.00', '0', 1, 98, '0.00', '0.00'),
(515, 635, '2.00', '0.00', '0.00', '0', 1, 98, '0.00', '0.00'),
(516, 636, '2.00', '0.00', '0.00', '0', 1, 98, '0.00', '0.00'),
(517, 1021, '10.00', '0.00', '0.00', '0', 1, 98, '0.00', '0.00'),
(518, 917, '10.00', '0.00', '0.00', '0', 1, 98, '0.00', '0.00'),
(519, 767, '2.00', '0.00', '0.00', '0', 1, 98, '0.00', '0.00'),
(520, 118, '1.00', '0.00', '0.00', '0', 1, 98, '0.00', '0.00'),
(521, 982, '2.00', '0.00', '0.00', '0', 1, 100, '0.00', '0.00'),
(522, 850, '1.00', '0.00', '0.00', '0', 1, 100, '0.00', '0.00'),
(523, 487, '3.00', '0.00', '0.00', '0', 1, 100, '0.00', '0.00'),
(524, 740, '5.00', '0.00', '0.00', '0', 1, 100, '0.00', '0.00'),
(525, 854, '1.00', '0.00', '0.00', '0', 1, 100, '0.00', '0.00'),
(526, 956, '250.00', '0.00', '0.00', '0', 1, 102, '0.00', '0.00'),
(527, 49, '1.00', '0.00', '0.00', '0', 1, 104, '0.00', '0.00'),
(528, 45, '3.00', '0.00', '0.00', '0', 1, 104, '0.00', '0.00'),
(529, 48, '2.00', '0.00', '0.00', '0', 1, 104, '0.00', '0.00'),
(530, 53, '1.00', '0.00', '0.00', '0', 1, 104, '0.00', '0.00'),
(531, 56, '2.00', '0.00', '0.00', '0', 1, 104, '0.00', '0.00'),
(532, 103, '2.00', '0.00', '0.00', '0', 1, 104, '0.00', '0.00'),
(533, 104, '2.00', '0.00', '0.00', '0', 1, 104, '0.00', '0.00'),
(534, 54, '1.00', '0.00', '0.00', '0', 1, 106, '0.00', '0.00'),
(535, 526, '6.00', '0.00', '0.00', '0', 1, 106, '0.00', '0.00'),
(536, 431, '15.00', '0.00', '0.00', '0', 1, 106, '0.00', '0.00'),
(537, 985, '3.00', '0.00', '0.00', '0', 1, 106, '0.00', '0.00'),
(538, 150, '3.00', '0.00', '0.00', '0', 1, 106, '0.00', '0.00');

-- --------------------------------------------------------

--
-- Estructura de tabla para la tabla `empresa`
--

DROP TABLE IF EXISTS `empresa`;
CREATE TABLE IF NOT EXISTS `empresa` (
  `id_empresa` int(11) NOT NULL AUTO_INCREMENT COMMENT 'ID UNICO',
  `nombre_empresa` varchar(150) NOT NULL COMMENT 'NOMBRE EMPRESA',
  `estatus_empresa` int(11) NOT NULL COMMENT 'ESTATUS EMPRESA',
  `dni_empresa` varchar(20) NOT NULL COMMENT 'DNI EMPRESA',
  `ruc_empresa` varchar(11) NOT NULL COMMENT 'RUC EMPRESA',
  `tipopers_empresa` int(11) NOT NULL COMMENT 'TIPO PERSONA',
  `tlf_empresa` varchar(150) NOT NULL COMMENT 'TELEFONO EMPRESA',
  `movil_empresa` varchar(150) DEFAULT NULL COMMENT 'TELEFONO MOVIL EMPRESA',
  `correo_empresa` varchar(70) DEFAULT NULL COMMENT 'CORREO EMPRESA',
  `direcc_empresa` text NOT NULL COMMENT 'DIRECCION EMPRESA',
  PRIMARY KEY (`id_empresa`)
) ENGINE=InnoDB AUTO_INCREMENT=2 DEFAULT CHARSET=latin1;

--
-- Volcado de datos para la tabla `empresa`
--

INSERT INTO `empresa` (`id_empresa`, `nombre_empresa`, `estatus_empresa`, `dni_empresa`, `ruc_empresa`, `tipopers_empresa`, `tlf_empresa`, `movil_empresa`, `correo_empresa`, `direcc_empresa`) VALUES
(1, 'CORPORACION LEOPHARD S.A.C.', 1, '0000000000', '20604954241', 1, '', '969889630 / 996349451', 'leophard.corp@gmail.com', 'Jr. Las Alcaparras N° 467 Urb. Las Flores - S.J.L. ');

-- --------------------------------------------------------

--
-- Estructura de tabla para la tabla `inventario`
--

DROP TABLE IF EXISTS `inventario`;
CREATE TABLE IF NOT EXISTS `inventario` (
  `id_inv` int(11) NOT NULL AUTO_INCREMENT COMMENT 'ID UNICO',
  `tipotrans_inv` int(11) NOT NULL DEFAULT 0 COMMENT 'TIPO TRANSACCION INVENTARIO',
  `fecha_inv` date NOT NULL COMMENT 'FECHA DE CREACION INVENTARIO',
  `fecham_inv` date NOT NULL COMMENT 'FECHA DE MODIFICACION INVENTARIO',
  `prod_inv` int(11) NOT NULL DEFAULT 0 COMMENT 'PRODUCTO INVENTARIO',
  `cantidad_inv` int(11) NOT NULL DEFAULT 0 COMMENT 'CANTIDAD INVENTARIO',
  `orden_inv` int(11) NOT NULL DEFAULT 0 COMMENT 'NUMERO DE ORDEN PEDIDO / COMPRA INVENTARIO',
  `sucursal_inv` int(11) NOT NULL DEFAULT 0 COMMENT 'SUCURSAL INVENTARIO',
  PRIMARY KEY (`id_inv`),
  KEY `sucursal_inv` (`sucursal_inv`)
) ENGINE=InnoDB DEFAULT CHARSET=latin1 COMMENT='GUARDA MOVIMIENTOS DE ALMACEN';

-- --------------------------------------------------------

--
-- Estructura de tabla para la tabla `lista_precios`
--

DROP TABLE IF EXISTS `lista_precios`;
CREATE TABLE IF NOT EXISTS `lista_precios` (
  `id_lista` int(11) NOT NULL AUTO_INCREMENT COMMENT 'ID UNICO',
  `tipo_lista` int(11) NOT NULL DEFAULT 0 COMMENT 'TIPO DE LISTA DE PRECIO',
  `prod_lista` int(11) NOT NULL DEFAULT 0 COMMENT 'PRODUCTO LISTA',
  `precio_lista` decimal(18,2) NOT NULL DEFAULT 0.00 COMMENT 'PRECIO LISTA',
  `sucursal_lista` int(11) NOT NULL DEFAULT 0 COMMENT 'SUCURSAL LISTA',
  `preciod_lista` decimal(18,2) NOT NULL DEFAULT 0.00 COMMENT 'PRECIO DIVISAS LISTA',
  `preciom_lista` decimal(18,2) NOT NULL DEFAULT 0.00 COMMENT 'PRECIO MONEDA LOCAL LISTA',
  `utilidad1_lista` decimal(5,2) NOT NULL DEFAULT 0.00 COMMENT 'UTILIDAD 1 LISTA',
  `utilidad2_lista` decimal(5,2) NOT NULL DEFAULT 0.00 COMMENT 'UTILIDAD 2 LISTA',
  PRIMARY KEY (`id_lista`),
  UNIQUE KEY `lista` (`prod_lista`,`tipo_lista`),
  KEY `tipo_lista` (`tipo_lista`),
  KEY `prod_lista` (`prod_lista`),
  KEY `sucursal_lista` (`sucursal_lista`)
) ENGINE=InnoDB AUTO_INCREMENT=807 DEFAULT CHARSET=latin1 COMMENT='GUARDA LISTAS DE PRECIOS';

--
-- Volcado de datos para la tabla `lista_precios`
--

INSERT INTO `lista_precios` (`id_lista`, `tipo_lista`, `prod_lista`, `precio_lista`, `sucursal_lista`, `preciod_lista`, `preciom_lista`, `utilidad1_lista`, `utilidad2_lista`) VALUES
(2, 1, 1, '70.00', 1, '0.50', '0.00', '0.00', '0.00'),
(3, 1, 2, '60.00', 1, '0.00', '0.00', '0.00', '0.00'),
(4, 1, 3, '21.00', 1, '0.00', '0.00', '0.00', '0.00'),
(5, 1, 4, '52.00', 1, '0.00', '0.00', '0.00', '0.00'),
(6, 1, 5, '60.00', 1, '0.00', '0.00', '0.00', '0.00'),
(7, 1, 6, '35.00', 1, '0.00', '0.00', '0.00', '0.00'),
(8, 1, 7, '58.00', 1, '0.00', '0.00', '0.00', '0.00'),
(9, 1, 8, '40.00', 1, '0.00', '0.00', '0.00', '0.00'),
(10, 1, 9, '140.00', 1, '0.00', '0.00', '0.00', '0.00'),
(11, 1, 10, '40.00', 1, '0.00', '0.00', '0.00', '0.00'),
(12, 1, 11, '25.00', 1, '0.00', '0.00', '0.00', '0.00'),
(13, 1, 12, '25.00', 1, '0.00', '0.00', '0.00', '0.00'),
(14, 1, 13, '41.70', 1, '0.00', '0.00', '0.00', '0.00'),
(15, 1, 14, '45.00', 1, '0.00', '0.00', '0.00', '0.00'),
(16, 1, 15, '17.00', 1, '0.00', '0.00', '0.00', '0.00'),
(17, 1, 16, '34.00', 1, '0.00', '0.00', '0.00', '0.00'),
(18, 1, 17, '56.00', 1, '0.00', '0.00', '0.00', '0.00'),
(19, 1, 18, '79.60', 1, '0.00', '0.00', '0.00', '0.00'),
(20, 1, 21, '64.00', 1, '0.00', '0.00', '0.00', '0.00'),
(21, 1, 22, '32.00', 1, '0.00', '0.00', '0.00', '0.00'),
(22, 1, 23, '16.00', 1, '0.00', '0.00', '0.00', '0.00'),
(23, 1, 24, '16.00', 1, '0.00', '0.00', '0.00', '0.00'),
(24, 1, 25, '36.00', 1, '0.00', '0.00', '0.00', '0.00'),
(25, 1, 26, '45.50', 1, '0.00', '0.00', '0.00', '0.00'),
(26, 1, 27, '43.00', 1, '0.00', '0.00', '0.00', '0.00'),
(27, 1, 28, '50.00', 1, '0.00', '0.00', '0.00', '0.00'),
(28, 1, 29, '40.00', 1, '0.00', '0.00', '0.00', '0.00'),
(29, 1, 30, '110.00', 1, '0.00', '0.00', '0.00', '0.00'),
(30, 1, 31, '95.00', 1, '0.00', '0.00', '0.00', '0.00'),
(31, 1, 32, '58.00', 1, '0.00', '0.00', '0.00', '0.00'),
(32, 1, 33, '29.00', 1, '0.00', '0.00', '0.00', '0.00'),
(33, 1, 34, '29.00', 1, '0.00', '0.00', '0.00', '0.00'),
(34, 1, 35, '50.00', 1, '0.00', '0.00', '0.00', '0.00'),
(35, 1, 36, '42.00', 1, '0.00', '0.00', '0.00', '0.00'),
(36, 1, 37, '40.00', 1, '0.00', '0.00', '0.00', '0.00'),
(37, 1, 38, '70.00', 1, '0.00', '0.00', '0.00', '0.00'),
(38, 1, 39, '90.00', 1, '0.00', '0.00', '0.00', '0.00'),
(39, 1, 40, '130.00', 1, '0.00', '0.00', '0.00', '0.00'),
(40, 1, 41, '90.00', 1, '0.00', '0.00', '0.00', '0.00'),
(41, 1, 42, '29.00', 1, '0.00', '0.00', '0.00', '0.00'),
(42, 1, 43, '29.00', 1, '0.00', '0.00', '0.00', '0.00'),
(43, 1, 44, '118.50', 1, '0.00', '0.00', '0.00', '0.00'),
(44, 1, 45, '63.00', 1, '0.00', '0.00', '0.00', '0.00'),
(45, 1, 46, '90.40', 1, '0.00', '0.00', '0.00', '0.00'),
(46, 1, 47, '55.00', 1, '0.00', '0.00', '0.00', '0.00'),
(47, 1, 48, '75.00', 1, '0.00', '0.00', '0.00', '0.00'),
(48, 1, 49, '90.00', 1, '0.00', '0.00', '0.00', '0.00'),
(49, 1, 50, '38.00', 1, '0.00', '0.00', '0.00', '0.00'),
(50, 1, 51, '38.00', 1, '0.00', '0.00', '0.00', '0.00'),
(51, 1, 52, '98.00', 1, '0.00', '0.00', '0.00', '0.00'),
(52, 1, 53, '85.00', 1, '0.00', '0.00', '0.00', '0.00'),
(53, 1, 54, '70.00', 1, '0.00', '0.00', '0.00', '0.00'),
(54, 1, 55, '65.00', 1, '0.00', '0.00', '0.00', '0.00'),
(55, 1, 56, '40.00', 1, '0.00', '0.00', '0.00', '0.00'),
(56, 1, 57, '48.00', 1, '0.00', '0.00', '0.00', '0.00'),
(57, 1, 58, '96.00', 1, '0.00', '0.00', '0.00', '0.00'),
(58, 1, 59, '102.00', 1, '0.00', '0.00', '0.00', '0.00'),
(59, 1, 60, '60.00', 1, '0.00', '0.00', '0.00', '0.00'),
(60, 1, 61, '30.00', 1, '0.00', '0.00', '0.00', '0.00'),
(61, 1, 62, '30.00', 1, '0.00', '0.00', '0.00', '0.00'),
(62, 1, 63, '60.00', 1, '0.00', '0.00', '0.00', '0.00'),
(63, 1, 64, '52.00', 1, '0.00', '0.00', '0.00', '0.00'),
(64, 1, 65, '100.00', 1, '0.00', '0.00', '0.00', '0.00'),
(65, 1, 66, '120.00', 1, '0.00', '0.00', '0.00', '0.00'),
(66, 1, 67, '62.00', 1, '0.00', '0.00', '0.00', '0.00'),
(67, 1, 68, '60.00', 1, '0.00', '0.00', '0.00', '0.00'),
(68, 1, 69, '130.00', 1, '0.00', '0.00', '0.00', '0.00'),
(69, 1, 71, '90.00', 1, '0.00', '0.00', '0.00', '0.00'),
(70, 1, 72, '150.00', 1, '0.00', '0.00', '0.00', '0.00'),
(71, 1, 73, '58.00', 1, '0.00', '0.00', '0.00', '0.00'),
(72, 1, 74, '73.50', 1, '0.00', '0.00', '0.00', '0.00'),
(73, 1, 75, '95.55', 1, '0.00', '0.00', '0.00', '0.00'),
(74, 1, 76, '116.00', 1, '0.00', '0.00', '0.00', '0.00'),
(75, 1, 77, '141.00', 1, '0.00', '0.00', '0.00', '0.00'),
(76, 1, 78, '125.00', 1, '0.00', '0.00', '0.00', '0.00'),
(77, 1, 79, '80.00', 1, '0.00', '0.00', '0.00', '0.00'),
(78, 1, 80, '80.00', 1, '0.00', '0.00', '0.00', '0.00'),
(79, 1, 81, '150.00', 1, '0.00', '0.00', '0.00', '0.00'),
(80, 1, 82, '60.00', 1, '0.00', '0.00', '0.00', '0.00'),
(81, 1, 83, '86.00', 1, '0.00', '0.00', '0.00', '0.00'),
(82, 1, 84, '86.00', 1, '0.00', '0.00', '0.00', '0.00'),
(83, 1, 85, '41.70', 1, '0.00', '0.00', '0.00', '0.00'),
(84, 1, 86, '70.80', 1, '0.00', '0.00', '0.00', '0.00'),
(85, 1, 87, '138.80', 1, '0.00', '0.00', '0.00', '0.00'),
(86, 1, 88, '99.50', 1, '0.00', '0.00', '0.00', '0.00'),
(87, 1, 89, '124.70', 1, '0.00', '0.00', '0.00', '0.00'),
(88, 1, 90, '130.80', 1, '0.00', '0.00', '0.00', '0.00'),
(89, 1, 91, '86.80', 1, '0.00', '0.00', '0.00', '0.00'),
(90, 1, 92, '24.00', 1, '0.00', '0.00', '0.00', '0.00'),
(91, 1, 93, '80.00', 1, '0.00', '0.00', '0.00', '0.00'),
(92, 1, 94, '105.60', 1, '0.00', '0.00', '0.00', '0.00'),
(93, 1, 95, '84.00', 1, '0.00', '0.00', '0.00', '0.00'),
(94, 1, 96, '111.00', 1, '0.00', '0.00', '0.00', '0.00'),
(95, 1, 97, '35.00', 1, '0.00', '0.00', '0.00', '0.00'),
(96, 1, 98, '109.20', 1, '0.00', '0.00', '0.00', '0.00'),
(97, 1, 99, '47.50', 1, '0.00', '0.00', '0.00', '0.00'),
(98, 1, 100, '109.20', 1, '0.00', '0.00', '0.00', '0.00'),
(99, 1, 101, '126.50', 1, '0.00', '0.00', '0.00', '0.00'),
(100, 1, 102, '55.00', 1, '0.00', '0.00', '0.00', '0.00'),
(101, 1, 103, '25.00', 1, '0.00', '0.00', '0.00', '0.00'),
(102, 1, 104, '25.00', 1, '0.00', '0.00', '0.00', '0.00'),
(103, 1, 105, '70.00', 1, '0.00', '0.00', '0.00', '0.00'),
(104, 1, 106, '70.00', 1, '0.00', '0.00', '0.00', '0.00'),
(105, 1, 107, '103.40', 1, '0.00', '0.00', '0.00', '0.00'),
(106, 1, 108, '67.00', 1, '0.00', '0.00', '0.00', '0.00'),
(107, 1, 109, '145.30', 1, '0.00', '0.00', '0.00', '0.00'),
(108, 1, 110, '123.30', 1, '0.00', '0.00', '0.00', '0.00'),
(109, 1, 111, '136.60', 1, '0.00', '0.00', '0.00', '0.00'),
(110, 1, 112, '58.60', 1, '0.00', '0.00', '0.00', '0.00'),
(111, 1, 113, '108.50', 1, '0.00', '0.00', '0.00', '0.00'),
(112, 1, 114, '145.30', 1, '0.00', '0.00', '0.00', '0.00'),
(113, 1, 115, '103.40', 1, '0.00', '0.00', '0.00', '0.00'),
(114, 1, 116, '94.70', 1, '0.00', '0.00', '0.00', '0.00'),
(115, 1, 117, '70.00', 1, '0.00', '0.00', '0.00', '0.00'),
(116, 1, 118, '48.00', 1, '0.00', '0.00', '0.00', '0.00'),
(117, 1, 120, '118.20', 1, '0.00', '0.00', '0.00', '0.00'),
(118, 1, 122, '85.00', 1, '0.00', '0.00', '0.00', '0.00'),
(119, 1, 123, '60.00', 1, '0.00', '0.00', '0.00', '0.00'),
(120, 1, 124, '18.00', 1, '0.00', '0.00', '0.00', '0.00'),
(121, 1, 125, '18.00', 1, '0.00', '0.00', '0.00', '0.00'),
(122, 1, 126, '75.00', 1, '0.00', '0.00', '0.00', '0.00'),
(123, 1, 127, '85.00', 1, '0.00', '0.00', '0.00', '0.00'),
(124, 1, 128, '118.50', 1, '0.00', '0.00', '0.00', '0.00'),
(125, 1, 129, '85.00', 1, '0.00', '0.00', '0.00', '0.00'),
(126, 1, 130, '123.00', 1, '0.00', '0.00', '0.00', '0.00'),
(127, 1, 131, '85.00', 1, '0.00', '0.00', '0.00', '0.00'),
(128, 1, 132, '133.80', 1, '0.00', '0.00', '0.00', '0.00'),
(129, 1, 133, '90.00', 1, '0.00', '0.00', '0.00', '0.00'),
(130, 1, 134, '98.00', 1, '0.00', '0.00', '0.00', '0.00'),
(131, 1, 135, '110.50', 1, '0.00', '0.00', '0.00', '0.00'),
(132, 1, 136, '23.00', 1, '0.00', '0.00', '0.00', '0.00'),
(133, 1, 137, '56.00', 1, '0.00', '0.00', '0.00', '0.00'),
(134, 1, 138, '109.00', 1, '0.00', '0.00', '0.00', '0.00'),
(135, 1, 139, '147.00', 1, '0.00', '0.00', '0.00', '0.00'),
(136, 1, 140, '44.00', 1, '0.00', '0.00', '0.00', '0.00'),
(137, 1, 141, '91.00', 1, '0.00', '0.00', '0.00', '0.00'),
(138, 1, 142, '80.00', 1, '0.00', '0.00', '0.00', '0.00'),
(139, 1, 143, '90.00', 1, '0.00', '0.00', '0.00', '0.00'),
(140, 1, 144, '108.50', 1, '0.00', '0.00', '0.00', '0.00'),
(141, 1, 145, '48.00', 1, '0.00', '0.00', '0.00', '0.00'),
(142, 1, 146, '103.80', 1, '0.00', '0.00', '0.00', '0.00'),
(143, 1, 147, '93.00', 1, '0.00', '0.00', '0.00', '0.00'),
(144, 1, 148, '46.00', 1, '0.00', '0.00', '0.00', '0.00'),
(145, 1, 149, '106.00', 1, '0.00', '0.00', '0.00', '0.00'),
(146, 1, 150, '113.00', 1, '0.00', '0.00', '0.00', '0.00'),
(147, 1, 151, '13.00', 1, '0.00', '0.00', '0.00', '0.00'),
(148, 1, 152, '13.00', 1, '0.00', '0.00', '0.00', '0.00'),
(149, 1, 153, '30.00', 1, '0.00', '0.00', '0.00', '0.00'),
(150, 1, 154, '30.00', 1, '0.00', '0.00', '0.00', '0.00'),
(151, 1, 155, '50.00', 1, '0.00', '0.00', '0.00', '0.00'),
(152, 1, 156, '50.00', 1, '0.00', '0.00', '0.00', '0.00'),
(153, 1, 157, '130.00', 1, '0.00', '0.00', '0.00', '0.00'),
(154, 1, 158, '134.50', 1, '0.00', '0.00', '0.00', '0.00'),
(155, 1, 159, '120.00', 1, '0.00', '0.00', '0.00', '0.00'),
(156, 1, 160, '140.00', 1, '0.00', '0.00', '0.00', '0.00'),
(157, 1, 161, '120.50', 1, '0.00', '0.00', '0.00', '0.00'),
(158, 1, 162, '75.00', 1, '0.00', '0.00', '0.00', '0.00'),
(159, 1, 163, '120.00', 1, '0.00', '0.00', '0.00', '0.00'),
(160, 1, 164, '92.00', 1, '0.00', '0.00', '0.00', '0.00'),
(161, 1, 165, '63.00', 1, '0.00', '0.00', '0.00', '0.00'),
(162, 1, 166, '22.50', 1, '0.00', '0.00', '0.00', '0.00'),
(163, 1, 167, '22.50', 1, '0.00', '0.00', '0.00', '0.00'),
(164, 1, 168, '145.20', 1, '0.00', '0.00', '0.00', '0.00'),
(165, 1, 169, '109.50', 1, '0.00', '0.00', '0.00', '0.00'),
(166, 1, 170, '138.00', 1, '0.00', '0.00', '0.00', '0.00'),
(167, 1, 171, '60.00', 1, '0.00', '0.00', '0.00', '0.00'),
(168, 1, 172, '40.00', 1, '0.00', '0.00', '0.00', '0.00'),
(169, 2, 42, '30.00', 0, '0.00', '0.00', '0.00', '0.00'),
(170, 1, 629, '15.50', 1, '0.00', '0.00', '0.00', '0.00'),
(171, 1, 630, '15.50', 1, '0.00', '0.00', '0.00', '0.00'),
(172, 1, 631, '15.50', 1, '0.00', '0.00', '0.00', '0.00'),
(173, 1, 632, '15.50', 1, '0.00', '0.00', '0.00', '0.00'),
(174, 1, 430, '6.20', 1, '0.00', '0.00', '0.00', '0.00'),
(175, 1, 612, '10.00', 1, '0.00', '0.00', '0.00', '0.00'),
(176, 1, 621, '4.00', 1, '0.00', '0.00', '0.00', '0.00'),
(177, 1, 624, '2.00', 1, '0.00', '0.00', '0.00', '0.00'),
(178, 1, 550, '2.50', 1, '0.00', '0.00', '0.00', '0.00'),
(179, 1, 583, '2.00', 1, '0.00', '0.00', '0.00', '0.00'),
(180, 1, 584, '6.00', 1, '0.00', '0.00', '0.00', '0.00'),
(181, 1, 443, '6.00', 1, '0.00', '0.00', '0.00', '0.00'),
(182, 1, 444, '6.00', 1, '0.00', '0.00', '0.00', '0.00'),
(183, 1, 449, '9.00', 1, '0.00', '0.00', '0.00', '0.00'),
(184, 1, 450, '9.00', 1, '0.00', '0.00', '0.00', '0.00'),
(185, 1, 622, '3.00', 1, '0.00', '0.00', '0.00', '0.00'),
(186, 1, 623, '3.00', 1, '0.00', '0.00', '0.00', '0.00'),
(187, 1, 525, '25.00', 1, '0.00', '0.00', '0.00', '0.00'),
(188, 1, 526, '25.00', 1, '0.00', '0.00', '0.00', '0.00'),
(189, 1, 527, '25.00', 1, '0.00', '0.00', '0.00', '0.00'),
(190, 1, 528, '18.00', 1, '0.00', '0.00', '0.00', '0.00'),
(191, 1, 529, '18.00', 1, '0.00', '0.00', '0.00', '0.00'),
(192, 1, 530, '18.00', 1, '0.00', '0.00', '0.00', '0.00'),
(193, 1, 685, '4.00', 1, '0.00', '0.00', '0.00', '0.00'),
(194, 1, 625, '23.00', 1, '0.00', '0.00', '0.00', '0.00'),
(195, 1, 626, '23.00', 1, '0.00', '0.00', '0.00', '0.00'),
(196, 1, 455, '24.00', 1, '0.00', '0.00', '0.00', '0.00'),
(197, 1, 456, '24.00', 1, '0.00', '0.00', '0.00', '0.00'),
(198, 1, 687, '4.00', 1, '0.00', '0.00', '0.00', '0.00'),
(199, 1, 640, '37.50', 1, '0.00', '0.00', '0.00', '0.00'),
(200, 1, 682, '5.00', 1, '0.00', '0.00', '0.00', '0.00'),
(201, 1, 683, '5.00', 1, '0.00', '0.00', '0.00', '0.00'),
(202, 1, 641, '37.50', 1, '0.00', '0.00', '0.00', '0.00'),
(203, 1, 537, '3.00', 1, '0.00', '0.00', '0.00', '0.00'),
(204, 1, 538, '3.00', 1, '0.00', '0.00', '0.00', '0.00'),
(205, 1, 559, '18.00', 1, '0.00', '0.00', '0.00', '0.00'),
(206, 1, 560, '18.00', 1, '0.00', '0.00', '0.00', '0.00'),
(207, 1, 463, '15.00', 1, '0.00', '0.00', '0.00', '0.00'),
(208, 1, 464, '15.00', 1, '0.00', '0.00', '0.00', '0.00'),
(209, 1, 467, '15.00', 1, '0.00', '0.00', '0.00', '0.00'),
(210, 1, 468, '15.00', 1, '0.00', '0.00', '0.00', '0.00'),
(211, 1, 465, '11.00', 1, '0.00', '0.00', '0.00', '0.00'),
(212, 1, 466, '11.00', 1, '0.00', '0.00', '0.00', '0.00'),
(213, 1, 469, '33.00', 1, '0.00', '0.00', '0.00', '0.00'),
(214, 1, 470, '33.00', 1, '0.00', '0.00', '0.00', '0.00'),
(215, 1, 471, '33.00', 1, '0.00', '0.00', '0.00', '0.00'),
(216, 1, 472, '33.00', 1, '0.00', '0.00', '0.00', '0.00'),
(217, 1, 546, '21.00', 1, '0.00', '0.00', '0.00', '0.00'),
(218, 1, 547, '21.00', 1, '0.00', '0.00', '0.00', '0.00'),
(219, 1, 548, '21.00', 1, '0.00', '0.00', '0.00', '0.00'),
(220, 1, 549, '21.00', 1, '0.00', '0.00', '0.00', '0.00'),
(221, 1, 486, '12.00', 1, '0.00', '0.00', '0.00', '0.00'),
(222, 1, 487, '12.00', 1, '0.00', '0.00', '0.00', '0.00'),
(223, 1, 494, '63.00', 1, '0.00', '0.00', '0.00', '0.00'),
(224, 1, 495, '63.00', 1, '0.00', '0.00', '0.00', '0.00'),
(225, 1, 496, '63.00', 1, '0.00', '0.00', '0.00', '0.00'),
(226, 1, 497, '63.00', 1, '0.00', '0.00', '0.00', '0.00'),
(227, 1, 461, '9.00', 1, '0.00', '0.00', '0.00', '0.00'),
(228, 1, 462, '9.00', 1, '0.00', '0.00', '0.00', '0.00'),
(229, 1, 473, '31.50', 1, '0.00', '0.00', '0.00', '0.00'),
(230, 1, 474, '31.50', 1, '0.00', '0.00', '0.00', '0.00'),
(231, 1, 627, '4.00', 1, '0.00', '0.00', '0.00', '0.00'),
(232, 1, 628, '4.00', 1, '0.00', '0.00', '0.00', '0.00'),
(233, 1, 475, '31.50', 1, '0.00', '0.00', '0.00', '0.00'),
(234, 1, 476, '31.50', 1, '0.00', '0.00', '0.00', '0.00'),
(235, 1, 483, '40.00', 1, '0.00', '0.00', '0.00', '0.00'),
(236, 1, 484, '22.00', 1, '0.00', '0.00', '0.00', '0.00'),
(237, 1, 613, '23.50', 1, '0.00', '0.00', '0.00', '0.00'),
(238, 1, 614, '23.50', 1, '0.00', '0.00', '0.00', '0.00'),
(239, 1, 481, '71.50', 1, '0.00', '0.00', '0.00', '0.00'),
(240, 1, 482, '71.50', 1, '0.00', '0.00', '0.00', '0.00'),
(241, 1, 552, '8.00', 1, '0.00', '0.00', '0.00', '0.00'),
(242, 1, 498, '12.00', 1, '0.00', '0.00', '0.00', '0.00'),
(243, 1, 499, '12.00', 1, '0.00', '0.00', '0.00', '0.00'),
(244, 1, 506, '9.00', 1, '0.00', '0.00', '0.00', '0.00'),
(245, 1, 507, '9.00', 1, '0.00', '0.00', '0.00', '0.00'),
(246, 1, 509, '30.00', 1, '0.00', '0.00', '0.00', '0.00'),
(247, 1, 510, '30.00', 1, '0.00', '0.00', '0.00', '0.00'),
(248, 1, 513, '20.00', 1, '0.00', '0.00', '0.00', '0.00'),
(249, 1, 633, '4.00', 1, '0.00', '0.00', '0.00', '0.00'),
(250, 1, 634, '4.00', 1, '0.00', '0.00', '0.00', '0.00'),
(251, 1, 597, '9.20', 1, '0.00', '0.00', '0.00', '0.00'),
(252, 1, 598, '9.20', 1, '0.00', '0.00', '0.00', '0.00'),
(253, 1, 595, '9.20', 1, '0.00', '0.00', '0.00', '0.00'),
(254, 1, 596, '9.20', 1, '0.00', '0.00', '0.00', '0.00'),
(255, 1, 605, '12.50', 1, '0.00', '0.00', '0.00', '0.00'),
(256, 1, 606, '12.50', 1, '0.00', '0.00', '0.00', '0.00'),
(257, 1, 642, '6.00', 1, '0.00', '0.00', '0.00', '0.00'),
(258, 1, 643, '6.00', 1, '0.00', '0.00', '0.00', '0.00'),
(259, 1, 648, '8.50', 1, '0.00', '0.00', '0.00', '0.00'),
(260, 1, 649, '8.50', 1, '0.00', '0.00', '0.00', '0.00'),
(261, 1, 567, '13.00', 1, '0.00', '0.00', '0.00', '0.00'),
(262, 1, 568, '13.00', 1, '0.00', '0.00', '0.00', '0.00'),
(263, 1, 569, '5.70', 1, '0.00', '0.00', '0.00', '0.00'),
(264, 1, 570, '5.70', 1, '0.00', '0.00', '0.00', '0.00'),
(265, 1, 571, '5.70', 1, '0.00', '0.00', '0.00', '0.00'),
(266, 1, 572, '5.70', 1, '0.00', '0.00', '0.00', '0.00'),
(267, 1, 557, '3.70', 1, '0.00', '0.00', '0.00', '0.00'),
(268, 1, 558, '3.70', 1, '0.00', '0.00', '0.00', '0.00'),
(269, 1, 553, '10.50', 1, '0.00', '0.00', '0.00', '0.00'),
(270, 1, 554, '10.50', 1, '0.00', '0.00', '0.00', '0.00'),
(271, 1, 561, '18.00', 1, '0.00', '0.00', '0.00', '0.00'),
(272, 1, 562, '18.00', 1, '0.00', '0.00', '0.00', '0.00'),
(273, 1, 563, '3.90', 1, '0.00', '0.00', '0.00', '0.00'),
(274, 1, 564, '3.90', 1, '0.00', '0.00', '0.00', '0.00'),
(275, 1, 680, '3.00', 1, '0.00', '0.00', '0.00', '0.00'),
(276, 1, 681, '3.00', 1, '0.00', '0.00', '0.00', '0.00'),
(277, 1, 514, '12.00', 1, '0.00', '0.00', '0.00', '0.00'),
(278, 1, 515, '12.00', 1, '0.00', '0.00', '0.00', '0.00'),
(279, 1, 607, '46.00', 1, '0.00', '0.00', '0.00', '0.00'),
(280, 1, 585, '50.00', 1, '0.00', '0.00', '0.00', '0.00'),
(281, 1, 586, '50.00', 1, '0.00', '0.00', '0.00', '0.00'),
(282, 1, 445, '15.00', 1, '0.00', '0.00', '0.00', '0.00'),
(283, 1, 447, '15.00', 1, '0.00', '0.00', '0.00', '0.00'),
(284, 1, 448, '15.00', 1, '0.00', '0.00', '0.00', '0.00'),
(285, 1, 446, '15.00', 1, '0.00', '0.00', '0.00', '0.00'),
(286, 1, 451, '10.00', 1, '0.00', '0.00', '0.00', '0.00'),
(287, 1, 452, '10.00', 1, '0.00', '0.00', '0.00', '0.00'),
(288, 1, 453, '10.00', 1, '0.00', '0.00', '0.00', '0.00'),
(289, 1, 454, '10.00', 1, '0.00', '0.00', '0.00', '0.00'),
(290, 1, 428, '7.00', 1, '0.00', '0.00', '0.00', '0.00'),
(291, 1, 429, '7.00', 1, '0.00', '0.00', '0.00', '0.00'),
(292, 1, 531, '30.00', 1, '0.00', '0.00', '0.00', '0.00'),
(293, 1, 532, '30.00', 1, '0.00', '0.00', '0.00', '0.00'),
(294, 1, 533, '30.00', 1, '0.00', '0.00', '0.00', '0.00'),
(295, 1, 534, '30.00', 1, '0.00', '0.00', '0.00', '0.00'),
(296, 1, 650, '10.00', 1, '0.00', '0.00', '0.00', '0.00'),
(297, 1, 651, '10.00', 1, '0.00', '0.00', '0.00', '0.00'),
(298, 1, 588, '12.00', 1, '0.00', '0.00', '0.00', '0.00'),
(299, 1, 431, '12.00', 1, '0.00', '0.00', '0.00', '0.00'),
(300, 1, 432, '13.00', 1, '0.00', '0.00', '0.00', '0.00'),
(301, 1, 433, '13.00', 1, '0.00', '0.00', '0.00', '0.00'),
(302, 1, 434, '13.00', 1, '0.00', '0.00', '0.00', '0.00'),
(303, 1, 435, '13.00', 1, '0.00', '0.00', '0.00', '0.00'),
(304, 1, 439, '3.00', 1, '0.00', '0.00', '0.00', '0.00'),
(305, 1, 440, '3.00', 1, '0.00', '0.00', '0.00', '0.00'),
(306, 1, 441, '3.00', 1, '0.00', '0.00', '0.00', '0.00'),
(307, 1, 442, '3.00', 1, '0.00', '0.00', '0.00', '0.00'),
(308, 1, 652, '13.00', 1, '0.00', '0.00', '0.00', '0.00'),
(309, 1, 653, '13.00', 1, '0.00', '0.00', '0.00', '0.00'),
(310, 1, 654, '15.70', 1, '0.00', '0.00', '0.00', '0.00'),
(311, 1, 655, '15.70', 1, '0.00', '0.00', '0.00', '0.00'),
(312, 1, 656, '15.70', 1, '0.00', '0.00', '0.00', '0.00'),
(313, 1, 657, '15.70', 1, '0.00', '0.00', '0.00', '0.00'),
(314, 1, 457, '36.00', 1, '0.00', '0.00', '0.00', '0.00'),
(315, 1, 458, '36.00', 1, '0.00', '0.00', '0.00', '0.00'),
(316, 1, 676, '18.50', 1, '0.00', '0.00', '0.00', '0.00'),
(317, 1, 677, '18.50', 1, '0.00', '0.00', '0.00', '0.00'),
(318, 1, 678, '18.50', 1, '0.00', '0.00', '0.00', '0.00'),
(319, 1, 679, '18.50', 1, '0.00', '0.00', '0.00', '0.00'),
(320, 1, 589, '11.00', 1, '0.00', '0.00', '0.00', '0.00'),
(321, 1, 590, '11.00', 1, '0.00', '0.00', '0.00', '0.00'),
(322, 1, 591, '14.00', 1, '0.00', '0.00', '0.00', '0.00'),
(323, 1, 592, '14.00', 1, '0.00', '0.00', '0.00', '0.00'),
(324, 1, 674, '17.00', 1, '0.00', '0.00', '0.00', '0.00'),
(325, 1, 593, '15.00', 1, '0.00', '0.00', '0.00', '0.00'),
(326, 1, 594, '15.00', 1, '0.00', '0.00', '0.00', '0.00'),
(327, 1, 565, '78.00', 1, '0.00', '0.00', '0.00', '0.00'),
(328, 1, 566, '78.00', 1, '0.00', '0.00', '0.00', '0.00'),
(329, 1, 635, '13.00', 1, '0.00', '0.00', '0.00', '0.00'),
(330, 1, 636, '13.00', 1, '0.00', '0.00', '0.00', '0.00'),
(331, 1, 637, '13.00', 1, '0.00', '0.00', '0.00', '0.00'),
(332, 1, 638, '13.00', 1, '0.00', '0.00', '0.00', '0.00'),
(333, 1, 603, '8.00', 1, '0.00', '0.00', '0.00', '0.00'),
(334, 1, 604, '8.00', 1, '0.00', '0.00', '0.00', '0.00'),
(335, 1, 659, '22.00', 1, '0.00', '0.00', '0.00', '0.00'),
(336, 1, 660, '22.00', 1, '0.00', '0.00', '0.00', '0.00'),
(337, 1, 661, '22.00', 1, '0.00', '0.00', '0.00', '0.00'),
(338, 1, 599, '14.00', 1, '0.00', '0.00', '0.00', '0.00'),
(339, 1, 600, '14.00', 1, '0.00', '0.00', '0.00', '0.00'),
(340, 1, 644, '20.00', 1, '0.00', '0.00', '0.00', '0.00'),
(341, 1, 645, '20.00', 1, '0.00', '0.00', '0.00', '0.00'),
(342, 1, 646, '22.00', 1, '0.00', '0.00', '0.00', '0.00'),
(343, 1, 647, '22.00', 1, '0.00', '0.00', '0.00', '0.00'),
(344, 1, 664, '7.50', 1, '0.00', '0.00', '0.00', '0.00'),
(345, 1, 665, '7.50', 1, '0.00', '0.00', '0.00', '0.00'),
(346, 1, 666, '7.50', 1, '0.00', '0.00', '0.00', '0.00'),
(347, 1, 667, '7.50', 1, '0.00', '0.00', '0.00', '0.00'),
(348, 1, 658, '13.00', 1, '0.00', '0.00', '0.00', '0.00'),
(349, 1, 573, '19.50', 1, '0.00', '0.00', '0.00', '0.00'),
(350, 1, 574, '19.50', 1, '0.00', '0.00', '0.00', '0.00'),
(351, 1, 577, '19.50', 1, '0.00', '0.00', '0.00', '0.00'),
(352, 1, 578, '19.50', 1, '0.00', '0.00', '0.00', '0.00'),
(353, 1, 579, '41.00', 1, '0.00', '0.00', '0.00', '0.00'),
(354, 1, 580, '41.00', 1, '0.00', '0.00', '0.00', '0.00'),
(355, 1, 582, '78.00', 1, '0.00', '0.00', '0.00', '0.00'),
(356, 1, 575, '40.00', 1, '0.00', '0.00', '0.00', '0.00'),
(357, 1, 576, '40.00', 1, '0.00', '0.00', '0.00', '0.00'),
(358, 1, 581, '46.50', 1, '0.00', '0.00', '0.00', '0.00'),
(359, 1, 639, '18.00', 1, '0.00', '0.00', '0.00', '0.00'),
(360, 1, 668, '64.00', 1, '0.00', '0.00', '0.00', '0.00'),
(361, 1, 670, '29.00', 1, '0.00', '0.00', '0.00', '0.00'),
(362, 1, 669, '32.00', 1, '0.00', '0.00', '0.00', '0.00'),
(363, 1, 671, '30.00', 1, '0.00', '0.00', '0.00', '0.00'),
(364, 1, 555, '18.00', 1, '0.00', '0.00', '0.00', '0.00'),
(365, 1, 556, '18.00', 1, '0.00', '0.00', '0.00', '0.00'),
(366, 1, 500, '10.00', 1, '0.00', '0.00', '0.00', '0.00'),
(367, 1, 501, '10.00', 1, '0.00', '0.00', '0.00', '0.00'),
(368, 1, 539, '23.00', 1, '0.00', '0.00', '0.00', '0.00'),
(369, 1, 540, '23.00', 1, '0.00', '0.00', '0.00', '0.00'),
(370, 1, 541, '23.00', 1, '0.00', '0.00', '0.00', '0.00'),
(371, 1, 542, '15.00', 1, '0.00', '0.00', '0.00', '0.00'),
(372, 1, 543, '15.00', 1, '0.00', '0.00', '0.00', '0.00'),
(373, 1, 544, '15.00', 1, '0.00', '0.00', '0.00', '0.00'),
(374, 1, 545, '15.00', 1, '0.00', '0.00', '0.00', '0.00'),
(375, 1, 459, '14.00', 1, '0.00', '0.00', '0.00', '0.00'),
(376, 1, 460, '14.00', 1, '0.00', '0.00', '0.00', '0.00'),
(377, 1, 601, '23.50', 1, '0.00', '0.00', '0.00', '0.00'),
(378, 1, 602, '23.50', 1, '0.00', '0.00', '0.00', '0.00'),
(379, 1, 516, '15.00', 1, '0.00', '0.00', '0.00', '0.00'),
(380, 1, 517, '15.00', 1, '0.00', '0.00', '0.00', '0.00'),
(381, 1, 518, '15.00', 1, '0.00', '0.00', '0.00', '0.00'),
(382, 1, 519, '15.00', 1, '0.00', '0.00', '0.00', '0.00'),
(383, 1, 608, '46.50', 1, '0.00', '0.00', '0.00', '0.00'),
(384, 1, 609, '46.50', 1, '0.00', '0.00', '0.00', '0.00'),
(385, 1, 615, '9.00', 1, '0.00', '0.00', '0.00', '0.00'),
(386, 1, 616, '9.00', 1, '0.00', '0.00', '0.00', '0.00'),
(387, 1, 520, '28.00', 1, '0.00', '0.00', '0.00', '0.00'),
(388, 1, 521, '28.00', 1, '0.00', '0.00', '0.00', '0.00'),
(389, 1, 522, '28.00', 1, '0.00', '0.00', '0.00', '0.00'),
(390, 1, 523, '40.00', 1, '0.00', '0.00', '0.00', '0.00'),
(391, 1, 524, '40.00', 1, '0.00', '0.00', '0.00', '0.00'),
(392, 1, 663, '25.00', 1, '0.00', '0.00', '0.00', '0.00'),
(393, 1, 662, '25.00', 1, '0.00', '0.00', '0.00', '0.00'),
(394, 1, 436, '15.00', 1, '0.00', '0.00', '0.00', '0.00'),
(395, 1, 437, '15.00', 1, '0.00', '0.00', '0.00', '0.00'),
(396, 1, 438, '15.00', 1, '0.00', '0.00', '0.00', '0.00'),
(397, 1, 488, '39.00', 1, '0.00', '0.00', '0.00', '0.00'),
(398, 1, 489, '39.00', 1, '0.00', '0.00', '0.00', '0.00'),
(399, 1, 490, '39.00', 1, '0.00', '0.00', '0.00', '0.00'),
(400, 1, 491, '39.00', 1, '0.00', '0.00', '0.00', '0.00'),
(401, 1, 492, '78.00', 1, '0.00', '0.00', '0.00', '0.00'),
(402, 1, 493, '78.00', 1, '0.00', '0.00', '0.00', '0.00'),
(403, 1, 479, '52.50', 1, '0.00', '0.00', '0.00', '0.00'),
(404, 1, 480, '52.50', 1, '0.00', '0.00', '0.00', '0.00'),
(405, 1, 477, '52.50', 1, '0.00', '0.00', '0.00', '0.00'),
(406, 1, 478, '52.50', 1, '0.00', '0.00', '0.00', '0.00'),
(407, 1, 485, '29.50', 1, '0.00', '0.00', '0.00', '0.00'),
(408, 1, 502, '15.50', 1, '0.00', '0.00', '0.00', '0.00'),
(409, 1, 503, '15.50', 1, '0.00', '0.00', '0.00', '0.00'),
(410, 1, 504, '20.50', 1, '0.00', '0.00', '0.00', '0.00'),
(411, 1, 505, '20.50', 1, '0.00', '0.00', '0.00', '0.00'),
(412, 1, 508, '19.00', 1, '0.00', '0.00', '0.00', '0.00'),
(413, 1, 512, '30.00', 1, '0.00', '0.00', '0.00', '0.00'),
(414, 1, 511, '38.00', 1, '0.00', '0.00', '0.00', '0.00'),
(415, 1, 617, '25.00', 1, '0.00', '0.00', '0.00', '0.00'),
(416, 1, 618, '25.00', 1, '0.00', '0.00', '0.00', '0.00'),
(417, 1, 619, '25.00', 1, '0.00', '0.00', '0.00', '0.00'),
(418, 1, 620, '25.00', 1, '0.00', '0.00', '0.00', '0.00'),
(419, 1, 610, '46.00', 1, '0.00', '0.00', '0.00', '0.00'),
(420, 1, 611, '46.00', 1, '0.00', '0.00', '0.00', '0.00'),
(421, 1, 587, '27.00', 1, '0.00', '0.00', '0.00', '0.00'),
(422, 1, 535, '25.00', 1, '0.00', '0.00', '0.00', '0.00'),
(423, 1, 536, '25.00', 1, '0.00', '0.00', '0.00', '0.00'),
(424, 1, 686, '4.00', 1, '0.00', '0.00', '0.00', '0.00'),
(425, 1, 684, '7.00', 1, '0.00', '0.00', '0.00', '0.00'),
(426, 1, 551, '7.00', 1, '0.00', '0.00', '0.00', '0.00'),
(427, 1, 672, '120.00', 1, '0.00', '0.00', '0.00', '0.00'),
(428, 1, 673, '120.00', 1, '0.00', '0.00', '0.00', '0.00'),
(429, 1, 675, '12.00', 1, '0.00', '0.00', '0.00', '0.00'),
(430, 1, 688, '5.00', 1, '0.00', '0.00', '0.00', '0.00'),
(431, 1, 689, '108.00', 0, '0.00', '115.40', '0.00', '0.00'),
(432, 1, 690, '36.00', 0, '0.00', '36.00', '0.00', '0.00'),
(433, 1, 691, '20.00', 0, '0.00', '20.00', '0.00', '0.00'),
(434, 1, 692, '20.00', 0, '0.00', '20.00', '0.00', '0.00'),
(435, 1, 693, '15.50', 0, '0.00', '15.50', '0.00', '0.00'),
(436, 1, 694, '15.50', 0, '0.00', '15.50', '0.00', '0.00'),
(437, 1, 695, '6.00', 0, '0.00', '6.00', '0.00', '0.00'),
(438, 1, 696, '6.00', 0, '0.00', '6.00', '0.00', '0.00'),
(439, 1, 697, '16.00', 0, '0.00', '16.00', '0.00', '0.00'),
(440, 1, 698, '16.00', 0, '0.00', '16.00', '0.00', '0.00'),
(441, 1, 699, '13.00', 0, '0.00', '13.00', '0.00', '0.00'),
(442, 1, 700, '13.00', 0, '0.00', '13.00', '0.00', '0.00'),
(443, 1, 701, '13.00', 0, '0.00', '13.00', '0.00', '0.00'),
(444, 1, 702, '13.00', 0, '0.00', '13.00', '0.00', '0.00'),
(445, 1, 703, '15.00', 0, '0.00', '15.00', '0.00', '0.00'),
(446, 1, 704, '50.00', 0, '0.00', '50.00', '0.00', '0.00'),
(447, 1, 705, '50.00', 0, '0.00', '50.00', '0.00', '0.00'),
(448, 1, 706, '20.00', 0, '0.00', '20.00', '0.00', '0.00'),
(449, 1, 707, '20.00', 0, '0.00', '20.00', '0.00', '0.00'),
(450, 1, 708, '20.00', 0, '0.00', '20.00', '0.00', '0.00'),
(451, 1, 709, '20.00', 0, '0.00', '20.00', '0.00', '0.00'),
(452, 1, 710, '20.00', 0, '0.00', '20.00', '0.00', '0.00'),
(453, 1, 711, '20.00', 0, '0.00', '20.00', '0.00', '0.00'),
(454, 1, 712, '20.00', 0, '0.00', '20.00', '0.00', '0.00'),
(455, 1, 713, '20.00', 0, '0.00', '20.00', '0.00', '0.00'),
(456, 1, 714, '26.00', 0, '0.00', '26.00', '0.00', '0.00'),
(457, 1, 715, '26.00', 0, '0.00', '26.00', '0.00', '0.00'),
(458, 1, 716, '26.00', 0, '0.00', '26.00', '0.00', '0.00'),
(459, 1, 717, '26.00', 0, '0.00', '26.00', '0.00', '0.00'),
(460, 1, 718, '7.80', 0, '0.00', '7.80', '0.00', '0.00'),
(461, 1, 719, '7.80', 0, '0.00', '7.80', '0.00', '0.00'),
(462, 1, 720, '15.00', 0, '0.00', '15.00', '0.00', '0.00'),
(463, 1, 721, '15.00', 0, '0.00', '15.00', '0.00', '0.00'),
(464, 1, 722, '15.00', 0, '0.00', '15.00', '0.00', '0.00'),
(465, 1, 723, '15.00', 0, '0.00', '15.00', '0.00', '0.00'),
(466, 1, 724, '3.00', 0, '0.00', '3.00', '0.00', '0.00'),
(467, 1, 725, '18.00', 0, '0.00', '18.00', '0.00', '0.00'),
(468, 1, 726, '18.00', 0, '0.00', '18.00', '0.00', '0.00'),
(469, 1, 727, '6.00', 0, '0.00', '6.00', '0.00', '0.00'),
(470, 1, 728, '6.00', 0, '0.00', '6.00', '0.00', '0.00'),
(471, 1, 729, '6.00', 0, '0.00', '6.00', '0.00', '0.00'),
(472, 1, 730, '6.00', 0, '0.00', '6.00', '0.00', '0.00'),
(473, 1, 731, '8.50', 0, '0.00', '8.50', '0.00', '0.00'),
(474, 1, 732, '8.50', 0, '0.00', '8.50', '0.00', '0.00'),
(475, 1, 733, '8.00', 0, '0.00', '8.00', '0.00', '0.00'),
(476, 1, 734, '8.00', 0, '0.00', '8.00', '0.00', '0.00'),
(477, 1, 735, '8.00', 0, '0.00', '8.00', '0.00', '0.00'),
(478, 1, 736, '8.00', 0, '0.00', '8.00', '0.00', '0.00'),
(479, 1, 737, '22.00', 0, '0.00', '22.00', '0.00', '0.00'),
(480, 1, 738, '22.00', 0, '0.00', '22.00', '0.00', '0.00'),
(481, 1, 739, '15.00', 0, '0.00', '15.00', '0.00', '0.00'),
(482, 1, 740, '15.00', 0, '0.00', '15.00', '0.00', '0.00'),
(483, 1, 741, '22.00', 0, '0.00', '22.00', '0.00', '0.00'),
(484, 1, 742, '32.00', 0, '0.00', '32.00', '0.00', '0.00'),
(485, 1, 743, '32.00', 0, '0.00', '32.00', '0.00', '0.00'),
(486, 1, 744, '10.00', 0, '0.00', '10.00', '0.00', '0.00'),
(487, 1, 745, '10.00', 0, '0.00', '10.00', '0.00', '0.00'),
(488, 1, 746, '11.00', 0, '0.00', '11.00', '0.00', '0.00'),
(489, 1, 747, '11.00', 0, '0.00', '11.00', '0.00', '0.00'),
(490, 1, 748, '11.00', 0, '0.00', '11.00', '0.00', '0.00'),
(491, 1, 749, '11.00', 0, '0.00', '11.00', '0.00', '0.00'),
(492, 1, 750, '11.00', 0, '0.00', '11.00', '0.00', '0.00'),
(493, 1, 751, '14.00', 0, '0.00', '14.00', '0.00', '0.00'),
(494, 1, 752, '14.00', 0, '0.00', '14.00', '0.00', '0.00'),
(495, 1, 753, '28.00', 0, '0.00', '28.00', '0.00', '0.00'),
(496, 1, 754, '40.00', 0, '0.00', '40.00', '0.00', '0.00'),
(497, 1, 755, '16.00', 0, '0.00', '16.00', '0.00', '0.00'),
(498, 1, 756, '16.00', 0, '0.00', '16.00', '0.00', '0.00'),
(499, 1, 757, '16.00', 0, '0.00', '17.00', '0.00', '0.00'),
(500, 1, 758, '16.00', 0, '0.00', '17.00', '0.00', '0.00'),
(501, 1, 759, '50.00', 0, '0.00', '50.00', '0.00', '0.00'),
(502, 1, 760, '50.00', 0, '0.00', '50.00', '0.00', '0.00'),
(503, 1, 761, '50.00', 0, '0.00', '50.00', '0.00', '0.00'),
(504, 1, 762, '50.00', 0, '0.00', '50.00', '0.00', '0.00'),
(505, 1, 763, '38.00', 0, '0.00', '38.00', '0.00', '0.00'),
(506, 1, 764, '50.00', 0, '0.00', '50.00', '0.00', '0.00'),
(507, 1, 765, '50.00', 0, '0.00', '50.00', '0.00', '0.00'),
(508, 1, 766, '50.00', 0, '0.00', '50.00', '0.00', '0.00'),
(509, 1, 767, '50.00', 0, '0.00', '50.00', '0.00', '0.00'),
(510, 1, 768, '50.00', 0, '0.00', '50.00', '0.00', '0.00'),
(511, 1, 769, '50.00', 0, '0.00', '50.00', '0.00', '0.00'),
(512, 1, 770, '50.00', 0, '0.00', '50.00', '0.00', '0.00'),
(513, 1, 771, '4.00', 0, '0.00', '4.00', '0.00', '0.00'),
(514, 1, 772, '7.00', 0, '0.00', '7.00', '0.00', '0.00'),
(515, 1, 773, '7.00', 0, '0.00', '7.00', '0.00', '0.00'),
(516, 1, 774, '15.00', 0, '0.00', '15.00', '0.00', '0.00'),
(517, 1, 775, '15.00', 0, '0.00', '15.00', '0.00', '0.00'),
(518, 1, 776, '15.00', 0, '0.00', '15.00', '0.00', '0.00'),
(519, 1, 777, '15.00', 0, '0.00', '15.00', '0.00', '0.00'),
(520, 1, 778, '18.00', 0, '0.00', '18.00', '0.00', '0.00'),
(521, 1, 779, '18.00', 0, '0.00', '18.00', '0.00', '0.00'),
(522, 1, 780, '30.00', 0, '0.00', '30.00', '0.00', '0.00'),
(523, 1, 781, '18.00', 0, '0.00', '18.00', '0.00', '0.00'),
(524, 1, 782, '20.00', 0, '0.00', '20.00', '0.00', '0.00'),
(525, 1, 783, '20.00', 0, '0.00', '20.00', '0.00', '0.00'),
(526, 1, 784, '36.00', 0, '0.00', '36.00', '0.00', '0.00'),
(527, 1, 785, '36.00', 0, '0.00', '36.00', '0.00', '0.00'),
(528, 1, 786, '7.00', 0, '0.00', '7.00', '0.00', '0.00'),
(529, 1, 787, '7.00', 0, '0.00', '7.00', '0.00', '0.00'),
(530, 1, 788, '27.00', 0, '0.00', '27.00', '0.00', '0.00'),
(531, 1, 789, '27.00', 0, '0.00', '27.00', '0.00', '0.00'),
(532, 1, 790, '30.00', 0, '0.00', '30.00', '0.00', '0.00'),
(533, 1, 791, '30.00', 0, '0.00', '30.00', '0.00', '0.00'),
(534, 1, 792, '30.00', 0, '0.00', '30.00', '0.00', '0.00'),
(535, 1, 793, '25.00', 0, '0.00', '25.00', '0.00', '0.00'),
(536, 1, 794, '25.00', 0, '0.00', '25.00', '0.00', '0.00'),
(537, 1, 795, '28.00', 0, '0.00', '28.00', '0.00', '0.00'),
(538, 1, 796, '28.00', 0, '0.00', '28.00', '0.00', '0.00'),
(539, 1, 797, '2.50', 0, '0.00', '2.50', '0.00', '0.00'),
(540, 1, 798, '3.00', 0, '0.00', '3.00', '0.00', '0.00'),
(541, 1, 799, '2.50', 0, '0.00', '2.50', '0.00', '0.00'),
(542, 1, 800, '4.50', 0, '0.00', '4.50', '0.00', '0.00'),
(543, 1, 801, '15.00', 0, '0.00', '15.00', '0.00', '0.00'),
(544, 1, 802, '15.00', 0, '0.00', '15.00', '0.00', '0.00'),
(545, 1, 803, '8.00', 0, '0.00', '8.00', '0.00', '0.00'),
(546, 1, 1023, '12.00', 1, '0.00', '0.00', '0.00', '0.00'),
(547, 1, 939, '13.00', 1, '0.00', '0.00', '0.00', '0.00'),
(548, 1, 940, '13.00', 1, '0.00', '0.00', '0.00', '0.00'),
(549, 1, 808, '19.50', 1, '0.00', '0.00', '0.00', '0.00'),
(550, 1, 966, '17.00', 1, '0.00', '0.00', '0.00', '0.00'),
(551, 1, 974, '25.00', 1, '0.00', '0.00', '0.00', '0.00'),
(552, 1, 1024, '25.00', 1, '0.00', '0.00', '0.00', '0.00'),
(553, 1, 804, '12.00', 1, '0.00', '0.00', '0.00', '0.00'),
(554, 1, 805, '12.00', 1, '0.00', '0.00', '0.00', '0.00'),
(555, 1, 806, '14.80', 1, '0.00', '0.00', '0.00', '0.00'),
(556, 1, 807, '14.80', 1, '0.00', '0.00', '0.00', '0.00'),
(557, 1, 809, '29.00', 1, '0.00', '0.00', '0.00', '0.00'),
(558, 1, 810, '29.00', 1, '0.00', '0.00', '0.00', '0.00'),
(559, 1, 811, '15.00', 1, '0.00', '0.00', '0.00', '0.00'),
(560, 1, 812, '15.00', 1, '0.00', '0.00', '0.00', '0.00'),
(561, 1, 1025, '23.00', 1, '0.00', '0.00', '0.00', '0.00'),
(562, 1, 813, '20.00', 1, '0.00', '0.00', '0.00', '0.00'),
(563, 1, 814, '20.00', 1, '0.00', '0.00', '0.00', '0.00'),
(564, 1, 815, '35.00', 1, '0.00', '0.00', '0.00', '0.00'),
(565, 1, 816, '42.00', 1, '0.00', '0.00', '0.00', '0.00'),
(566, 1, 817, '28.00', 1, '0.00', '0.00', '0.00', '0.00'),
(567, 1, 818, '28.00', 1, '0.00', '0.00', '0.00', '0.00'),
(568, 1, 819, '27.50', 1, '0.00', '0.00', '0.00', '0.00'),
(569, 1, 820, '2.40', 1, '0.00', '0.00', '0.00', '0.00'),
(570, 1, 821, '2.40', 1, '0.00', '0.00', '0.00', '0.00'),
(571, 1, 822, '7.00', 1, '0.00', '0.00', '0.00', '0.00'),
(572, 1, 823, '6.00', 1, '0.00', '0.00', '0.00', '0.00'),
(573, 1, 824, '26.00', 1, '0.00', '0.00', '0.00', '0.00'),
(574, 1, 825, '26.00', 1, '0.00', '0.00', '0.00', '0.00'),
(575, 1, 826, '38.00', 1, '0.00', '0.00', '0.00', '0.00'),
(576, 1, 827, '38.00', 1, '0.00', '0.00', '0.00', '0.00'),
(577, 1, 828, '7.00', 1, '0.00', '0.00', '0.00', '0.00'),
(578, 1, 829, '7.00', 1, '0.00', '0.00', '0.00', '0.00'),
(579, 1, 830, '11.00', 1, '0.00', '0.00', '0.00', '0.00'),
(580, 1, 831, '11.00', 1, '0.00', '0.00', '0.00', '0.00'),
(581, 1, 832, '16.00', 1, '0.00', '0.00', '0.00', '0.00'),
(582, 1, 833, '16.00', 1, '0.00', '0.00', '0.00', '0.00'),
(583, 1, 834, '20.00', 1, '0.00', '0.00', '0.00', '0.00'),
(584, 1, 835, '20.00', 1, '0.00', '0.00', '0.00', '0.00'),
(585, 1, 836, '17.00', 1, '0.00', '0.00', '0.00', '0.00'),
(586, 1, 837, '33.00', 1, '0.00', '0.00', '0.00', '0.00'),
(587, 1, 838, '33.00', 1, '0.00', '0.00', '0.00', '0.00'),
(588, 1, 839, '33.00', 1, '0.00', '0.00', '0.00', '0.00'),
(589, 1, 840, '33.00', 1, '0.00', '0.00', '0.00', '0.00'),
(590, 1, 841, '8.00', 1, '0.00', '0.00', '0.00', '0.00'),
(591, 1, 842, '8.00', 1, '0.00', '0.00', '0.00', '0.00'),
(592, 1, 844, '25.00', 1, '0.00', '0.00', '0.00', '0.00'),
(593, 1, 843, '36.00', 1, '0.00', '0.00', '0.00', '0.00'),
(594, 1, 846, '25.00', 1, '0.00', '0.00', '0.00', '0.00'),
(595, 1, 845, '23.00', 1, '0.00', '0.00', '0.00', '0.00'),
(596, 1, 847, '32.00', 1, '0.00', '0.00', '0.00', '0.00'),
(597, 1, 848, '18.00', 1, '0.00', '0.00', '0.00', '0.00'),
(598, 1, 849, '18.00', 1, '0.00', '0.00', '0.00', '0.00'),
(599, 1, 850, '38.00', 1, '0.00', '0.00', '0.00', '0.00'),
(600, 1, 852, '38.00', 1, '0.00', '0.00', '0.00', '0.00'),
(601, 1, 851, '38.00', 1, '0.00', '0.00', '0.00', '0.00'),
(602, 1, 853, '38.00', 1, '0.00', '0.00', '0.00', '0.00'),
(603, 1, 854, '84.00', 1, '0.00', '0.00', '0.00', '0.00'),
(604, 1, 855, '68.00', 1, '0.00', '0.00', '0.00', '0.00'),
(605, 1, 856, '68.00', 1, '0.00', '0.00', '0.00', '0.00'),
(606, 1, 857, '80.00', 1, '0.00', '0.00', '0.00', '0.00'),
(607, 1, 858, '20.00', 1, '0.00', '0.00', '0.00', '0.00'),
(608, 1, 859, '110.00', 1, '0.00', '0.00', '0.00', '0.00'),
(609, 1, 860, '25.00', 1, '0.00', '0.00', '0.00', '0.00'),
(610, 1, 861, '27.00', 1, '0.00', '0.00', '0.00', '0.00'),
(611, 1, 862, '27.00', 1, '0.00', '0.00', '0.00', '0.00'),
(612, 1, 863, '17.00', 1, '0.00', '0.00', '0.00', '0.00'),
(613, 1, 864, '22.00', 1, '0.00', '0.00', '0.00', '0.00'),
(614, 1, 865, '22.00', 1, '0.00', '0.00', '0.00', '0.00'),
(615, 1, 866, '45.00', 1, '0.00', '0.00', '0.00', '0.00'),
(616, 1, 867, '45.00', 1, '0.00', '0.00', '0.00', '0.00'),
(617, 1, 868, '50.00', 1, '0.00', '0.00', '0.00', '0.00'),
(618, 1, 869, '50.00', 1, '0.00', '0.00', '0.00', '0.00'),
(619, 1, 870, '27.00', 1, '0.00', '0.00', '0.00', '0.00'),
(620, 1, 871, '27.00', 1, '0.00', '0.00', '0.00', '0.00'),
(621, 1, 872, '32.00', 1, '0.00', '0.00', '0.00', '0.00'),
(622, 1, 873, '32.00', 1, '0.00', '0.00', '0.00', '0.00'),
(623, 1, 874, '30.00', 1, '0.00', '0.00', '0.00', '0.00'),
(624, 1, 875, '30.00', 1, '0.00', '0.00', '0.00', '0.00'),
(625, 1, 876, '6.20', 1, '0.00', '0.00', '0.00', '0.00'),
(626, 1, 877, '8.20', 1, '0.00', '0.00', '0.00', '0.00'),
(627, 1, 878, '28.00', 1, '0.00', '0.00', '0.00', '0.00'),
(628, 1, 879, '12.50', 1, '0.00', '0.00', '0.00', '0.00'),
(629, 1, 880, '12.50', 1, '0.00', '0.00', '0.00', '0.00'),
(630, 1, 881, '12.50', 1, '0.00', '0.00', '0.00', '0.00'),
(631, 1, 882, '12.50', 1, '0.00', '0.00', '0.00', '0.00'),
(632, 1, 883, '10.00', 1, '0.00', '0.00', '0.00', '0.00'),
(633, 1, 884, '20.00', 1, '0.00', '0.00', '0.00', '0.00'),
(634, 1, 885, '20.00', 1, '0.00', '0.00', '0.00', '0.00'),
(635, 1, 886, '40.00', 1, '0.00', '0.00', '0.00', '0.00'),
(636, 1, 887, '50.00', 1, '0.00', '0.00', '0.00', '0.00'),
(637, 1, 888, '40.00', 1, '0.00', '0.00', '0.00', '0.00'),
(638, 1, 889, '30.00', 1, '0.00', '0.00', '0.00', '0.00'),
(639, 1, 890, '50.00', 1, '0.00', '0.00', '0.00', '0.00'),
(640, 1, 891, '9.00', 1, '0.00', '0.00', '0.00', '0.00'),
(641, 1, 892, '9.00', 1, '0.00', '0.00', '0.00', '0.00'),
(642, 1, 893, '9.00', 1, '0.00', '0.00', '0.00', '0.00'),
(643, 1, 894, '9.00', 1, '0.00', '0.00', '0.00', '0.00'),
(644, 1, 895, '42.00', 1, '0.00', '0.00', '0.00', '0.00'),
(645, 1, 896, '42.00', 1, '0.00', '0.00', '0.00', '0.00'),
(646, 1, 897, '8.00', 1, '0.00', '0.00', '0.00', '0.00'),
(647, 1, 898, '8.00', 1, '0.00', '0.00', '0.00', '0.00'),
(648, 1, 899, '14.00', 1, '0.00', '0.00', '0.00', '0.00'),
(649, 1, 900, '14.00', 1, '0.00', '0.00', '0.00', '0.00'),
(650, 1, 901, '8.00', 1, '0.00', '0.00', '0.00', '0.00'),
(651, 1, 902, '8.00', 1, '0.00', '0.00', '0.00', '0.00'),
(652, 1, 903, '20.00', 1, '0.00', '0.00', '0.00', '0.00'),
(653, 1, 904, '10.00', 1, '0.00', '0.00', '0.00', '0.00'),
(654, 1, 905, '10.00', 1, '0.00', '0.00', '0.00', '0.00'),
(655, 1, 906, '12.00', 1, '0.00', '0.00', '0.00', '0.00'),
(656, 1, 907, '12.00', 1, '0.00', '0.00', '0.00', '0.00'),
(657, 1, 908, '14.00', 1, '0.00', '0.00', '0.00', '0.00'),
(658, 1, 909, '14.00', 1, '0.00', '0.00', '0.00', '0.00'),
(659, 1, 910, '15.00', 1, '0.00', '0.00', '0.00', '0.00'),
(660, 1, 911, '15.00', 1, '0.00', '0.00', '0.00', '0.00'),
(661, 1, 912, '15.00', 1, '0.00', '0.00', '0.00', '0.00'),
(662, 1, 913, '15.00', 1, '0.00', '0.00', '0.00', '0.00'),
(663, 1, 914, '10.00', 1, '0.00', '0.00', '0.00', '0.00'),
(664, 1, 915, '10.00', 1, '0.00', '0.00', '0.00', '0.00'),
(665, 1, 916, '5.50', 1, '0.00', '0.00', '0.00', '0.00'),
(666, 1, 917, '2.00', 1, '0.00', '0.00', '0.00', '0.00'),
(667, 1, 918, '3.00', 1, '0.00', '0.00', '0.00', '0.00'),
(668, 1, 919, '17.00', 1, '0.00', '0.00', '0.00', '0.00'),
(669, 1, 920, '17.00', 1, '0.00', '0.00', '0.00', '0.00'),
(670, 1, 921, '23.00', 1, '0.00', '0.00', '0.00', '0.00'),
(671, 1, 922, '23.00', 1, '0.00', '0.00', '0.00', '0.00'),
(672, 1, 923, '26.00', 1, '0.00', '0.00', '0.00', '0.00'),
(673, 1, 924, '26.00', 1, '0.00', '0.00', '0.00', '0.00'),
(674, 1, 925, '7.00', 1, '0.00', '0.00', '0.00', '0.00'),
(675, 1, 926, '7.00', 1, '0.00', '0.00', '0.00', '0.00'),
(676, 1, 927, '6.00', 1, '0.00', '0.00', '0.00', '0.00'),
(677, 1, 928, '6.00', 1, '0.00', '0.00', '0.00', '0.00'),
(678, 1, 929, '6.00', 1, '0.00', '0.00', '0.00', '0.00'),
(679, 1, 930, '6.00', 1, '0.00', '0.00', '0.00', '0.00'),
(680, 1, 931, '14.00', 1, '0.00', '0.00', '0.00', '0.00'),
(681, 1, 932, '14.00', 1, '0.00', '0.00', '0.00', '0.00'),
(682, 1, 933, '30.00', 1, '0.00', '0.00', '0.00', '0.00'),
(683, 1, 934, '10.50', 1, '0.00', '0.00', '0.00', '0.00'),
(684, 1, 935, '10.50', 1, '0.00', '0.00', '0.00', '0.00'),
(685, 1, 936, '15.50', 1, '0.00', '0.00', '0.00', '0.00'),
(686, 1, 937, '15.50', 1, '0.00', '0.00', '0.00', '0.00'),
(687, 1, 938, '17.00', 1, '0.00', '0.00', '0.00', '0.00'),
(688, 1, 941, '9.50', 1, '0.00', '0.00', '0.00', '0.00'),
(689, 1, 942, '9.50', 1, '0.00', '0.00', '0.00', '0.00'),
(690, 1, 943, '12.50', 1, '0.00', '0.00', '0.00', '0.00'),
(691, 1, 944, '14.00', 1, '0.00', '0.00', '0.00', '0.00'),
(692, 1, 945, '14.00', 1, '0.00', '0.00', '0.00', '0.00'),
(693, 1, 946, '9.00', 1, '0.00', '0.00', '0.00', '0.00'),
(694, 1, 947, '9.00', 1, '0.00', '0.00', '0.00', '0.00'),
(695, 1, 948, '15.00', 1, '0.00', '0.00', '0.00', '0.00'),
(696, 1, 949, '15.00', 1, '0.00', '0.00', '0.00', '0.00'),
(697, 1, 950, '15.00', 1, '0.00', '0.00', '0.00', '0.00'),
(698, 1, 951, '15.00', 1, '0.00', '0.00', '0.00', '0.00'),
(699, 1, 952, '17.00', 1, '0.00', '0.00', '0.00', '0.00'),
(700, 1, 953, '20.00', 1, '0.00', '0.00', '0.00', '0.00'),
(701, 1, 954, '20.00', 1, '0.00', '0.00', '0.00', '0.00'),
(702, 1, 955, '20.00', 1, '0.00', '0.00', '0.00', '0.00'),
(703, 1, 956, '14.00', 1, '0.00', '0.00', '0.00', '0.00'),
(704, 1, 957, '22.00', 1, '0.00', '0.00', '0.00', '0.00'),
(705, 1, 958, '20.00', 1, '0.00', '0.00', '0.00', '0.00'),
(706, 1, 959, '20.00', 1, '0.00', '0.00', '0.00', '0.00'),
(707, 1, 960, '20.00', 1, '0.00', '0.00', '0.00', '0.00'),
(708, 1, 961, '20.00', 1, '0.00', '0.00', '0.00', '0.00'),
(709, 1, 962, '17.50', 1, '0.00', '0.00', '0.00', '0.00'),
(710, 1, 963, '17.50', 1, '0.00', '0.00', '0.00', '0.00'),
(711, 1, 964, '17.50', 1, '0.00', '0.00', '0.00', '0.00'),
(712, 1, 965, '17.50', 1, '0.00', '0.00', '0.00', '0.00'),
(713, 1, 967, '17.00', 1, '0.00', '0.00', '0.00', '0.00'),
(714, 1, 968, '17.00', 1, '0.00', '0.00', '0.00', '0.00'),
(715, 1, 973, '12.00', 1, '0.00', '0.00', '0.00', '0.00'),
(716, 1, 969, '15.00', 1, '0.00', '0.00', '0.00', '0.00'),
(717, 1, 970, '15.00', 1, '0.00', '0.00', '0.00', '0.00'),
(718, 1, 971, '16.00', 1, '0.00', '0.00', '0.00', '0.00'),
(719, 1, 972, '16.00', 1, '0.00', '0.00', '0.00', '0.00'),
(720, 1, 975, '25.00', 1, '0.00', '0.00', '0.00', '0.00'),
(721, 1, 976, '30.00', 1, '0.00', '0.00', '0.00', '0.00'),
(722, 1, 977, '30.00', 1, '0.00', '0.00', '0.00', '0.00'),
(723, 1, 978, '18.00', 1, '0.00', '0.00', '0.00', '0.00'),
(724, 1, 979, '18.00', 1, '0.00', '0.00', '0.00', '0.00'),
(725, 1, 980, '50.00', 1, '0.00', '0.00', '0.00', '0.00'),
(726, 1, 981, '50.00', 1, '0.00', '0.00', '0.00', '0.00'),
(727, 1, 982, '60.00', 1, '0.00', '0.00', '0.00', '0.00'),
(728, 1, 983, '60.00', 1, '0.00', '0.00', '0.00', '0.00'),
(729, 1, 984, '45.00', 1, '0.00', '0.00', '0.00', '0.00'),
(730, 1, 985, '22.00', 1, '0.00', '0.00', '0.00', '0.00'),
(731, 1, 986, '19.00', 1, '0.00', '0.00', '0.00', '0.00'),
(732, 1, 987, '20.00', 1, '0.00', '0.00', '0.00', '0.00'),
(733, 1, 988, '20.00', 1, '0.00', '0.00', '0.00', '0.00'),
(734, 1, 989, '23.00', 1, '0.00', '0.00', '0.00', '0.00'),
(735, 1, 990, '22.00', 1, '0.00', '0.00', '0.00', '0.00'),
(736, 1, 991, '25.00', 1, '0.00', '0.00', '0.00', '0.00'),
(737, 1, 992, '32.00', 1, '0.00', '0.00', '0.00', '0.00'),
(738, 1, 993, '25.00', 1, '0.00', '0.00', '0.00', '0.00'),
(739, 1, 994, '24.00', 1, '0.00', '0.00', '0.00', '0.00'),
(740, 1, 995, '23.00', 1, '0.00', '0.00', '0.00', '0.00'),
(741, 1, 996, '35.00', 1, '0.00', '0.00', '0.00', '0.00'),
(742, 1, 997, '30.00', 1, '0.00', '0.00', '0.00', '0.00'),
(743, 1, 998, '30.00', 1, '0.00', '0.00', '0.00', '0.00'),
(744, 1, 999, '12.00', 1, '0.00', '0.00', '0.00', '0.00'),
(745, 1, 1000, '45.00', 1, '0.00', '0.00', '0.00', '0.00'),
(746, 1, 1001, '45.00', 1, '0.00', '0.00', '0.00', '0.00'),
(747, 1, 1002, '30.00', 1, '0.00', '0.00', '0.00', '0.00'),
(748, 1, 1003, '30.00', 1, '0.00', '0.00', '0.00', '0.00'),
(749, 1, 1004, '30.00', 1, '0.00', '0.00', '0.00', '0.00'),
(750, 1, 1005, '30.00', 1, '0.00', '0.00', '0.00', '0.00'),
(751, 1, 1006, '18.00', 1, '0.00', '0.00', '0.00', '0.00'),
(752, 1, 1007, '18.00', 1, '0.00', '0.00', '0.00', '0.00'),
(753, 1, 1008, '15.00', 1, '0.00', '0.00', '0.00', '0.00'),
(754, 1, 1009, '15.00', 1, '0.00', '0.00', '0.00', '0.00'),
(755, 1, 1010, '17.00', 1, '0.00', '0.00', '0.00', '0.00'),
(756, 1, 1011, '17.00', 1, '0.00', '0.00', '0.00', '0.00'),
(757, 1, 1012, '22.00', 1, '0.00', '0.00', '0.00', '0.00'),
(758, 1, 1013, '22.00', 1, '0.00', '0.00', '0.00', '0.00'),
(759, 1, 1014, '17.50', 1, '0.00', '0.00', '0.00', '0.00'),
(760, 1, 1015, '17.50', 1, '0.00', '0.00', '0.00', '0.00'),
(761, 1, 1016, '22.50', 1, '0.00', '0.00', '0.00', '0.00'),
(762, 1, 1017, '22.50', 1, '0.00', '0.00', '0.00', '0.00'),
(763, 1, 1018, '29.00', 1, '0.00', '0.00', '0.00', '0.00'),
(764, 1, 1019, '29.00', 1, '0.00', '0.00', '0.00', '0.00'),
(765, 1, 1020, '8.00', 1, '0.00', '0.00', '0.00', '0.00'),
(766, 1, 1021, '8.50', 1, '0.00', '0.00', '0.00', '0.00'),
(767, 1, 1022, '8.50', 1, '0.00', '0.00', '0.00', '0.00'),
(768, 1, 1026, '48.00', 0, '0.00', '0.00', '0.00', '0.00'),
(769, 1, 1027, '40.00', 0, '0.00', '0.00', '0.00', '0.00'),
(770, 1, 1028, '40.00', 0, '0.00', '0.00', '0.00', '0.00'),
(771, 1, 1186, '98.00', 1, '0.00', '0.00', '0.00', '0.00'),
(772, 1, 1216, '95.00', 1, '0.00', '0.00', '0.00', '0.00'),
(773, 1, 1213, '115.00', 1, '0.00', '0.00', '0.00', '0.00'),
(774, 1, 1193, '135.00', 1, '0.00', '0.00', '0.00', '0.00'),
(775, 1, 1208, '80.00', 1, '0.00', '0.00', '0.00', '0.00'),
(776, 1, 1207, '90.00', 1, '0.00', '0.00', '0.00', '0.00'),
(777, 1, 1185, '100.00', 1, '0.00', '0.00', '0.00', '0.00'),
(778, 1, 1184, '108.00', 1, '0.00', '0.00', '0.00', '0.00'),
(779, 1, 1183, '212.00', 1, '0.00', '0.00', '0.00', '0.00'),
(780, 1, 1209, '92.00', 1, '0.00', '0.00', '0.00', '0.00'),
(781, 1, 1214, '148.00', 1, '0.00', '0.00', '0.00', '0.00'),
(782, 1, 1215, '75.00', 1, '0.00', '0.00', '0.00', '0.00'),
(783, 1, 1190, '135.00', 1, '0.00', '0.00', '0.00', '0.00'),
(784, 1, 1204, '135.00', 1, '0.00', '0.00', '0.00', '0.00'),
(785, 1, 1205, '85.00', 1, '0.00', '0.00', '0.00', '0.00'),
(786, 1, 1210, '80.00', 1, '0.00', '0.00', '0.00', '0.00'),
(787, 1, 1189, '120.00', 1, '0.00', '0.00', '0.00', '0.00'),
(788, 1, 1188, '190.00', 1, '0.00', '0.00', '0.00', '0.00'),
(789, 1, 1202, '110.00', 1, '0.00', '0.00', '0.00', '0.00'),
(790, 1, 1198, '130.00', 1, '0.00', '0.00', '0.00', '0.00'),
(791, 1, 1197, '110.00', 1, '0.00', '0.00', '0.00', '0.00'),
(792, 1, 1203, '100.00', 1, '0.00', '0.00', '0.00', '0.00'),
(793, 1, 1195, '140.00', 1, '0.00', '0.00', '0.00', '0.00'),
(794, 1, 1194, '150.00', 1, '0.00', '0.00', '0.00', '0.00'),
(795, 1, 1192, '175.00', 1, '0.00', '0.00', '0.00', '0.00'),
(796, 1, 1181, '85.00', 1, '0.00', '0.00', '0.00', '0.00'),
(797, 1, 1191, '108.00', 1, '0.00', '0.00', '0.00', '0.00'),
(798, 1, 1182, '75.00', 1, '0.00', '0.00', '0.00', '0.00'),
(799, 1, 1211, '108.00', 1, '0.00', '0.00', '0.00', '0.00'),
(800, 1, 1212, '105.00', 1, '0.00', '0.00', '0.00', '0.00'),
(801, 1, 1200, '92.00', 1, '0.00', '0.00', '0.00', '0.00'),
(802, 1, 1196, '105.00', 1, '0.00', '0.00', '0.00', '0.00'),
(803, 1, 1187, '160.00', 1, '0.00', '0.00', '0.00', '0.00'),
(804, 1, 1201, '140.00', 1, '0.00', '0.00', '0.00', '0.00'),
(805, 1, 1199, '92.00', 1, '0.00', '0.00', '0.00', '0.00'),
(806, 1, 1206, '108.00', 1, '0.00', '0.00', '0.00', '0.00');

-- --------------------------------------------------------

--
-- Estructura de tabla para la tabla `menu`
--

DROP TABLE IF EXISTS `menu`;
CREATE TABLE IF NOT EXISTS `menu` (
  `id` int(11) NOT NULL AUTO_INCREMENT,
  `name` varchar(128) NOT NULL,
  `parent` int(11) DEFAULT NULL,
  `route` varchar(255) DEFAULT NULL,
  `order` int(11) DEFAULT NULL,
  `data` blob DEFAULT NULL,
  PRIMARY KEY (`id`),
  KEY `parent` (`parent`)
) ENGINE=InnoDB AUTO_INCREMENT=4 DEFAULT CHARSET=utf8;

--
-- Volcado de datos para la tabla `menu`
--

INSERT INTO `menu` (`id`, `name`, `parent`, `route`, `order`, `data`) VALUES
(3, 'Pedido', NULL, '/pedido/index', 0, NULL);

-- --------------------------------------------------------

--
-- Estructura de tabla para la tabla `migration`
--

DROP TABLE IF EXISTS `migration`;
CREATE TABLE IF NOT EXISTS `migration` (
  `version` varchar(180) NOT NULL,
  `apply_time` int(11) DEFAULT NULL,
  PRIMARY KEY (`version`)
) ENGINE=InnoDB DEFAULT CHARSET=latin1;

--
-- Volcado de datos para la tabla `migration`
--

INSERT INTO `migration` (`version`, `apply_time`) VALUES
('m140506_102106_rbac_init', 1562771518),
('m140602_111327_create_menu_table', 1562771473),
('m160312_050000_create_user', 1562771473),
('m170907_052038_rbac_add_index_on_auth_assignment_user_id', 1562771518),
('m180523_151638_rbac_updates_indexes_without_prefix', 1562771518);

-- --------------------------------------------------------

--
-- Estructura de tabla para la tabla `moneda`
--

DROP TABLE IF EXISTS `moneda`;
CREATE TABLE IF NOT EXISTS `moneda` (
  `id_moneda` int(11) NOT NULL AUTO_INCREMENT COMMENT 'ID UNICO',
  `des_moneda` varchar(50) NOT NULL COMMENT 'DESCRIPCION MONEDA',
  `tipo_moneda` varchar(1) NOT NULL DEFAULT 'N' COMMENT 'TIPO MONEDA',
  `sunatm_moneda` varchar(10) DEFAULT NULL COMMENT 'ABREVIACION DE MONEDA SEGUN SUNAT',
  `status_moneda` int(11) NOT NULL COMMENT 'ESTATUS MONEDA',
  `sucursal_moneda` int(11) NOT NULL COMMENT 'SUCURSAL MONEDA',
  PRIMARY KEY (`id_moneda`),
  KEY `sucursal_moneda` (`sucursal_moneda`)
) ENGINE=InnoDB AUTO_INCREMENT=3 DEFAULT CHARSET=latin1 COMMENT=' GUARDA DATOS DE MONEDAS';

--
-- Volcado de datos para la tabla `moneda`
--

INSERT INTO `moneda` (`id_moneda`, `des_moneda`, `tipo_moneda`, `sunatm_moneda`, `status_moneda`, `sucursal_moneda`) VALUES
(1, 'Soles', 'N', 'PEN', 1, 1),
(2, 'Dolares', 'E', 'USD', 1, 1);

-- --------------------------------------------------------

--
-- Estructura de tabla para la tabla `motivo_traslado`
--

DROP TABLE IF EXISTS `motivo_traslado`;
CREATE TABLE IF NOT EXISTS `motivo_traslado` (
  `id_motivo` int(11) NOT NULL AUTO_INCREMENT COMMENT 'ID UNICO',
  `des_motivo` varchar(100) NOT NULL COMMENT 'DESCRIPCION MOTIVO',
  `status_motivo` int(11) NOT NULL DEFAULT 0 COMMENT 'ESTATUS MOTIVO',
  `sucursal_motivo` int(11) NOT NULL DEFAULT 0 COMMENT 'SUCURSAL MOTIVO',
  PRIMARY KEY (`id_motivo`)
) ENGINE=InnoDB AUTO_INCREMENT=15 DEFAULT CHARSET=latin1 COMMENT='ALMACENA LOS DATOS DE MOTIVOS DE TRASLADO';

--
-- Volcado de datos para la tabla `motivo_traslado`
--

INSERT INTO `motivo_traslado` (`id_motivo`, `des_motivo`, `status_motivo`, `sucursal_motivo`) VALUES
(1, 'VENTA', 1, 1),
(2, 'VENTA SUJETA A CONFIRMACION DEL COMPRADOR', 1, 1),
(3, 'COMPRA', 1, 1),
(4, 'CONSIGNACION', 1, 1),
(5, 'DEVOLUCION', 1, 1),
(6, 'TRASLADO ENTRE ESTABLECIMIENTOS DE LA MISMA EMPRESA', 1, 1),
(7, 'TRASLADO DE BIENES PARA TRANSFORMACION', 1, 1),
(8, 'RECOJO DE BIENES TRANSFORMADO', 1, 1),
(9, 'TRASLADO POR EMISOR ITINERANTE DE COMPROBANTES DE PAGO', 1, 1),
(10, 'TRASLADO ZONA PRIMARIA', 1, 1),
(11, 'IMPORTACION', 1, 1),
(12, 'EXPORTACION', 1, 1),
(13, 'VENTA CON ENTREGA A TERCEROS', 1, 1),
(14, 'OTROS', 1, 1);

-- --------------------------------------------------------

--
-- Estructura de tabla para la tabla `numeracion`
--

DROP TABLE IF EXISTS `numeracion`;
CREATE TABLE IF NOT EXISTS `numeracion` (
  `id_num` int(11) NOT NULL AUTO_INCREMENT COMMENT 'ID UNICO',
  `tipo_num` int(11) NOT NULL DEFAULT 0 COMMENT 'TIPO NUMERACION',
  `numero_num` varchar(10) NOT NULL DEFAULT '0000000000' COMMENT 'NUMERO NUMERACION',
  `sucursal_num` int(11) NOT NULL DEFAULT 0 COMMENT 'SUCURSAL NUMERACION',
  `serie_num` varchar(2) NOT NULL COMMENT 'SERIE NUMERACION',
  `status_num` int(11) NOT NULL DEFAULT 0 COMMENT 'ESTATUS NUMERACION',
  PRIMARY KEY (`id_num`),
  KEY `sucursal_num` (`sucursal_num`),
  KEY `tipo_num` (`tipo_num`)
) ENGINE=InnoDB AUTO_INCREMENT=10 DEFAULT CHARSET=latin1 COMMENT='GUARDA NUMERACION DE DOCUMENTOS';

--
-- Volcado de datos para la tabla `numeracion`
--

INSERT INTO `numeracion` (`id_num`, `tipo_num`, `numero_num`, `sucursal_num`, `serie_num`, `status_num`) VALUES
(1, 1, '0000000062', 1, '00', 1),
(2, 7, '0000000023', 1, '00', 1),
(3, 8, '0000000000', 1, '00', 1),
(4, 6, '0000000042', 1, '00', 1),
(5, 4, '0000000047', 1, '00', 1),
(6, 5, '0000000052', 1, '00', 1),
(7, 2, '0000000052', 1, '01', 1),
(8, 9, '0000000000', 1, '01', 1),
(9, 3, '0000000149', 1, '01', 1);

-- --------------------------------------------------------

--
-- Estructura de tabla para la tabla `pais`
--

DROP TABLE IF EXISTS `pais`;
CREATE TABLE IF NOT EXISTS `pais` (
  `id_pais` int(11) NOT NULL AUTO_INCREMENT COMMENT 'ID UNICO',
  `cod_pais` varchar(3) NOT NULL COMMENT 'CODIGO PAIS',
  `des_pais` varchar(100) NOT NULL COMMENT 'DESCIPCION DE PAIS',
  `status_pais` int(11) NOT NULL DEFAULT 1 COMMENT 'ESTATUS PAIS',
  `sucursal_pais` int(11) NOT NULL DEFAULT 0 COMMENT 'SUCURSAL PAIS',
  PRIMARY KEY (`id_pais`)
) ENGINE=InnoDB AUTO_INCREMENT=243 DEFAULT CHARSET=latin1 COMMENT='GUARDA DATOS DE PAISES';

--
-- Volcado de datos para la tabla `pais`
--

INSERT INTO `pais` (`id_pais`, `cod_pais`, `des_pais`, `status_pais`, `sucursal_pais`) VALUES
(1, 'AND', 'Andorra', 1, 1),
(2, 'ARE', 'Emiratos Árabes Unidos', 1, 1),
(3, 'AFG', 'Afganistán', 1, 1),
(4, 'ATG', 'Antigua y Barbuda', 1, 1),
(5, 'AIA', 'Anguila', 1, 1),
(6, 'ALB', 'Albania', 1, 1),
(7, 'ARM', 'Armenia', 1, 1),
(8, 'ANT', 'Antillas Neerlandesas', 1, 1),
(9, 'AGO', 'Angola', 1, 1),
(10, 'ATA', 'Antártida', 1, 1),
(11, 'ARG', 'Argentina', 1, 1),
(12, 'ASM', 'Samoa Americana', 1, 1),
(13, 'AUT', 'Austria', 1, 1),
(14, 'AUS', 'Australia', 1, 1),
(15, 'ABW', 'Aruba', 1, 1),
(16, 'ALA', 'Islas Áland', 1, 1),
(17, 'AZE', 'Azerbaiyán', 1, 1),
(18, 'BIH', 'Bosnia y Herzegovina', 1, 1),
(19, 'BRB', 'Barbados', 1, 1),
(20, 'BGD', 'Bangladesh', 1, 1),
(21, 'BEL', 'Bélgica', 1, 1),
(22, 'BFA', 'Burkina Faso', 1, 1),
(23, 'BGR', 'Bulgaria', 1, 1),
(24, 'BHR', 'Bahréin', 1, 1),
(25, 'BDI', 'Burundi', 1, 1),
(26, 'BEN', 'Benin', 1, 1),
(27, 'BLM', 'San Bartolomé', 1, 1),
(28, 'BMU', 'Bermudas', 1, 1),
(29, 'BRN', 'Brunéi', 1, 1),
(30, 'BOL', 'Bolivia', 1, 1),
(31, 'BRA', 'Brasil', 1, 1),
(32, 'BHS', 'Bahamas', 1, 1),
(33, 'BTN', 'Bhután', 1, 1),
(34, 'BVT', 'Isla Bouvet', 1, 1),
(35, 'BWA', 'Botsuana', 1, 1),
(36, 'BLR', 'Belarús', 1, 1),
(37, 'BLZ', 'Belice', 1, 1),
(38, 'CAN', 'Canadá', 1, 1),
(39, 'CCK', 'Islas Cocos', 1, 1),
(40, 'CAF', 'República Centro-Africana', 1, 1),
(41, 'COG', 'Congo', 1, 1),
(42, 'CHE', 'Suiza', 1, 1),
(43, 'CIV', 'Costa de Marfil', 1, 1),
(44, 'COK', 'Islas Cook', 1, 1),
(45, 'CHL', 'Chile', 1, 1),
(46, 'CMR', 'Camerún', 1, 1),
(47, 'CHN', 'China', 1, 1),
(48, 'COL', 'Colombia', 1, 1),
(49, 'CRI', 'Costa Rica', 1, 1),
(50, 'CUB', 'Cuba', 1, 1),
(51, 'CPV', 'Cabo Verde', 1, 1),
(52, 'CXR', 'Islas Christmas', 1, 1),
(53, 'CYP', 'Chipre', 1, 1),
(54, 'CZE', 'República Checa', 1, 1),
(55, 'DEU', 'Alemania', 1, 1),
(56, 'DJI', 'Yibuti', 1, 1),
(57, 'DNK', 'Dinamarca', 1, 1),
(58, 'DMA', 'Domínica', 1, 1),
(59, 'DOM', 'República Dominicana', 1, 1),
(60, 'DZA', 'Argel', 1, 1),
(61, 'ECU', 'Ecuador', 1, 1),
(62, 'EST', 'Estonia', 1, 1),
(63, 'EGY', 'Egipto', 1, 1),
(64, 'ESH', 'Sahara Occidental', 1, 1),
(65, 'ERI', 'Eritrea', 1, 1),
(66, 'ESP', 'España', 1, 1),
(67, 'ETH', 'Etiopía', 1, 1),
(68, 'FIN', 'Finlandia', 1, 1),
(69, 'FJI', 'Fiji', 1, 1),
(70, 'KLK', 'Islas Malvinas', 1, 1),
(71, 'FSM', 'Micronesia', 1, 1),
(72, 'FRO', 'Islas Faroe', 1, 1),
(73, 'FRA', 'Francia', 1, 1),
(74, 'GAB', 'Gabón', 1, 1),
(75, 'GBR', 'Reino Unido', 1, 1),
(76, 'GRD', 'Granada', 1, 1),
(77, 'GEO', 'Georgia', 1, 1),
(78, 'GUF', 'Guayana Francesa', 1, 1),
(79, 'GGY', 'Guernsey', 1, 1),
(80, 'GHA', 'Ghana', 1, 1),
(81, 'GIB', 'Gibraltar', 1, 1),
(82, 'GRL', 'Groenlandia', 1, 1),
(83, 'GMB', 'Gambia', 1, 1),
(84, 'GIN', 'Guinea', 1, 1),
(85, 'GLP', 'Guadalupe', 1, 1),
(86, 'GNQ', 'Guinea Ecuatorial', 1, 1),
(87, 'GRC', 'Grecia', 1, 1),
(88, 'SGS', 'Georgia del Sur e Islas Sandwich del Sur', 1, 1),
(89, 'GTM', 'Guatemala', 1, 1),
(90, 'GUM', 'Guam', 1, 1),
(91, 'GNB', 'Guinea-Bissau', 1, 1),
(92, 'GUY', 'Guayana', 1, 1),
(93, 'HKG', 'Hong Kong', 1, 1),
(94, 'HMD', 'Islas Heard y McDonald', 1, 1),
(95, 'HND', 'Honduras', 1, 1),
(96, 'HRV', 'Croacia', 1, 1),
(97, 'HTI', 'Haití', 1, 1),
(98, 'HUN', 'Hungría', 1, 1),
(99, 'IDN', 'Indonesia', 1, 1),
(100, 'IRL', 'Irlanda', 1, 1),
(101, 'ISR', 'Israel', 1, 1),
(102, 'IMN', 'Isla de Man', 1, 1),
(103, 'IND', 'India', 1, 1),
(104, 'IOT', 'Territorio Británico del Océano Índico', 1, 1),
(105, 'IRQ', 'Irak', 1, 1),
(106, 'IRN', 'Irán', 1, 1),
(107, 'ISL', 'Islandia', 1, 1),
(108, 'ITA', 'Italia', 1, 1),
(109, 'JEY', 'Jersey', 1, 1),
(110, 'JAM', 'Jamaica', 1, 1),
(111, 'JOR', 'Jordania', 1, 1),
(112, 'JPN', 'Japón', 1, 1),
(113, 'KEN', 'Kenia', 1, 1),
(114, 'KGZ', 'Kirguistán', 1, 1),
(115, 'KHM', 'Camboya', 1, 1),
(116, 'KIR', 'Kiribati', 1, 1),
(117, 'COM', 'Comoros', 1, 1),
(118, 'KNA', 'San Cristóbal y Nieves', 1, 1),
(119, 'PRK', 'Corea del Norte', 1, 1),
(120, 'KOR', 'Corea del Sur', 1, 1),
(121, 'KWT', 'Kuwait', 1, 1),
(122, 'CYM', 'Islas Caimán', 1, 1),
(123, 'KAZ', 'Kazajstán', 1, 1),
(124, 'LAO', 'Laos', 1, 1),
(125, 'LBN', 'Líbano', 1, 1),
(126, 'LCA', 'Santa Lucía', 1, 1),
(127, 'LIE', 'Liechtenstein', 1, 1),
(128, 'LKA', 'Sri Lanka', 1, 1),
(129, 'LBR', 'Liberia', 1, 1),
(130, 'LSO', 'Lesotho', 1, 1),
(131, 'LTU', 'Lituania', 1, 1),
(132, 'LUX', 'Luxemburgo', 1, 1),
(133, 'LVA', 'Letonia', 1, 1),
(134, 'LBY', 'Libia', 1, 1),
(135, 'MAR', 'Marruecos', 1, 1),
(136, 'MCO', 'Mónaco', 1, 1),
(137, 'MDA', 'Moldova', 1, 1),
(138, 'MNE', 'Montenegro', 1, 1),
(139, 'MDG', 'Madagascar', 1, 1),
(140, 'MHL', 'Islas Marshall', 1, 1),
(141, 'MKD', 'Macedonia', 1, 1),
(142, 'MLI', 'Mali', 1, 1),
(143, 'MMR', 'Myanmar', 1, 1),
(144, 'MNG', 'Mongolia', 1, 1),
(145, 'MAC', 'Macao', 1, 1),
(146, 'MTQ', 'Martinica', 1, 1),
(147, 'MRT', 'Mauritania', 1, 1),
(148, 'MSR', 'Montserrat', 1, 1),
(149, 'MLT', 'Malta', 1, 1),
(150, 'MUS', 'Mauricio', 1, 1),
(151, 'MDV', 'Maldivas', 1, 1),
(152, 'MWI', 'Malawi', 1, 1),
(153, 'MEX', 'México', 1, 1),
(154, 'MYS', 'Malasia', 1, 1),
(155, 'MOZ', 'Mozambique', 1, 1),
(156, 'NAM', 'Namibia', 1, 1),
(157, 'NCL', 'Nueva Caledonia', 1, 1),
(158, 'NER', 'Níger', 1, 1),
(159, 'NFK', 'Islas Norkfolk', 1, 1),
(160, 'NGA', 'Nigeria', 1, 1),
(161, 'NIC', 'Nicaragua', 1, 1),
(162, 'NLD', 'Países Bajos', 1, 1),
(163, 'NOR', 'Noruega', 1, 1),
(164, 'NPL', 'Nepal', 1, 1),
(165, 'NRU', 'Nauru', 1, 1),
(166, 'NIU', 'Niue', 1, 1),
(167, 'NZL', 'Nueva Zelanda', 1, 1),
(168, 'OMN', 'Omán', 1, 1),
(169, 'PAN', 'Panamá', 1, 1),
(171, 'PYF', 'Polinesia Francesa', 1, 1),
(172, 'PNG', 'Papúa Nueva Guinea', 1, 1),
(173, 'PHL', 'Filipinas', 1, 1),
(174, 'PAK', 'Pakistán', 1, 1),
(175, 'POL', 'Polonia', 1, 1),
(176, 'SPM', 'San Pedro y Miquelón', 1, 1),
(177, 'PCN', 'Islas Pitcairn', 1, 1),
(178, 'PRI', 'Puerto Rico', 1, 1),
(179, 'PSE', 'Palestina', 1, 1),
(180, 'PRT', 'Portugal', 1, 1),
(181, 'PLW', 'Islas Palaos', 1, 1),
(182, 'PRY', 'Paraguay', 1, 1),
(183, 'QAT', 'Qatar', 1, 1),
(184, 'REU', 'Reunión', 1, 1),
(185, 'ROU', 'Rumanía', 1, 1),
(186, 'SRB', 'Serbia y Montenegro', 1, 1),
(187, 'RUS', 'Rusia', 1, 1),
(188, 'RWA', 'Ruanda', 1, 1),
(189, 'SAU', 'Arabia Saudita', 1, 1),
(190, 'SLB', 'Islas Solomón', 1, 1),
(191, 'SYC', 'Seychelles', 1, 1),
(192, 'SDN', 'Sudán', 1, 1),
(193, 'SWE', 'Suecia', 1, 1),
(194, 'SGP', 'Singapur', 1, 1),
(195, 'SHN', 'Santa Elena', 1, 1),
(196, 'SVN', 'Eslovenia', 1, 1),
(197, 'SJM', 'Islas Svalbard y Jan Mayen', 1, 1),
(198, 'SVK', 'Eslovaquia', 1, 1),
(199, 'SLE', 'Sierra Leona', 1, 1),
(200, 'SMR', 'San Marino', 1, 1),
(201, 'SEN', 'Senegal', 1, 1),
(202, 'SOM', 'Somalia', 1, 1),
(203, 'SUR', 'Surinam', 1, 1),
(204, 'STP', 'Santo Tomé y Príncipe', 1, 1),
(205, 'SLV', 'El Salvador', 1, 1),
(206, 'SYR', 'Siria', 1, 1),
(207, 'SWZ', 'Suazilandia', 1, 1),
(208, 'TCA', 'Islas Turcas y Caicos', 1, 1),
(209, 'TCD', 'Chad', 1, 1),
(210, 'ATF', 'Territorios Australes Franceses', 1, 1),
(211, 'TGO', 'Togo', 1, 1),
(212, 'THA', 'Tailandia', 1, 1),
(213, 'TZA', 'Tanzania', 1, 1),
(214, 'TJK', 'Tayikistán', 1, 1),
(215, 'TKL', 'Tokelau', 1, 1),
(216, 'TLS', 'Timor-Leste', 1, 1),
(217, 'TKM', 'Turkmenistán', 1, 1),
(218, 'TUN', 'Túnez', 1, 1),
(219, 'TON', 'Tonga', 1, 1),
(220, 'TUR', 'Turquía', 1, 1),
(221, 'TTO', 'Trinidad y Tobago', 1, 1),
(222, 'TUV', 'Tuvalu', 1, 1),
(223, 'TWN', 'Taiwán', 1, 1),
(224, 'UKR', 'Ucrania', 1, 1),
(225, 'UGA', 'Uganda', 1, 1),
(226, 'USA', 'Estados Unidos de América', 1, 1),
(227, 'URY', 'Uruguay', 1, 1),
(228, 'UZB', 'Uzbekistán', 1, 1),
(229, 'VAT', 'Ciudad del Vaticano', 1, 1),
(230, 'VCT', 'San Vicente y las Granadinas', 1, 1),
(231, 'VEN', 'Venezuela', 1, 1),
(232, 'VGB', 'Islas Vírgenes Británicas', 1, 1),
(233, 'VIR', 'Islas Vírgenes de los Estados Unidos de América', 1, 1),
(234, 'VNM', 'Vietnam', 1, 1),
(235, 'VUT', 'Vanuatu', 1, 1),
(236, 'WLF', 'Wallis y Futuna', 1, 1),
(237, 'WSM', 'Samoa', 1, 1),
(238, 'YEM', 'Yemen', 1, 1),
(239, 'MYT', 'Mayotte', 1, 1),
(240, 'ZAF', 'Sudáfrica', 1, 1),
(241, 'PER', 'Perú', 1, 1),
(242, 'S/P', 'SIN PAIS', 1, 1);

-- --------------------------------------------------------

--
-- Estructura de tabla para la tabla `pedido`
--

DROP TABLE IF EXISTS `pedido`;
CREATE TABLE IF NOT EXISTS `pedido` (
  `id_pedido` int(11) NOT NULL AUTO_INCREMENT COMMENT 'ID UNICO',
  `cod_pedido` varchar(10) NOT NULL COMMENT 'CODIGO PEDIDO',
  `fecha_pedido` date NOT NULL COMMENT 'FECHA PEDIDO',
  `clte_pedido` int(11) NOT NULL COMMENT 'CLIENTE PEDIDO',
  `vend_pedido` int(11) NOT NULL COMMENT 'VENDEDOR PEDIDO',
  `moneda_pedido` int(11) NOT NULL COMMENT 'MONEDA PEDIDO',
  `almacen_pedido` int(11) NOT NULL COMMENT 'ALMACEN PEDIDO',
  `usuario_pedido` int(11) NOT NULL COMMENT 'USUARIO PEDIDO',
  `estatus_pedido` int(11) NOT NULL DEFAULT 0 COMMENT 'ESTATUS PEDIDO: STATUS_INACTIVO=0;GUIA_GENERADA = 1; DOCUMENTO_GENERADO = 2; PEDIDO_FINALIZADO = 3; PEDIDO_ANULADO = 4;',
  `sucursal_pedido` int(11) NOT NULL DEFAULT 0 COMMENT 'SUCURSAL PEDIDO',
  `condp_pedido` int(11) NOT NULL DEFAULT 0 COMMENT 'CONDICION PAGO PEDIDO',
  `tipo_pedido` varchar(2) NOT NULL COMMENT 'TIPO DE PEDIDO NP = PEDIDO, PR = PROFORMA, CT = COTIZACION  ',
  `edicion_pedido` varchar(1) DEFAULT 'N' COMMENT 'EDICION PEDIDO',
  `nrodoc_pedido` varchar(25) DEFAULT NULL COMMENT 'NRO DOCUMENTO PEDIDO',
  PRIMARY KEY (`id_pedido`,`cod_pedido`,`tipo_pedido`),
  UNIQUE KEY `cod_pedido` (`cod_pedido`,`tipo_pedido`),
  KEY `fecha_pedido` (`fecha_pedido`),
  KEY `clte_pedido` (`clte_pedido`),
  KEY `vend_pedido` (`vend_pedido`),
  KEY `moneda_pedido` (`moneda_pedido`),
  KEY `almacen_pedido` (`almacen_pedido`),
  KEY `usuario_pedido` (`usuario_pedido`),
  KEY `sucursal_pedido` (`sucursal_pedido`),
  KEY `condp_pedido` (`condp_pedido`),
  KEY `tipo_pedido` (`tipo_pedido`)
) ENGINE=InnoDB AUTO_INCREMENT=103 DEFAULT CHARSET=latin1 COMMENT='GUARDA PEDIDOS';

--
-- Volcado de datos para la tabla `pedido`
--

INSERT INTO `pedido` (`id_pedido`, `cod_pedido`, `fecha_pedido`, `clte_pedido`, `vend_pedido`, `moneda_pedido`, `almacen_pedido`, `usuario_pedido`, `estatus_pedido`, `sucursal_pedido`, `condp_pedido`, `tipo_pedido`, `edicion_pedido`, `nrodoc_pedido`) VALUES
(18, '0000000001', '2019-11-25', 520, 2, 1, 1, 2, 2, 1, 4, 'NP', 'N', ''),
(19, '0000000002', '2019-11-26', 512, 1, 1, 1, 2, 2, 1, 4, 'NP', 'N', ''),
(20, '0000000003', '2019-11-26', 631, 2, 1, 1, 2, 2, 1, 3, 'NP', 'N', '13'),
(21, '0000000004', '2019-12-03', 750, 3, 1, 1, 2, 2, 1, 4, 'NP', 'N', '61'),
(22, '0000000005', '2019-12-03', 589, 3, 1, 1, 2, 2, 1, 3, 'NP', 'N', ''),
(23, '0000000006', '2019-12-09', 229, 3, 1, 1, 2, 4, 1, 1, 'NP', 'N', ''),
(24, '0000000007', '2019-12-14', 142, 3, 1, 1, 2, 2, 1, 3, 'NP', 'N', '67'),
(25, '0000000008', '2019-12-14', 586, 3, 1, 1, 2, 2, 1, 3, 'NP', 'N', '65'),
(26, '0000000009', '2019-12-16', 712, 3, 1, 1, 2, 2, 1, 3, 'NP', 'N', '68'),
(27, '0000000010', '2019-12-16', 751, 2, 1, 1, 2, 4, 1, 1, 'NP', 'N', '24'),
(28, '0000000011', '2019-12-16', 752, 3, 1, 1, 2, 2, 1, 4, 'NP', 'N', ''),
(29, '0000000012', '2019-12-16', 751, 2, 1, 1, 2, 2, 1, 1, 'NP', 'N', ''),
(30, '0000000013', '2019-12-17', 706, 3, 1, 1, 2, 4, 1, 1, 'NP', 'N', ''),
(31, '0000000014', '2019-12-18', 706, 3, 1, 1, 2, 2, 1, 1, 'NP', 'N', ''),
(32, '0000000015', '2019-12-19', 301, 3, 1, 1, 2, 2, 1, 3, 'NP', 'N', ''),
(33, '0000000001', '2020-01-21', 420, 4, 1, 1, 2, 0, 1, 3, 'PR', 'N', ''),
(34, '0000000002', '2020-01-23', 751, 2, 1, 1, 2, 0, 1, 1, 'PR', 'N', '33'),
(35, '0000000003', '2020-01-24', 753, 2, 1, 1, 2, 0, 1, 4, 'PR', 'N', '000027'),
(36, '0000000004', '2020-01-24', 754, 2, 1, 1, 2, 0, 1, 4, 'PR', 'N', '000031'),
(37, '0000000016', '2020-01-24', 755, 6, 1, 1, 2, 2, 1, 3, 'NP', 'N', '27675'),
(38, '0000000017', '2020-01-24', 755, 6, 1, 1, 2, 2, 1, 1, 'NP', 'N', '27676'),
(39, '0000000018', '2020-01-24', 756, 6, 1, 1, 2, 2, 1, 3, 'NP', 'N', '27674'),
(40, '0000000019', '2020-01-24', 757, 6, 1, 1, 2, 2, 1, 3, 'NP', 'N', '27677'),
(41, '0000000020', '2020-01-24', 758, 6, 1, 1, 2, 2, 1, 3, 'NP', 'N', '27678'),
(42, '0000000021', '2020-01-24', 758, 6, 1, 1, 2, 2, 1, 3, 'NP', 'N', '27679'),
(43, '0000000022', '2020-01-25', 609, 3, 1, 1, 2, 4, 1, 4, 'NP', 'N', '000071'),
(44, '0000000023', '2020-01-25', 759, 3, 1, 1, 2, 4, 1, 4, 'NP', 'N', '000073'),
(45, '0000000024', '2020-01-25', 679, 3, 1, 1, 2, 2, 1, 3, 'NP', 'N', '000071'),
(46, '0000000025', '2020-01-25', 679, 3, 1, 1, 2, 2, 1, 3, 'NP', 'N', '000072'),
(47, '0000000026', '2020-01-27', 512, 1, 1, 1, 2, 2, 1, 4, 'NP', 'N', '000034'),
(48, '0000000027', '2020-01-29', 760, 6, 1, 1, 2, 4, 1, 2, 'NP', 'N', '10093331538'),
(49, '0000000028', '2020-01-30', 761, 6, 1, 1, 2, 4, 1, 2, 'NP', 'N', ''),
(50, '0000000029', '2020-01-30', 762, 3, 1, 1, 2, 2, 1, 4, 'NP', 'N', '000078'),
(51, '0000000005', '2020-01-31', 15, 2, 1, 1, 2, 0, 1, 1, 'PR', 'N', '000044'),
(52, '0000000006', '2020-01-31', 233, 1, 1, 1, 2, 0, 1, 4, 'PR', 'N', '000037'),
(53, '0000000007', '2020-01-31', 763, 2, 1, 1, 2, 0, 1, 4, 'PR', 'N', '000047'),
(54, '0000000030', '2020-01-31', 764, 3, 1, 1, 2, 2, 1, 3, 'NP', 'N', '003469'),
(55, '0000000031', '2020-01-31', 387, 1, 1, 1, 2, 2, 1, 4, 'NP', 'N', ''),
(56, '0000000032', '2020-01-31', 387, 1, 1, 1, 2, 2, 1, 4, 'NP', 'N', ''),
(57, '0000000033', '2020-02-01', 765, 2, 1, 1, 2, 2, 1, 1, 'NP', 'N', '000045'),
(58, '0000000034', '2020-02-01', 765, 2, 1, 1, 2, 2, 1, 1, 'NP', 'N', '000045'),
(59, '0000000035', '2020-02-01', 765, 2, 1, 1, 2, 2, 1, 1, 'NP', 'N', '000046'),
(60, '0000000036', '2020-02-03', 231, 3, 1, 1, 2, 0, 1, 1, 'NP', 'N', ''),
(61, '0000000037', '2020-02-04', 766, 6, 1, 1, 2, 2, 1, 3, 'NP', 'N', '27696'),
(62, '0000000038', '2020-02-04', 767, 6, 1, 1, 2, 2, 1, 3, 'NP', 'N', '27697'),
(63, '0000000008', '2020-02-04', 767, 6, 1, 1, 2, 0, 1, 3, 'PR', 'N', '27697'),
(64, '0000000009', '2020-02-04', 120, 2, 1, 1, 2, 0, 1, 4, 'PR', 'N', '36'),
(65, '0000000039', '2020-02-05', 497, 2, 1, 1, 2, 2, 1, 3, 'NP', 'N', '000035'),
(66, '0000000040', '2020-02-06', 768, 3, 1, 1, 2, 0, 1, 1, 'NP', 'N', '000076'),
(67, '0000000041', '2020-02-06', 768, 3, 1, 1, 2, 0, 1, 1, 'NP', 'N', '000077'),
(68, '0000000010', '2020-02-06', 754, 2, 1, 1, 2, 0, 1, 4, 'PR', 'N', '001003'),
(69, '0000000011', '2020-02-06', 751, 2, 1, 1, 2, 0, 1, 1, 'PR', 'N', ''),
(70, '0000000042', '2020-02-06', 769, 3, 1, 1, 2, 2, 1, 4, 'NP', 'N', '000079'),
(71, '0000000043', '2020-02-06', 234, 3, 1, 1, 2, 2, 1, 4, 'NP', 'N', '000075'),
(72, '0000000044', '2020-02-07', 755, 6, 1, 1, 2, 2, 1, 1, 'NP', 'N', '001152'),
(73, '0000000045', '2020-02-07', 587, 1, 1, 1, 2, 4, 1, 3, 'NP', 'N', '001151'),
(74, '0000000046', '2020-02-07', 770, 6, 1, 1, 2, 2, 1, 3, 'NP', 'N', '001151'),
(75, '0000000047', '2020-02-08', 628, 1, 1, 1, 2, 2, 1, 3, 'NP', 'N', '000088'),
(76, '0000000048', '2020-02-10', 572, 2, 1, 1, 2, 2, 1, 3, 'NP', 'N', '000087'),
(77, '0000000012', '2020-02-10', 591, 4, 1, 1, 2, 0, 1, 3, 'PR', 'N', ''),
(78, '0000000049', '2020-02-11', 771, 3, 1, 1, 2, 2, 1, 1, 'NP', 'N', '000151'),
(79, '0000000050', '2020-02-13', 772, 6, 1, 1, 2, 2, 1, 1, 'NP', 'N', '001153'),
(80, '0000000013', '2020-02-13', 772, 6, 1, 1, 2, 0, 1, 1, 'PR', 'N', ''),
(81, '0000000051', '2020-02-13', 773, 6, 1, 1, 2, 2, 1, 1, 'NP', 'N', '000083'),
(82, '0000000014', '2020-02-17', 774, 4, 1, 1, 2, 0, 1, 1, 'PR', 'N', ''),
(83, '0000000052', '2020-02-17', 759, 3, 1, 1, 2, 2, 1, 4, 'NP', 'N', '000073'),
(84, '0000000053', '2020-02-17', 760, 6, 1, 1, 2, 2, 1, 3, 'NP', 'N', ''),
(85, '0000000054', '2020-02-17', 761, 6, 1, 1, 2, 2, 1, 2, 'NP', 'N', ''),
(86, '0000000055', '2020-02-17', 609, 3, 1, 1, 2, 2, 1, 4, 'NP', 'N', ''),
(87, '0000000056', '2020-02-18', 775, 2, 1, 1, 2, 0, 1, 1, 'NP', 'N', '269'),
(88, '0000000057', '2020-02-19', 737, 3, 1, 1, 2, 0, 1, 1, 'NP', 'N', '000158'),
(89, '0000000015', '2020-02-19', 751, 2, 1, 1, 2, 0, 1, 1, 'PR', 'N', '001007'),
(90, '0000000016', '2020-02-19', 116, 2, 1, 1, 2, 0, 1, 4, 'PR', 'N', '001005'),
(91, '0000000017', '2020-02-19', 184, 2, 1, 1, 2, 0, 1, 1, 'PR', 'N', '000273'),
(92, '0000000058', '2020-02-19', 764, 3, 1, 1, 2, 2, 1, 3, 'NP', 'N', '000157'),
(93, '0000000018', '2020-02-19', 754, 2, 1, 1, 2, 0, 1, 4, 'PR', 'N', '001010'),
(94, '0000000019', '2020-02-20', 419, 4, 1, 1, 2, 0, 1, 3, 'PR', 'N', ''),
(95, '0000000020', '2020-02-21', 754, 2, 1, 1, 2, 0, 1, 4, 'PR', 'N', ''),
(96, '0000000021', '2020-02-21', 323, 2, 1, 1, 2, 0, 1, 4, 'PR', 'N', ''),
(97, '0000000022', '2020-02-21', 774, 4, 1, 1, 2, 0, 1, 1, 'PR', 'N', ''),
(98, '0000000023', '2020-02-21', 761, 6, 1, 1, 2, 0, 1, 1, 'PR', 'N', ''),
(99, '0000000059', '2020-02-22', 520, 2, 1, 1, 2, 0, 1, 4, 'NP', 'N', '000276'),
(100, '0000000060', '2020-02-22', 776, 3, 1, 1, 2, 0, 1, 1, 'NP', 'N', '000162'),
(101, '0000000061', '2020-02-22', 142, 3, 1, 1, 2, 0, 1, 3, 'NP', 'N', '000161'),
(102, '0000000062', '2020-02-22', 142, 3, 1, 1, 2, 0, 1, 3, 'NP', 'N', '000163');

-- --------------------------------------------------------

--
-- Estructura de tabla para la tabla `pedido_detalle`
--

DROP TABLE IF EXISTS `pedido_detalle`;
CREATE TABLE IF NOT EXISTS `pedido_detalle` (
  `id_pdetalle` int(11) NOT NULL AUTO_INCREMENT COMMENT 'ID UNICO',
  `prod_pdetalle` int(11) NOT NULL COMMENT 'PRODUCTO PEDIDO DETALLE',
  `cant_pdetalle` decimal(18,2) NOT NULL DEFAULT 0.00 COMMENT 'CANTIDAD PEDIDO DETALLE',
  `precio_pdetalle` decimal(18,2) NOT NULL DEFAULT 0.00 COMMENT 'PRECIO PEDIDO DETALLE',
  `descu_pdetalle` decimal(18,2) NOT NULL DEFAULT 0.00 COMMENT 'DESCUENTO % PEDIDO DETALLE',
  `impuesto_pdetalle` decimal(18,0) NOT NULL DEFAULT 0 COMMENT 'IMPUESTO PEDIDO DETALLE',
  `status_pdetalle` int(11) NOT NULL DEFAULT 1 COMMENT 'ESTATUS PEDIDO DETALLE',
  `pedido_pdetalle` int(11) NOT NULL DEFAULT 0,
  `plista_pdetalle` decimal(18,2) NOT NULL DEFAULT 0.00 COMMENT 'PRECIO LISTA PEDIDO DETALLE',
  `total_pdetalle` decimal(18,2) NOT NULL DEFAULT 0.00 COMMENT 'TOTAL PEDIDO DETALLE',
  PRIMARY KEY (`id_pdetalle`),
  KEY `prod_pdetalle` (`prod_pdetalle`),
  KEY `pedido_pdetalle` (`pedido_pdetalle`)
) ENGINE=InnoDB AUTO_INCREMENT=1168 DEFAULT CHARSET=latin1 COMMENT='GUARDA DETALLE DE PEDIDOS';

--
-- Volcado de datos para la tabla `pedido_detalle`
--

INSERT INTO `pedido_detalle` (`id_pdetalle`, `prod_pdetalle`, `cant_pdetalle`, `precio_pdetalle`, `descu_pdetalle`, `impuesto_pdetalle`, `status_pdetalle`, `pedido_pdetalle`, `plista_pdetalle`, `total_pdetalle`) VALUES
(74, 150, '10.00', '113.00', '0.00', '18', 1, 18, '113.00', '1130.00'),
(75, 634, '50.00', '4.00', '0.00', '18', 1, 19, '4.00', '200.00'),
(76, 636, '20.00', '13.00', '0.00', '18', 1, 19, '13.00', '260.00'),
(77, 635, '20.00', '13.00', '0.00', '18', 1, 19, '13.00', '260.00'),
(78, 637, '20.00', '13.00', '0.00', '18', 1, 19, '13.00', '260.00'),
(79, 624, '50.00', '2.00', '0.00', '18', 1, 19, '2.00', '100.00'),
(81, 603, '10.00', '9.00', '0.00', '18', 1, 19, '9.00', '90.00'),
(82, 657, '5.00', '17.50', '0.00', '18', 1, 19, '15.70', '87.50'),
(83, 656, '5.00', '17.50', '0.00', '18', 1, 19, '15.70', '87.50'),
(86, 665, '10.00', '7.50', '0.00', '18', 1, 19, '7.50', '75.00'),
(87, 664, '10.00', '7.50', '0.00', '18', 1, 19, '7.50', '75.00'),
(88, 667, '10.00', '7.50', '0.00', '18', 1, 19, '7.50', '75.00'),
(89, 666, '10.00', '7.50', '0.00', '18', 1, 19, '7.50', '75.00'),
(90, 648, '1.00', '8.50', '0.00', '18', 1, 20, '8.50', '8.50'),
(91, 649, '1.00', '8.50', '0.00', '18', 1, 20, '8.50', '8.50'),
(93, 633, '20.00', '4.00', '0.00', '18', 1, 20, '4.00', '80.00'),
(94, 634, '20.00', '4.00', '0.00', '18', 1, 20, '4.00', '80.00'),
(95, 675, '10.00', '12.00', '0.00', '18', 1, 20, '12.00', '120.00'),
(96, 637, '5.00', '13.00', '0.00', '18', 1, 20, '13.00', '65.00'),
(97, 638, '5.00', '13.00', '0.00', '18', 1, 20, '13.00', '65.00'),
(98, 161, '2.00', '120.50', '0.00', '18', 1, 20, '120.50', '241.00'),
(99, 10, '2.00', '40.00', '0.00', '18', 1, 21, '40.00', '80.00'),
(100, 30, '2.00', '110.00', '0.00', '18', 1, 21, '110.00', '220.00'),
(101, 41, '3.00', '90.00', '0.00', '18', 1, 21, '90.00', '270.00'),
(103, 51, '2.00', '38.00', '0.00', '18', 1, 21, '38.00', '76.00'),
(104, 50, '2.00', '38.00', '0.00', '18', 1, 21, '38.00', '76.00'),
(105, 54, '3.00', '70.00', '0.00', '18', 1, 21, '70.00', '210.00'),
(106, 59, '1.00', '102.00', '0.00', '18', 1, 21, '102.00', '102.00'),
(108, 80, '2.00', '80.00', '0.00', '18', 1, 21, '80.00', '160.00'),
(109, 81, '2.00', '150.00', '0.00', '18', 1, 21, '150.00', '300.00'),
(110, 90, '1.00', '130.80', '0.00', '18', 1, 21, '130.80', '130.80'),
(111, 96, '1.00', '111.00', '0.00', '18', 1, 21, '111.00', '111.00'),
(112, 109, '1.00', '145.30', '0.00', '18', 1, 21, '145.30', '145.30'),
(113, 111, '1.00', '136.60', '0.00', '18', 1, 21, '136.60', '136.60'),
(114, 120, '2.00', '118.20', '0.00', '18', 1, 21, '118.20', '236.40'),
(115, 123, '6.00', '60.00', '0.00', '18', 1, 21, '60.00', '360.00'),
(116, 128, '1.00', '114.94', '3.00', '18', 1, 21, '118.50', '114.94'),
(117, 132, '1.00', '133.80', '0.00', '18', 1, 21, '133.80', '133.80'),
(118, 152, '2.00', '13.00', '0.00', '18', 1, 21, '13.00', '26.00'),
(119, 151, '2.00', '13.00', '0.00', '18', 1, 21, '13.00', '26.00'),
(120, 165, '2.00', '63.00', '0.00', '18', 1, 21, '63.00', '126.00'),
(121, 129, '2.00', '110.00', '0.00', '18', 1, 21, '110.00', '220.00'),
(122, 69, '1.00', '130.00', '0.00', '18', 1, 21, '130.00', '130.00'),
(123, 689, '1.00', '115.40', '0.00', '18', 1, 21, '115.40', '115.40'),
(124, 600, '3.00', '13.30', '5.00', '18', 1, 22, '14.00', '39.90'),
(125, 599, '3.00', '13.30', '5.00', '18', 1, 22, '14.00', '39.90'),
(126, 604, '3.00', '8.55', '5.00', '18', 1, 22, '9.00', '25.65'),
(127, 603, '3.00', '8.55', '5.00', '18', 1, 22, '9.00', '25.65'),
(128, 651, '3.00', '9.50', '5.00', '18', 1, 22, '10.00', '28.50'),
(129, 650, '3.00', '9.50', '5.00', '18', 1, 22, '10.00', '28.50'),
(130, 671, '5.00', '29.10', '3.00', '18', 1, 22, '30.00', '145.50'),
(131, 127, '3.00', '95.00', '5.00', '18', 1, 22, '100.00', '285.00'),
(132, 22, '3.00', '32.00', '0.00', '18', 1, 23, '32.00', '96.00'),
(134, 10, '2.00', '39.20', '2.00', '18', 1, 23, '40.00', '78.40'),
(135, 123, '2.00', '60.00', '0.00', '18', 1, 23, '60.00', '120.00'),
(136, 690, '4.00', '35.28', '2.00', '18', 1, 23, '36.00', '141.12'),
(137, 148, '2.00', '45.08', '2.00', '18', 1, 23, '46.00', '90.16'),
(138, 152, '3.00', '12.35', '5.00', '18', 1, 23, '13.00', '37.05'),
(139, 151, '3.00', '12.35', '5.00', '18', 1, 23, '13.00', '37.05'),
(140, 156, '1.00', '49.00', '2.00', '18', 1, 23, '50.00', '49.00'),
(141, 155, '1.00', '49.00', '2.00', '18', 1, 23, '50.00', '49.00'),
(142, 165, '1.00', '62.37', '1.00', '18', 1, 23, '63.00', '62.37'),
(143, 166, '2.00', '45.00', '0.00', '18', 1, 23, '45.00', '90.00'),
(144, 162, '1.00', '73.50', '2.00', '18', 1, 23, '75.00', '73.50'),
(146, 137, '2.00', '54.88', '2.00', '18', 1, 23, '56.00', '109.76'),
(149, 47, '2.00', '53.35', '3.00', '18', 1, 23, '55.00', '106.70'),
(150, 460, '1.00', '14.25', '5.00', '18', 1, 24, '15.00', '14.25'),
(151, 459, '1.00', '14.25', '5.00', '18', 1, 24, '15.00', '14.25'),
(152, 651, '4.00', '10.00', '0.00', '18', 1, 24, '10.00', '40.00'),
(153, 650, '4.00', '10.00', '0.00', '18', 1, 24, '10.00', '40.00'),
(154, 22, '3.00', '32.00', '0.00', '18', 1, 24, '32.00', '96.00'),
(155, 149, '4.00', '103.88', '2.00', '18', 1, 25, '106.00', '415.52'),
(156, 150, '3.00', '110.74', '2.00', '18', 1, 25, '113.00', '332.22'),
(157, 54, '1.00', '70.00', '0.00', '18', 1, 25, '70.00', '70.00'),
(158, 140, '2.00', '21.00', '0.00', '18', 1, 25, '20.00', '42.00'),
(159, 139, '1.00', '139.65', '5.00', '18', 1, 25, '147.00', '139.65'),
(160, 143, '1.00', '91.18', '3.00', '18', 1, 25, '94.00', '91.18'),
(161, 161, '1.00', '116.89', '3.00', '18', 1, 25, '120.50', '116.89'),
(162, 690, '10.00', '35.28', '2.00', '18', 1, 26, '36.00', '352.80'),
(163, 137, '2.00', '54.88', '2.00', '18', 1, 26, '56.00', '109.76'),
(164, 123, '1.00', '60.00', '0.00', '18', 1, 26, '60.00', '60.00'),
(165, 140, '2.00', '41.80', '5.00', '18', 1, 26, '44.00', '83.60'),
(166, 152, '3.00', '12.48', '4.00', '18', 1, 26, '13.00', '37.44'),
(167, 151, '3.00', '12.48', '4.00', '18', 1, 26, '13.00', '37.44'),
(168, 123, '1.00', '54.00', '10.00', '18', 1, 27, '60.00', '54.00'),
(169, 690, '3.00', '32.40', '10.00', '18', 1, 27, '36.00', '97.20'),
(171, 133, '1.00', '81.00', '10.00', '18', 1, 27, '90.00', '81.00'),
(172, 167, '2.00', '20.25', '10.00', '18', 1, 27, '22.50', '40.50'),
(173, 166, '2.00', '40.50', '10.00', '18', 1, 27, '45.00', '81.00'),
(174, 165, '1.00', '56.70', '10.00', '18', 1, 27, '63.00', '56.70'),
(175, 172, '1.00', '36.00', '10.00', '18', 1, 27, '40.00', '36.00'),
(176, 47, '3.00', '53.35', '3.00', '18', 1, 28, '55.00', '160.05'),
(177, 689, '1.00', '111.94', '3.00', '18', 1, 28, '115.40', '111.94'),
(178, 690, '6.00', '34.92', '3.00', '18', 1, 28, '36.00', '209.52'),
(179, 127, '2.00', '100.00', '0.00', '18', 1, 28, '100.00', '200.00'),
(180, 138, '2.00', '105.73', '3.00', '18', 1, 28, '109.00', '211.46'),
(181, 141, '2.00', '88.27', '3.00', '18', 1, 28, '91.00', '176.54'),
(182, 142, '2.00', '98.94', '3.00', '18', 1, 28, '102.00', '197.88'),
(183, 162, '2.00', '72.75', '3.00', '18', 1, 28, '75.00', '145.50'),
(184, 123, '1.00', '54.00', '10.00', '18', 1, 29, '60.00', '54.00'),
(185, 690, '3.00', '32.40', '10.00', '18', 1, 29, '36.00', '97.20'),
(186, 133, '1.00', '81.00', '10.00', '18', 1, 29, '90.00', '81.00'),
(187, 167, '2.00', '20.25', '10.00', '18', 1, 29, '22.50', '40.50'),
(188, 166, '2.00', '20.25', '10.00', '18', 1, 29, '22.50', '40.50'),
(189, 165, '1.00', '56.70', '10.00', '18', 1, 29, '63.00', '56.70'),
(190, 172, '1.00', '36.00', '10.00', '18', 1, 29, '40.00', '36.00'),
(191, 68, '2.00', '60.00', '0.00', '18', 1, 30, '60.00', '120.00'),
(192, 49, '2.00', '90.00', '0.00', '18', 1, 30, '90.00', '180.00'),
(193, 690, '5.00', '36.00', '0.00', '18', 1, 30, '36.00', '180.00'),
(194, 68, '2.00', '60.00', '0.00', '18', 1, 31, '60.00', '120.00'),
(195, 49, '1.00', '90.00', '0.00', '18', 1, 31, '90.00', '90.00'),
(196, 690, '5.00', '36.00', '0.00', '18', 1, 31, '36.00', '180.00'),
(197, 43, '1.00', '29.00', '0.00', '18', 1, 32, '29.00', '29.00'),
(198, 80, '1.00', '76.00', '5.00', '18', 1, 33, '80.00', '76.00'),
(199, 30, '1.00', '99.00', '10.00', '18', 1, 34, '110.00', '99.00'),
(200, 54, '1.00', '63.00', '10.00', '18', 1, 34, '70.00', '63.00'),
(201, 80, '1.00', '72.00', '10.00', '18', 1, 34, '80.00', '72.00'),
(202, 123, '1.00', '54.00', '10.00', '18', 1, 34, '60.00', '54.00'),
(204, 165, '2.00', '56.70', '10.00', '18', 1, 34, '63.00', '113.40'),
(211, 18, '1.00', '71.64', '10.00', '18', 1, 34, '79.60', '71.64'),
(212, 27, '2.00', '38.70', '10.00', '18', 1, 34, '43.00', '77.40'),
(213, 154, '1.00', '27.00', '10.00', '18', 1, 34, '30.00', '27.00'),
(214, 153, '1.00', '27.00', '10.00', '18', 1, 34, '30.00', '27.00'),
(215, 97, '2.00', '31.50', '10.00', '18', 1, 34, '35.00', '63.00'),
(216, 108, '1.00', '60.30', '10.00', '18', 1, 34, '67.00', '60.30'),
(217, 113, '1.00', '97.65', '10.00', '18', 1, 34, '108.50', '97.65'),
(218, 712, '2.00', '18.60', '7.00', '18', 1, 35, '20.00', '37.20'),
(219, 713, '2.00', '18.60', '7.00', '18', 1, 35, '20.00', '37.20'),
(220, 772, '5.00', '6.51', '7.00', '18', 1, 35, '7.00', '32.55'),
(221, 773, '5.00', '6.51', '7.00', '18', 1, 35, '7.00', '32.55'),
(222, 451, '5.00', '9.30', '7.00', '18', 1, 35, '10.00', '46.50'),
(223, 454, '5.00', '9.30', '7.00', '18', 1, 35, '10.00', '46.50'),
(224, 753, '2.00', '26.04', '7.00', '18', 1, 35, '28.00', '52.08'),
(225, 520, '2.00', '26.04', '7.00', '18', 1, 35, '28.00', '52.08'),
(226, 521, '2.00', '26.04', '7.00', '18', 1, 35, '28.00', '52.08'),
(227, 522, '2.00', '26.04', '7.00', '18', 1, 35, '28.00', '52.08'),
(228, 486, '5.00', '11.20', '7.00', '18', 1, 35, '12.00', '56.00'),
(229, 487, '10.00', '11.20', '0.00', '18', 1, 35, '12.00', '112.00'),
(230, 755, '2.00', '14.88', '7.00', '18', 1, 35, '16.00', '29.76'),
(231, 756, '2.00', '14.88', '7.00', '18', 1, 35, '16.00', '29.76'),
(232, 766, '1.00', '46.50', '7.00', '18', 1, 35, '50.00', '46.50'),
(233, 767, '2.00', '46.50', '7.00', '18', 1, 35, '50.00', '93.00'),
(234, 771, '10.00', '3.72', '7.00', '18', 1, 35, '4.00', '37.20'),
(235, 793, '2.00', '23.25', '7.00', '18', 1, 35, '25.00', '46.50'),
(236, 794, '2.00', '23.25', '7.00', '18', 1, 35, '25.00', '46.50'),
(237, 785, '2.00', '33.48', '7.00', '18', 1, 35, '36.00', '66.96'),
(238, 573, '1.00', '18.13', '7.00', '18', 1, 35, '19.50', '18.13'),
(239, 574, '1.00', '18.13', '7.00', '18', 1, 35, '19.50', '18.13'),
(240, 808, '2.00', '18.13', '7.00', '18', 1, 35, '19.50', '36.27'),
(241, 823, '10.00', '5.58', '7.00', '18', 1, 35, '6.00', '55.80'),
(242, 847, '2.00', '29.76', '7.00', '18', 1, 35, '32.00', '59.52'),
(243, 883, '10.00', '9.30', '7.00', '18', 1, 35, '10.00', '93.00'),
(244, 910, '2.00', '13.95', '7.00', '18', 1, 35, '15.00', '27.90'),
(245, 911, '2.00', '13.95', '7.00', '18', 1, 35, '15.00', '27.90'),
(246, 912, '2.00', '13.95', '7.00', '18', 1, 35, '15.00', '27.90'),
(247, 913, '2.00', '13.95', '7.00', '18', 1, 35, '15.00', '27.90'),
(257, 921, '2.00', '21.39', '7.00', '18', 1, 35, '23.00', '42.78'),
(258, 922, '2.00', '21.39', '7.00', '18', 1, 35, '23.00', '42.78'),
(259, 656, '4.00', '14.44', '8.00', '18', 1, 35, '15.70', '57.78'),
(260, 934, '3.00', '9.77', '7.00', '18', 1, 35, '10.50', '29.30'),
(261, 935, '3.00', '9.77', '7.00', '18', 1, 35, '10.50', '29.30'),
(262, 676, '2.00', '17.20', '7.00', '18', 1, 35, '18.50', '34.41'),
(263, 677, '2.00', '17.20', '7.00', '18', 1, 35, '18.50', '34.41'),
(264, 679, '2.00', '17.20', '7.00', '18', 1, 35, '18.50', '34.41'),
(265, 678, '2.00', '17.20', '7.00', '18', 1, 35, '18.50', '34.41'),
(266, 712, '6.00', '18.60', '7.00', '18', 1, 36, '20.00', '111.60'),
(267, 772, '10.00', '6.51', '7.00', '18', 1, 36, '7.00', '65.10'),
(268, 773, '10.00', '6.51', '7.00', '18', 1, 36, '7.00', '65.10'),
(269, 774, '6.00', '13.95', '7.00', '18', 1, 36, '15.00', '83.70'),
(270, 775, '2.00', '13.95', '7.00', '18', 1, 36, '15.00', '27.90'),
(271, 443, '10.00', '5.58', '7.00', '18', 1, 36, '6.00', '55.80'),
(272, 444, '10.00', '5.58', '7.00', '18', 1, 36, '6.00', '55.80'),
(273, 718, '10.00', '7.25', '7.00', '18', 1, 36, '7.80', '72.54'),
(274, 719, '10.00', '7.25', '7.00', '18', 1, 36, '7.80', '72.54'),
(275, 747, '6.00', '10.23', '7.00', '18', 1, 36, '11.00', '61.38'),
(276, 748, '6.00', '10.23', '7.00', '18', 1, 36, '11.00', '61.38'),
(277, 735, '6.00', '7.44', '7.00', '18', 1, 36, '8.00', '44.64'),
(278, 736, '6.00', '7.44', '7.00', '18', 1, 36, '8.00', '44.64'),
(279, 729, '6.00', '5.58', '7.00', '18', 1, 36, '6.00', '33.48'),
(280, 730, '6.00', '5.58', '7.00', '18', 1, 36, '6.00', '33.48'),
(281, 460, '6.00', '13.02', '7.00', '18', 1, 36, '14.00', '78.12'),
(282, 753, '5.00', '26.04', '7.00', '18', 1, 36, '28.00', '130.20'),
(283, 520, '5.00', '26.04', '7.00', '18', 1, 36, '28.00', '130.20'),
(284, 521, '5.00', '26.04', '7.00', '18', 1, 36, '28.00', '130.20'),
(285, 522, '5.00', '26.04', '7.00', '18', 1, 36, '28.00', '130.20'),
(286, 487, '10.00', '11.16', '7.00', '18', 1, 36, '12.00', '111.60'),
(287, 727, '6.00', '5.58', '7.00', '18', 1, 36, '6.00', '33.48'),
(288, 728, '15.00', '5.58', '7.00', '18', 1, 36, '6.00', '83.70'),
(289, 763, '2.00', '35.34', '7.00', '18', 1, 36, '38.00', '70.68'),
(290, 511, '2.00', '35.34', '7.00', '18', 1, 36, '38.00', '70.68'),
(291, 766, '2.00', '46.50', '7.00', '18', 1, 36, '50.00', '93.00'),
(292, 767, '2.00', '46.50', '7.00', '18', 1, 36, '50.00', '93.00'),
(293, 781, '6.00', '16.74', '7.00', '18', 1, 36, '18.00', '100.44'),
(294, 530, '8.00', '16.74', '7.00', '18', 1, 36, '18.00', '133.92'),
(295, 789, '6.00', '25.11', '7.00', '18', 1, 36, '27.00', '150.66'),
(296, 785, '4.00', '33.48', '7.00', '18', 1, 36, '36.00', '133.92'),
(297, 786, '5.00', '6.51', '7.00', '18', 1, 36, '7.00', '32.55'),
(298, 787, '5.00', '6.51', '7.00', '18', 1, 36, '7.00', '32.55'),
(299, 863, '6.00', '15.81', '7.00', '18', 1, 36, '17.00', '94.86'),
(300, 841, '6.00', '7.44', '7.00', '18', 1, 36, '8.00', '44.64'),
(301, 842, '6.00', '7.44', '7.00', '18', 1, 36, '8.00', '44.64'),
(302, 603, '8.00', '7.44', '7.00', '18', 1, 36, '8.00', '59.52'),
(303, 859, '2.00', '102.30', '7.00', '18', 1, 36, '110.00', '204.60'),
(304, 913, '6.00', '13.95', '7.00', '18', 1, 36, '15.00', '83.70'),
(305, 633, '20.00', '3.72', '7.00', '18', 1, 36, '4.00', '74.40'),
(306, 634, '20.00', '3.72', '7.00', '18', 1, 36, '4.00', '74.40'),
(307, 1020, '10.00', '7.44', '7.00', '18', 1, 36, '8.00', '74.40'),
(308, 994, '4.00', '22.32', '7.00', '18', 1, 36, '24.00', '89.28'),
(309, 642, '8.00', '5.58', '7.00', '18', 1, 36, '6.00', '44.64'),
(310, 643, '8.00', '5.58', '7.00', '18', 1, 36, '6.00', '44.64'),
(311, 992, '10.00', '29.76', '7.00', '18', 1, 36, '32.00', '297.60'),
(312, 943, '8.00', '11.63', '7.00', '18', 1, 36, '12.50', '93.00'),
(313, 935, '6.00', '9.77', '7.00', '18', 1, 36, '10.50', '58.59'),
(314, 439, '2.00', '3.00', '0.00', '18', 1, 35, '3.00', '6.00'),
(315, 440, '2.00', '3.00', '0.00', '18', 1, 35, '3.00', '6.00'),
(316, 441, '2.00', '3.00', '0.00', '18', 1, 35, '3.00', '6.00'),
(317, 442, '2.00', '3.00', '0.00', '18', 1, 35, '3.00', '6.00'),
(318, 544, '2.00', '15.00', '0.00', '18', 1, 35, '15.00', '30.00'),
(319, 545, '2.00', '15.00', '0.00', '18', 1, 35, '15.00', '30.00'),
(320, 542, '2.00', '15.00', '0.00', '18', 1, 35, '15.00', '30.00'),
(321, 543, '2.00', '15.00', '0.00', '18', 1, 35, '15.00', '30.00'),
(322, 658, '5.00', '12.09', '7.00', '18', 1, 35, '13.00', '60.45'),
(323, 439, '10.00', '3.00', '0.00', '18', 1, 36, '3.00', '30.00'),
(324, 440, '10.00', '3.00', '0.00', '18', 1, 36, '3.00', '30.00'),
(325, 441, '10.00', '3.00', '0.00', '18', 1, 36, '3.00', '30.00'),
(326, 442, '10.00', '3.00', '0.00', '18', 1, 36, '3.00', '30.00'),
(327, 524, '6.00', '37.20', '7.00', '18', 1, 36, '43.00', '223.20'),
(328, 473, '2.00', '29.30', '7.00', '18', 1, 36, '31.50', '58.59'),
(329, 474, '2.00', '29.30', '7.00', '18', 1, 36, '31.50', '58.59'),
(330, 477, '1.00', '48.83', '7.00', '18', 1, 36, '52.50', '48.83'),
(331, 478, '1.00', '48.83', '7.00', '18', 1, 36, '52.50', '48.83'),
(332, 479, '1.00', '48.83', '7.00', '18', 1, 36, '52.50', '48.83'),
(333, 480, '1.00', '48.83', '7.00', '18', 1, 36, '52.50', '48.83'),
(334, 526, '4.00', '23.30', '7.00', '18', 1, 36, '25.00', '93.20'),
(335, 527, '4.00', '23.30', '0.00', '18', 1, 36, '25.00', '93.20'),
(336, 704, '2.00', '47.50', '5.00', '18', 1, 37, '50.00', '95.00'),
(337, 705, '2.00', '47.50', '5.00', '18', 1, 37, '50.00', '95.00'),
(338, 707, '4.00', '19.00', '5.00', '18', 1, 37, '20.00', '76.00'),
(339, 443, '10.00', '5.70', '5.00', '18', 1, 37, '6.00', '57.00'),
(340, 444, '10.00', '5.70', '5.00', '18', 1, 37, '6.00', '57.00'),
(341, 447, '3.00', '14.25', '5.00', '18', 1, 37, '15.00', '42.75'),
(342, 448, '7.00', '14.25', '5.00', '18', 1, 37, '15.00', '99.75'),
(343, 741, '3.00', '20.90', '5.00', '18', 1, 37, '22.00', '62.70'),
(344, 757, '3.00', '15.20', '5.00', '18', 1, 37, '16.00', '45.60'),
(345, 758, '3.00', '15.20', '5.00', '18', 1, 37, '16.00', '45.60'),
(346, 527, '4.00', '23.75', '5.00', '18', 1, 37, '25.00', '95.00'),
(347, 526, '4.00', '23.75', '5.00', '18', 1, 37, '25.00', '95.00'),
(348, 525, '4.00', '23.75', '5.00', '18', 1, 37, '25.00', '95.00'),
(349, 797, '10.00', '2.38', '5.00', '18', 1, 37, '2.50', '23.75'),
(350, 809, '2.00', '27.55', '5.00', '18', 1, 37, '29.00', '55.10'),
(351, 810, '2.00', '27.55', '5.00', '18', 1, 37, '29.00', '55.10'),
(352, 872, '10.00', '30.40', '5.00', '18', 1, 37, '32.00', '304.00'),
(353, 873, '10.00', '30.40', '5.00', '18', 1, 37, '32.00', '304.00'),
(354, 823, '10.00', '5.70', '5.00', '18', 1, 37, '6.00', '57.00'),
(355, 868, '1.00', '47.50', '5.00', '18', 1, 37, '50.00', '47.50'),
(356, 869, '1.00', '47.50', '5.00', '18', 1, 37, '50.00', '47.50'),
(357, 874, '2.00', '28.50', '5.00', '18', 1, 37, '30.00', '57.00'),
(358, 875, '2.00', '28.50', '5.00', '18', 1, 37, '30.00', '57.00'),
(359, 866, '1.00', '42.75', '5.00', '18', 1, 37, '45.00', '42.75'),
(360, 867, '1.00', '42.75', '5.00', '18', 1, 38, '45.00', '42.75'),
(361, 876, '10.00', '5.89', '5.00', '18', 1, 38, '6.20', '58.90'),
(362, 857, '1.00', '76.00', '5.00', '18', 1, 38, '80.00', '76.00'),
(363, 984, '2.00', '42.75', '5.00', '18', 1, 38, '45.00', '85.50'),
(364, 956, '4.00', '13.30', '5.00', '18', 1, 38, '14.00', '53.20'),
(365, 1002, '7.00', '28.50', '5.00', '18', 1, 38, '30.00', '199.50'),
(366, 1003, '3.00', '28.50', '5.00', '18', 1, 38, '30.00', '85.50'),
(367, 678, '1.00', '17.57', '5.00', '18', 1, 39, '18.50', '17.57'),
(368, 679, '1.00', '17.57', '5.00', '18', 1, 39, '18.50', '17.57'),
(369, 676, '2.00', '17.57', '5.00', '18', 1, 39, '18.50', '35.15'),
(370, 677, '2.00', '17.57', '5.00', '18', 1, 39, '18.50', '35.15'),
(371, 633, '20.00', '3.80', '5.00', '18', 1, 39, '4.00', '76.00'),
(372, 634, '50.00', '3.80', '5.00', '18', 1, 39, '4.00', '190.00'),
(373, 627, '15.00', '3.80', '5.00', '18', 1, 39, '4.00', '57.00'),
(374, 628, '30.00', '3.80', '5.00', '18', 1, 39, '4.00', '114.00'),
(375, 664, '30.00', '7.13', '5.00', '18', 1, 39, '7.50', '213.75'),
(376, 667, '40.00', '7.13', '5.00', '18', 1, 39, '7.50', '285.00'),
(377, 646, '2.00', '20.90', '5.00', '18', 1, 39, '22.00', '41.80'),
(378, 647, '2.00', '20.90', '5.00', '18', 1, 39, '22.00', '41.80'),
(379, 525, '2.00', '23.75', '5.00', '18', 1, 39, '25.00', '47.50'),
(380, 526, '2.00', '23.75', '5.00', '18', 1, 39, '25.00', '47.50'),
(381, 1024, '1.00', '23.75', '5.00', '18', 1, 39, '25.00', '23.75'),
(382, 443, '50.00', '5.70', '5.00', '18', 1, 40, '6.00', '285.00'),
(383, 444, '50.00', '5.70', '5.00', '18', 1, 40, '6.00', '285.00'),
(384, 712, '2.00', '19.00', '5.00', '18', 1, 40, '20.00', '38.00'),
(385, 713, '2.00', '19.00', '5.00', '18', 1, 40, '20.00', '38.00'),
(386, 708, '10.00', '19.00', '5.00', '18', 1, 40, '20.00', '190.00'),
(387, 709, '5.00', '19.00', '5.00', '18', 1, 40, '20.00', '95.00'),
(388, 710, '5.00', '19.00', '5.00', '18', 1, 40, '20.00', '95.00'),
(389, 711, '5.00', '19.00', '5.00', '18', 1, 40, '20.00', '95.00'),
(390, 733, '10.00', '7.60', '5.00', '18', 1, 40, '8.00', '76.00'),
(391, 734, '10.00', '7.60', '5.00', '18', 1, 40, '8.00', '76.00'),
(392, 463, '1.00', '14.25', '5.00', '18', 1, 40, '15.00', '14.25'),
(393, 464, '1.00', '14.25', '5.00', '18', 1, 40, '15.00', '14.25'),
(394, 731, '10.00', '8.07', '5.00', '18', 1, 40, '8.50', '80.75'),
(395, 732, '10.00', '8.07', '5.00', '18', 1, 40, '8.50', '80.75'),
(396, 576, '2.00', '40.00', '0.00', '18', 1, 40, '40.00', '80.00'),
(397, 891, '10.00', '8.55', '5.00', '18', 1, 40, '9.00', '85.50'),
(398, 915, '15.00', '9.50', '5.00', '18', 1, 40, '10.00', '142.50'),
(399, 957, '50.00', '20.02', '9.00', '18', 1, 40, '22.00', '1001.00'),
(400, 430, '10.00', '5.89', '5.00', '18', 1, 40, '6.20', '58.90'),
(401, 792, '3.00', '28.50', '5.00', '18', 1, 40, '30.00', '85.50'),
(402, 877, '30.00', '7.79', '5.00', '18', 1, 40, '8.20', '233.70'),
(403, 999, '10.00', '11.40', '5.00', '18', 1, 40, '12.00', '114.00'),
(404, 745, '10.00', '9.50', '5.00', '18', 1, 40, '10.00', '95.00'),
(405, 695, '3.00', '5.70', '5.00', '18', 1, 41, '6.00', '17.10'),
(406, 696, '3.00', '5.70', '5.00', '18', 1, 41, '6.00', '17.10'),
(407, 441, '1.00', '2.85', '5.00', '18', 1, 41, '3.00', '2.85'),
(408, 442, '1.00', '2.85', '5.00', '18', 1, 41, '3.00', '2.85'),
(409, 443, '3.00', '5.70', '5.00', '18', 1, 41, '6.00', '17.10'),
(410, 444, '3.00', '5.70', '5.00', '18', 1, 41, '6.00', '17.10'),
(411, 447, '3.00', '14.25', '5.00', '18', 1, 41, '15.00', '42.75'),
(412, 448, '3.00', '14.25', '5.00', '18', 1, 41, '15.00', '42.75'),
(413, 486, '2.00', '11.40', '5.00', '18', 1, 41, '12.00', '22.80'),
(414, 487, '2.00', '11.40', '5.00', '18', 1, 41, '12.00', '22.80'),
(417, 526, '2.00', '23.75', '5.00', '18', 1, 41, '25.00', '47.50'),
(418, 1024, '3.00', '23.75', '5.00', '18', 1, 41, '25.00', '71.25'),
(419, 803, '4.00', '7.60', '5.00', '18', 1, 41, '8.00', '30.40'),
(420, 800, '10.00', '4.28', '5.00', '18', 1, 41, '4.50', '42.75'),
(421, 817, '2.00', '26.60', '5.00', '18', 1, 41, '28.00', '53.20'),
(422, 818, '2.00', '26.60', '5.00', '18', 1, 41, '28.00', '53.20'),
(423, 603, '2.00', '7.60', '5.00', '18', 1, 41, '8.00', '15.20'),
(424, 604, '2.00', '7.60', '5.00', '18', 1, 41, '8.00', '15.20'),
(425, 615, '5.00', '8.55', '5.00', '18', 1, 41, '9.00', '42.75'),
(426, 616, '5.00', '8.55', '5.00', '18', 1, 41, '9.00', '42.75'),
(427, 908, '2.00', '13.30', '5.00', '18', 1, 41, '14.00', '26.60'),
(428, 909, '2.00', '13.30', '5.00', '18', 1, 41, '14.00', '26.60'),
(429, 1020, '5.00', '7.60', '5.00', '18', 1, 42, '8.00', '38.00'),
(430, 624, '10.00', '1.90', '5.00', '18', 1, 42, '2.00', '19.00'),
(431, 1021, '10.00', '8.07', '5.00', '18', 1, 42, '8.50', '80.75'),
(432, 917, '10.00', '1.90', '5.00', '18', 1, 42, '2.00', '19.00'),
(433, 650, '2.00', '9.50', '5.00', '18', 1, 42, '10.00', '19.00'),
(434, 651, '2.00', '9.50', '5.00', '18', 1, 42, '10.00', '19.00'),
(435, 918, '10.00', '2.85', '5.00', '18', 1, 42, '3.00', '28.50'),
(436, 621, '10.00', '3.80', '0.00', '18', 1, 42, '4.00', '38.00'),
(437, 956, '6.00', '13.30', '5.00', '18', 1, 42, '14.00', '79.80'),
(438, 872, '6.00', '30.40', '5.00', '18', 1, 42, '32.00', '182.40'),
(445, 447, '4.00', '13.95', '7.00', '18', 1, 36, '15.00', '55.80'),
(446, 448, '6.00', '13.95', '7.00', '18', 1, 36, '15.00', '83.70'),
(447, 49, '1.00', '90.00', '0.00', '18', 1, 43, '90.00', '90.00'),
(449, 633, '30.00', '4.00', '0.00', '18', 1, 44, '4.00', '120.00'),
(450, 634, '30.00', '4.00', '0.00', '18', 1, 44, '4.00', '120.00'),
(451, 638, '8.00', '13.00', '0.00', '18', 1, 44, '13.00', '104.00'),
(452, 637, '8.00', '13.00', '0.00', '18', 1, 44, '13.00', '104.00'),
(453, 635, '2.00', '13.00', '0.00', '18', 1, 44, '13.00', '26.00'),
(454, 636, '2.00', '13.00', '0.00', '18', 1, 44, '13.00', '26.00'),
(455, 1021, '10.00', '8.50', '0.00', '18', 1, 44, '8.50', '85.00'),
(456, 917, '10.00', '2.00', '0.00', '18', 1, 44, '2.00', '20.00'),
(457, 767, '2.00', '50.00', '0.00', '18', 1, 44, '50.00', '100.00'),
(458, 754, '4.00', '38.00', '5.00', '18', 1, 45, '40.00', '152.00'),
(459, 512, '2.00', '28.50', '5.00', '18', 1, 45, '30.00', '57.00'),
(460, 765, '1.00', '47.50', '5.00', '18', 1, 45, '50.00', '47.50'),
(461, 767, '1.00', '47.50', '5.00', '18', 1, 45, '50.00', '47.50'),
(462, 790, '2.00', '28.50', '5.00', '18', 1, 45, '30.00', '57.00'),
(463, 633, '30.00', '4.00', '0.00', '18', 1, 45, '4.00', '120.00'),
(464, 634, '30.00', '4.00', '0.00', '18', 1, 45, '4.00', '120.00'),
(465, 637, '5.00', '12.61', '3.00', '18', 1, 45, '13.00', '63.05'),
(466, 638, '5.00', '12.61', '3.00', '18', 1, 45, '13.00', '63.05'),
(467, 994, '4.00', '23.04', '4.00', '18', 1, 45, '24.00', '92.16'),
(468, 982, '3.00', '58.20', '3.00', '18', 1, 45, '60.00', '174.60'),
(469, 1021, '10.00', '8.24', '3.00', '18', 1, 45, '8.50', '82.45'),
(470, 985, '5.00', '21.34', '3.00', '18', 1, 45, '22.00', '106.70'),
(471, 957, '4.00', '20.90', '5.00', '18', 1, 45, '22.00', '83.60'),
(472, 933, '2.00', '29.10', '3.00', '18', 1, 45, '30.00', '58.20'),
(473, 49, '2.00', '86.40', '4.00', '18', 1, 45, '90.00', '172.80'),
(475, 162, '2.00', '72.75', '3.00', '18', 1, 46, '75.00', '145.50'),
(476, 118, '5.00', '46.56', '3.00', '18', 1, 46, '48.00', '232.80'),
(485, 488, '1.00', '37.05', '5.00', '18', 1, 38, '39.00', '37.05'),
(486, 489, '1.00', '37.05', '5.00', '18', 1, 38, '39.00', '37.05'),
(487, 490, '1.00', '37.05', '5.00', '18', 1, 38, '39.00', '37.05'),
(488, 491, '1.00', '37.05', '5.00', '18', 1, 38, '39.00', '37.05'),
(489, 527, '1.00', '25.00', '0.00', '18', 1, 39, '25.00', '25.00'),
(490, 45, '3.00', '60.48', '4.00', '18', 1, 43, '63.00', '181.44'),
(491, 48, '2.00', '75.00', '0.00', '18', 1, 43, '75.00', '150.00'),
(492, 53, '1.00', '85.00', '0.00', '18', 1, 43, '85.00', '85.00'),
(493, 56, '2.00', '40.00', '0.00', '18', 1, 43, '40.00', '80.00'),
(494, 103, '2.00', '25.00', '0.00', '18', 1, 43, '25.00', '50.00'),
(495, 104, '2.00', '25.00', '0.00', '18', 1, 43, '25.00', '50.00'),
(496, 118, '1.00', '47.04', '2.00', '18', 1, 44, '48.00', '47.04'),
(497, 473, '1.00', '29.30', '7.00', '18', 1, 35, '31.50', '29.30'),
(498, 474, '1.00', '29.30', '7.00', '18', 1, 35, '31.50', '29.30'),
(499, 527, '3.00', '23.75', '5.00', '18', 1, 41, '25.00', '71.25'),
(500, 622, '10.00', '2.85', '5.00', '18', 1, 42, '3.00', '28.50'),
(501, 623, '10.00', '2.85', '5.00', '18', 1, 42, '3.00', '28.50'),
(502, 682, '2.00', '4.75', '5.00', '18', 1, 42, '5.00', '9.50'),
(503, 683, '2.00', '4.75', '5.00', '18', 1, 42, '5.00', '9.50'),
(504, 685, '6.00', '3.80', '5.00', '18', 1, 42, '4.00', '22.80'),
(505, 686, '2.00', '3.80', '5.00', '18', 1, 42, '4.00', '7.60'),
(506, 956, '10.00', '14.00', '0.00', '18', 1, 47, '14.00', '140.00'),
(507, 637, '10.00', '13.00', '0.00', '18', 1, 47, '13.00', '130.00'),
(508, 638, '10.00', '13.00', '0.00', '18', 1, 47, '13.00', '130.00'),
(509, 934, '10.00', '10.50', '0.00', '18', 1, 47, '10.50', '105.00'),
(510, 935, '10.00', '10.50', '0.00', '18', 1, 47, '10.50', '105.00'),
(511, 706, '6.00', '20.00', '0.00', '18', 1, 47, '20.00', '120.00'),
(512, 707, '6.00', '20.00', '0.00', '18', 1, 47, '20.00', '120.00'),
(513, 627, '20.00', '4.00', '0.00', '18', 1, 47, '4.00', '80.00'),
(514, 628, '20.00', '4.00', '0.00', '18', 1, 47, '4.00', '80.00'),
(515, 624, '25.00', '2.00', '0.00', '18', 1, 47, '2.00', '50.00'),
(516, 917, '25.00', '2.00', '0.00', '18', 1, 47, '2.00', '50.00'),
(517, 821, '25.00', '2.40', '0.00', '18', 1, 47, '2.40', '60.00'),
(518, 633, '20.00', '4.00', '0.00', '18', 1, 47, '4.00', '80.00'),
(519, 634, '20.00', '4.00', '0.00', '18', 1, 47, '4.00', '80.00'),
(520, 463, '2.00', '15.00', '0.00', '18', 1, 47, '15.00', '30.00'),
(521, 464, '2.00', '15.00', '0.00', '18', 1, 47, '15.00', '30.00'),
(522, 467, '2.00', '15.00', '0.00', '18', 1, 47, '15.00', '30.00'),
(523, 468, '2.00', '15.00', '0.00', '18', 1, 47, '15.00', '30.00'),
(524, 822, '20.00', '7.00', '0.00', '18', 1, 47, '7.00', '140.00'),
(525, 982, '2.00', '60.00', '0.00', '18', 1, 48, '60.00', '120.00'),
(526, 850, '1.00', '38.00', '0.00', '18', 1, 48, '38.00', '38.00'),
(527, 487, '3.00', '12.00', '0.00', '18', 1, 48, '12.00', '36.00'),
(528, 740, '5.00', '15.00', '0.00', '18', 1, 48, '15.00', '75.00'),
(529, 854, '1.00', '84.00', '0.00', '18', 1, 48, '84.00', '84.00'),
(530, 956, '250.00', '13.02', '7.00', '18', 1, 49, '14.00', '3255.00'),
(531, 428, '2.00', '7.00', '0.00', '18', 1, 50, '7.00', '14.00'),
(532, 429, '2.00', '7.00', '0.00', '18', 1, 50, '7.00', '14.00'),
(533, 693, '3.00', '15.50', '0.00', '18', 1, 50, '15.50', '46.50'),
(534, 430, '5.00', '6.20', '0.00', '18', 1, 50, '6.20', '31.00'),
(535, 770, '4.00', '50.00', '0.00', '18', 1, 50, '50.00', '200.00'),
(536, 768, '2.00', '50.00', '0.00', '18', 1, 50, '50.00', '100.00'),
(537, 744, '2.00', '10.00', '0.00', '18', 1, 50, '10.00', '20.00'),
(538, 746, '1.00', '11.00', '0.00', '18', 1, 50, '11.00', '11.00'),
(539, 728, '2.00', '6.00', '0.00', '18', 1, 50, '6.00', '12.00'),
(540, 727, '2.00', '6.00', '0.00', '18', 1, 50, '6.00', '12.00'),
(541, 633, '10.00', '4.00', '0.00', '18', 1, 50, '4.00', '40.00'),
(542, 634, '10.00', '4.00', '0.00', '18', 1, 50, '4.00', '40.00'),
(543, 1018, '2.00', '29.00', '0.00', '18', 1, 50, '29.00', '58.00'),
(544, 1019, '2.00', '29.00', '0.00', '18', 1, 50, '29.00', '58.00'),
(545, 998, '3.00', '30.00', '0.00', '18', 1, 50, '30.00', '90.00'),
(546, 1004, '2.00', '30.00', '0.00', '18', 1, 50, '30.00', '60.00'),
(547, 18, '2.00', '71.64', '10.00', '18', 1, 51, '79.60', '143.28'),
(548, 27, '1.00', '38.70', '10.00', '18', 1, 51, '43.00', '38.70'),
(551, 690, '5.00', '32.40', '10.00', '18', 1, 51, '36.00', '162.00'),
(552, 127, '3.00', '90.00', '10.00', '18', 1, 51, '100.00', '270.00'),
(553, 140, '5.00', '39.60', '10.00', '18', 1, 51, '44.00', '198.00'),
(554, 151, '4.00', '11.70', '10.00', '18', 1, 51, '13.00', '46.80'),
(555, 152, '4.00', '11.70', '10.00', '18', 1, 51, '13.00', '46.80'),
(556, 162, '3.00', '67.50', '10.00', '18', 1, 51, '75.00', '202.50'),
(557, 172, '1.00', '36.00', '10.00', '18', 1, 51, '40.00', '36.00'),
(558, 28, '1.00', '45.00', '10.00', '18', 1, 51, '50.00', '45.00'),
(559, 37, '1.00', '36.00', '10.00', '18', 1, 51, '40.00', '36.00'),
(560, 58, '3.00', '86.40', '10.00', '18', 1, 51, '96.00', '259.20'),
(561, 67, '1.00', '55.80', '10.00', '18', 1, 51, '62.00', '55.80'),
(562, 88, '4.00', '89.55', '10.00', '18', 1, 51, '99.50', '358.20'),
(563, 112, '5.00', '52.74', '10.00', '18', 1, 51, '58.60', '263.70'),
(564, 117, '2.00', '63.00', '10.00', '18', 1, 51, '70.00', '126.00'),
(565, 1026, '6.00', '43.20', '10.00', '18', 1, 51, '48.00', '259.20'),
(566, 122, '2.00', '76.50', '10.00', '18', 1, 51, '85.00', '153.00'),
(567, 126, '1.00', '67.50', '10.00', '18', 1, 51, '75.00', '67.50'),
(568, 1027, '2.00', '36.00', '10.00', '18', 1, 51, '40.00', '72.00'),
(569, 635, '5.00', '12.09', '7.00', '18', 1, 52, '13.00', '60.45'),
(570, 636, '5.00', '12.09', '7.00', '18', 1, 52, '13.00', '60.45'),
(571, 637, '5.00', '12.09', '7.00', '18', 1, 52, '13.00', '60.45'),
(572, 638, '5.00', '12.09', '7.00', '18', 1, 52, '13.00', '60.45'),
(573, 1020, '20.00', '7.44', '7.00', '18', 1, 52, '8.00', '148.80'),
(574, 633, '20.00', '3.72', '7.00', '18', 1, 52, '4.00', '74.40'),
(575, 634, '20.00', '3.72', '7.00', '18', 1, 52, '4.00', '74.40'),
(576, 647, '5.00', '20.46', '7.00', '18', 1, 52, '22.00', '102.30'),
(577, 646, '5.00', '20.46', '7.00', '18', 1, 52, '22.00', '102.30'),
(578, 956, '5.00', '13.02', '7.00', '18', 1, 52, '14.00', '65.10'),
(579, 957, '5.00', '20.46', '7.00', '18', 1, 52, '22.00', '102.30'),
(580, 877, '5.00', '7.63', '7.00', '18', 1, 52, '8.20', '38.13'),
(581, 1022, '5.00', '7.91', '7.00', '18', 1, 52, '8.50', '39.52'),
(582, 795, '5.00', '26.04', '7.00', '18', 1, 52, '28.00', '130.20'),
(583, 796, '5.00', '26.04', '7.00', '18', 1, 52, '28.00', '130.20'),
(584, 753, '2.00', '26.04', '7.00', '18', 1, 52, '28.00', '52.08'),
(585, 520, '2.00', '26.04', '7.00', '18', 1, 52, '28.00', '52.08'),
(586, 521, '2.00', '26.04', '7.00', '18', 1, 52, '28.00', '52.08'),
(587, 522, '2.00', '26.04', '7.00', '18', 1, 52, '28.00', '52.08'),
(588, 1020, '10.00', '7.44', '7.00', '18', 1, 53, '8.00', '74.40'),
(589, 994, '3.00', '22.32', '7.00', '18', 1, 53, '24.00', '66.96'),
(590, 987, '5.00', '18.60', '7.00', '18', 1, 53, '20.00', '93.00'),
(591, 925, '10.00', '6.51', '7.00', '18', 1, 53, '7.00', '65.10'),
(592, 926, '10.00', '6.51', '7.00', '18', 1, 53, '7.00', '65.10'),
(593, 989, '5.00', '21.39', '7.00', '18', 1, 53, '23.00', '106.95'),
(594, 956, '5.00', '13.02', '7.00', '18', 1, 53, '14.00', '65.10'),
(595, 642, '10.00', '5.58', '7.00', '18', 1, 53, '6.00', '55.80'),
(596, 643, '10.00', '5.58', '7.00', '18', 1, 53, '6.00', '55.80'),
(597, 992, '5.00', '29.76', '7.00', '18', 1, 53, '32.00', '148.80'),
(598, 997, '3.00', '27.90', '7.00', '18', 1, 53, '30.00', '83.70'),
(599, 998, '3.00', '27.90', '7.00', '18', 1, 53, '30.00', '83.70'),
(600, 991, '5.00', '23.25', '7.00', '18', 1, 53, '25.00', '116.25'),
(601, 691, '10.00', '18.60', '7.00', '18', 1, 53, '20.00', '186.00'),
(602, 692, '10.00', '18.60', '7.00', '18', 1, 53, '20.00', '186.00'),
(603, 850, '4.00', '35.34', '7.00', '18', 1, 53, '38.00', '141.36'),
(604, 866, '2.00', '41.85', '7.00', '18', 1, 53, '45.00', '83.70'),
(605, 867, '2.00', '41.85', '7.00', '18', 1, 53, '45.00', '83.70'),
(606, 874, '5.00', '27.90', '7.00', '18', 1, 53, '30.00', '139.50'),
(607, 875, '5.00', '27.90', '7.00', '18', 1, 53, '30.00', '139.50'),
(608, 859, '2.00', '102.30', '7.00', '18', 1, 53, '110.00', '204.60'),
(609, 860, '4.00', '23.25', '7.00', '18', 1, 53, '25.00', '93.00'),
(610, 862, '5.00', '24.30', '10.00', '18', 1, 53, '27.00', '121.50'),
(611, 863, '5.00', '15.81', '7.00', '18', 1, 53, '17.00', '79.05'),
(612, 706, '5.00', '18.60', '7.00', '18', 1, 53, '20.00', '93.00'),
(613, 707, '5.00', '18.60', '7.00', '18', 1, 53, '20.00', '93.00'),
(614, 753, '2.00', '26.04', '7.00', '18', 1, 53, '28.00', '52.08'),
(615, 520, '2.00', '26.04', '7.00', '18', 1, 53, '28.00', '52.08'),
(616, 521, '2.00', '26.04', '7.00', '18', 1, 53, '28.00', '52.08'),
(617, 522, '2.00', '26.04', '7.00', '18', 1, 53, '28.00', '52.08'),
(618, 486, '2.00', '11.16', '7.00', '18', 1, 53, '12.00', '22.32'),
(619, 767, '5.00', '46.50', '7.00', '18', 1, 53, '50.00', '232.50'),
(620, 512, '4.00', '27.90', '7.00', '18', 1, 53, '30.00', '111.60'),
(621, 741, '4.00', '20.46', '7.00', '18', 1, 53, '22.00', '81.84'),
(622, 925, '10.00', '7.00', '0.00', '18', 1, 54, '7.00', '70.00'),
(623, 926, '10.00', '7.00', '0.00', '18', 1, 54, '7.00', '70.00'),
(624, 635, '6.00', '12.61', '3.00', '18', 1, 54, '13.00', '75.66'),
(625, 637, '6.00', '12.61', '3.00', '18', 1, 54, '13.00', '75.66'),
(626, 638, '6.00', '12.61', '3.00', '18', 1, 54, '13.00', '75.66'),
(627, 642, '5.00', '6.00', '0.00', '18', 1, 54, '6.00', '30.00'),
(628, 643, '5.00', '6.00', '0.00', '18', 1, 54, '6.00', '30.00'),
(629, 1023, '20.00', '11.52', '4.00', '18', 1, 54, '12.00', '230.40'),
(630, 699, '2.00', '12.48', '4.00', '18', 1, 54, '13.00', '24.96'),
(631, 700, '2.00', '12.48', '4.00', '18', 1, 54, '13.00', '24.96'),
(632, 701, '2.00', '12.61', '3.00', '18', 1, 54, '13.00', '25.22'),
(633, 702, '2.00', '12.61', '3.00', '18', 1, 54, '13.00', '25.22'),
(634, 430, '10.00', '6.20', '0.00', '18', 1, 55, '6.20', '62.00'),
(635, 486, '3.00', '12.00', '0.00', '18', 1, 55, '12.00', '36.00'),
(636, 736, '5.00', '8.00', '0.00', '18', 1, 55, '8.00', '40.00'),
(637, 735, '5.00', '8.00', '0.00', '18', 1, 55, '8.00', '40.00'),
(638, 453, '4.00', '10.00', '0.00', '18', 1, 55, '10.00', '40.00'),
(639, 454, '5.00', '10.00', '0.00', '18', 1, 55, '10.00', '50.00'),
(640, 458, '1.00', '36.00', '0.00', '18', 1, 55, '36.00', '36.00'),
(641, 754, '2.00', '40.00', '0.00', '18', 1, 55, '40.00', '80.00'),
(642, 767, '1.00', '50.00', '0.00', '18', 1, 55, '50.00', '50.00'),
(643, 770, '2.00', '50.00', '0.00', '18', 1, 55, '50.00', '100.00'),
(644, 792, '3.00', '30.00', '0.00', '18', 1, 55, '30.00', '90.00'),
(645, 864, '1.00', '22.00', '0.00', '18', 1, 55, '22.00', '22.00'),
(646, 883, '10.00', '10.00', '0.00', '18', 1, 55, '10.00', '100.00'),
(647, 888, '2.00', '40.00', '0.00', '18', 1, 55, '40.00', '80.00'),
(648, 957, '2.00', '22.00', '0.00', '18', 1, 55, '22.00', '44.00'),
(649, 973, '2.00', '12.00', '0.00', '18', 1, 55, '12.00', '24.00'),
(650, 1007, '1.00', '18.00', '0.00', '18', 1, 55, '18.00', '18.00'),
(651, 1006, '1.00', '18.00', '0.00', '18', 1, 55, '18.00', '18.00'),
(652, 616, '2.00', '9.00', '0.00', '18', 1, 55, '9.00', '18.00'),
(653, 615, '5.00', '9.00', '0.00', '18', 1, 55, '9.00', '45.00'),
(654, 825, '1.00', '26.00', '0.00', '18', 1, 55, '26.00', '26.00'),
(655, 824, '1.00', '26.00', '0.00', '18', 1, 55, '26.00', '26.00'),
(656, 629, '3.00', '15.50', '0.00', '18', 1, 55, '15.50', '46.50'),
(657, 1020, '5.00', '8.00', '0.00', '18', 1, 55, '8.00', '40.00'),
(658, 1009, '1.00', '15.00', '0.00', '18', 1, 55, '15.00', '15.00'),
(659, 1008, '1.00', '15.00', '0.00', '18', 1, 56, '15.00', '15.00'),
(660, 658, '5.00', '13.00', '0.00', '18', 1, 56, '13.00', '65.00'),
(661, 10, '2.00', '40.00', '0.00', '18', 1, 56, '40.00', '80.00'),
(662, 906, '10.00', '10.80', '10.00', '18', 1, 57, '12.00', '108.00'),
(663, 907, '10.00', '10.80', '10.00', '18', 1, 57, '12.00', '108.00'),
(664, 704, '3.00', '45.00', '10.00', '18', 1, 57, '50.00', '135.00'),
(665, 439, '2.00', '3.00', '0.00', '18', 1, 57, '3.00', '6.00'),
(666, 440, '2.00', '3.00', '0.00', '18', 1, 57, '3.00', '6.00'),
(667, 441, '2.00', '3.00', '0.00', '18', 1, 57, '3.00', '6.00'),
(668, 442, '2.00', '3.00', '0.00', '18', 1, 57, '3.00', '6.00'),
(669, 443, '5.00', '5.40', '10.00', '18', 1, 57, '6.00', '27.00'),
(670, 444, '5.00', '5.40', '10.00', '18', 1, 57, '6.00', '27.00'),
(671, 463, '5.00', '13.50', '10.00', '18', 1, 57, '15.00', '67.50'),
(672, 464, '5.00', '13.50', '10.00', '18', 1, 57, '15.00', '67.50'),
(673, 467, '5.00', '13.50', '10.00', '18', 1, 57, '15.00', '67.50'),
(674, 468, '5.00', '13.50', '10.00', '18', 1, 57, '15.00', '67.50'),
(675, 735, '10.00', '7.20', '10.00', '18', 1, 57, '8.00', '72.00'),
(676, 736, '10.00', '7.20', '10.00', '18', 1, 57, '8.00', '72.00'),
(677, 753, '5.00', '25.20', '10.00', '18', 1, 57, '28.00', '126.00'),
(678, 520, '5.00', '25.20', '10.00', '18', 1, 57, '28.00', '126.00'),
(679, 521, '5.00', '25.20', '10.00', '18', 1, 57, '28.00', '126.00'),
(680, 522, '5.00', '25.20', '10.00', '18', 1, 57, '28.00', '126.00'),
(681, 477, '1.00', '47.25', '10.00', '18', 1, 57, '52.50', '47.25'),
(682, 478, '1.00', '47.25', '10.00', '18', 1, 57, '52.50', '47.25'),
(683, 479, '1.00', '47.25', '10.00', '18', 1, 57, '52.50', '47.25'),
(684, 480, '1.00', '47.25', '10.00', '18', 1, 57, '52.50', '47.25'),
(685, 737, '5.00', '19.80', '10.00', '18', 1, 57, '22.00', '99.00'),
(686, 738, '5.00', '19.80', '10.00', '18', 1, 57, '22.00', '99.00'),
(691, 498, '5.00', '10.80', '10.00', '18', 1, 58, '12.00', '54.00'),
(692, 499, '5.00', '10.80', '10.00', '18', 1, 58, '12.00', '54.00'),
(693, 744, '5.00', '9.00', '10.00', '18', 1, 58, '10.00', '45.00'),
(694, 746, '5.00', '9.90', '10.00', '18', 1, 58, '11.00', '49.50'),
(695, 727, '5.00', '5.40', '10.00', '18', 1, 58, '6.00', '27.00'),
(696, 728, '5.00', '5.40', '10.00', '18', 1, 58, '6.00', '27.00'),
(697, 741, '3.00', '19.80', '10.00', '18', 1, 58, '22.00', '59.40'),
(698, 512, '3.00', '27.00', '10.00', '18', 1, 58, '30.00', '81.00'),
(699, 528, '2.00', '16.20', '10.00', '18', 1, 58, '18.00', '32.40'),
(700, 781, '2.00', '16.20', '10.00', '18', 1, 58, '18.00', '32.40'),
(701, 529, '2.00', '16.20', '10.00', '18', 1, 58, '18.00', '32.40'),
(702, 530, '5.00', '16.20', '10.00', '18', 1, 58, '18.00', '81.00'),
(703, 863, '5.00', '15.30', '10.00', '18', 1, 58, '17.00', '76.50'),
(704, 883, '5.00', '9.00', '10.00', '18', 1, 58, '10.00', '45.00'),
(705, 923, '3.00', '23.40', '10.00', '18', 1, 58, '26.00', '70.20'),
(706, 924, '3.00', '23.40', '10.00', '18', 1, 58, '26.00', '70.20'),
(707, 622, '3.00', '3.00', '0.00', '18', 1, 58, '3.00', '9.00'),
(708, 623, '3.00', '3.00', '0.00', '18', 1, 58, '3.00', '9.00'),
(709, 635, '10.00', '11.70', '10.00', '18', 1, 58, '13.00', '117.00'),
(710, 636, '10.00', '11.70', '10.00', '18', 1, 58, '13.00', '117.00'),
(711, 637, '10.00', '11.70', '10.00', '18', 1, 58, '13.00', '117.00'),
(712, 638, '10.00', '11.70', '10.00', '18', 1, 58, '13.00', '117.00'),
(713, 1020, '20.00', '7.20', '10.00', '18', 1, 59, '8.00', '144.00'),
(714, 624, '50.00', '1.80', '10.00', '18', 1, 59, '2.00', '90.00'),
(715, 665, '10.00', '6.75', '10.00', '18', 1, 59, '7.50', '67.50'),
(716, 667, '10.00', '6.75', '10.00', '18', 1, 59, '7.50', '67.50'),
(717, 997, '2.00', '27.00', '10.00', '18', 1, 59, '30.00', '54.00'),
(718, 998, '2.00', '27.00', '10.00', '18', 1, 59, '30.00', '54.00'),
(719, 1004, '2.00', '27.00', '10.00', '18', 1, 59, '30.00', '54.00'),
(720, 1005, '2.00', '27.00', '10.00', '18', 1, 59, '30.00', '54.00'),
(721, 689, '3.00', '115.40', '0.00', '18', 1, 60, '115.40', '346.20'),
(722, 133, '1.00', '90.00', '0.00', '18', 1, 60, '90.00', '90.00'),
(723, 690, '5.00', '36.00', '0.00', '18', 1, 60, '36.00', '180.00'),
(724, 444, '6.00', '5.70', '5.00', '18', 1, 61, '6.00', '34.20'),
(725, 747, '2.00', '10.45', '5.00', '18', 1, 61, '11.00', '20.90'),
(726, 748, '2.00', '10.45', '5.00', '18', 1, 61, '11.00', '20.90'),
(727, 749, '2.00', '10.45', '5.00', '18', 1, 61, '11.00', '20.90'),
(728, 750, '2.00', '10.45', '5.00', '18', 1, 61, '11.00', '20.90'),
(729, 739, '3.00', '14.25', '5.00', '18', 1, 61, '15.00', '42.75'),
(730, 740, '3.00', '14.25', '5.00', '18', 1, 61, '15.00', '42.75'),
(731, 506, '5.00', '8.55', '5.00', '18', 1, 61, '9.00', '42.75'),
(732, 507, '5.00', '8.55', '5.00', '18', 1, 61, '9.00', '42.75'),
(733, 806, '2.00', '14.06', '5.00', '18', 1, 61, '14.80', '28.12'),
(734, 807, '2.00', '14.06', '5.00', '18', 1, 61, '14.80', '28.12'),
(735, 854, '2.00', '79.80', '5.00', '18', 1, 61, '84.00', '159.60'),
(736, 957, '2.00', '20.90', '5.00', '18', 1, 62, '22.00', '41.80'),
(737, 642, '10.00', '5.70', '5.00', '18', 1, 62, '6.00', '57.00'),
(738, 635, '5.00', '12.35', '5.00', '18', 1, 62, '13.00', '61.75'),
(739, 636, '5.00', '12.35', '5.00', '18', 1, 62, '13.00', '61.75'),
(740, 637, '5.00', '12.35', '5.00', '18', 1, 62, '13.00', '61.75'),
(741, 638, '5.00', '12.35', '5.00', '18', 1, 62, '13.00', '61.75'),
(742, 633, '25.00', '3.50', '12.00', '18', 1, 62, '4.00', '87.50'),
(743, 634, '50.00', '3.50', '12.00', '18', 1, 62, '4.00', '175.00'),
(744, 633, '25.00', '3.50', '0.00', '18', 1, 63, '4.00', '87.50'),
(745, 634, '50.00', '3.50', '0.00', '18', 1, 63, '4.00', '175.00'),
(746, 633, '4.00', '3.80', '5.00', '18', 1, 64, '4.00', '15.20'),
(747, 634, '4.00', '3.80', '5.00', '18', 1, 64, '4.00', '15.20'),
(748, 676, '1.00', '17.57', '5.00', '18', 1, 64, '18.50', '17.57'),
(749, 677, '1.00', '17.57', '5.00', '18', 1, 64, '18.50', '17.57'),
(750, 678, '1.00', '17.57', '5.00', '18', 1, 64, '18.50', '17.57'),
(751, 679, '1.00', '17.57', '5.00', '18', 1, 64, '18.50', '17.57'),
(752, 934, '2.00', '9.97', '5.00', '18', 1, 64, '10.50', '19.95'),
(753, 30, '2.00', '104.50', '5.00', '18', 1, 64, '110.00', '209.00'),
(754, 140, '2.00', '41.80', '5.00', '18', 1, 64, '44.00', '83.60'),
(755, 165, '1.00', '59.85', '5.00', '18', 1, 64, '63.00', '59.85'),
(756, 98, '3.00', '98.28', '10.00', '18', 1, 51, '109.20', '294.84'),
(758, 956, '2.00', '13.30', '5.00', '18', 1, 62, '14.00', '26.60'),
(760, 487, '5.00', '12.00', '0.00', '18', 1, 55, '12.00', '60.00'),
(761, 6, '2.00', '35.00', '0.00', '18', 1, 56, '35.00', '70.00'),
(762, 14, '3.00', '45.00', '0.00', '18', 1, 56, '45.00', '135.00'),
(763, 148, '3.00', '46.00', '0.00', '18', 1, 65, '46.00', '138.00'),
(764, 690, '3.00', '36.00', '0.00', '18', 1, 65, '36.00', '108.00'),
(765, 772, '5.00', '6.65', '5.00', '18', 1, 66, '7.00', '33.25'),
(766, 773, '5.00', '6.65', '5.00', '18', 1, 66, '7.00', '33.25'),
(767, 443, '5.00', '6.00', '0.00', '18', 1, 66, '6.00', '30.00'),
(768, 444, '5.00', '6.00', '0.00', '18', 1, 66, '6.00', '30.00'),
(769, 447, '2.00', '14.55', '3.00', '18', 1, 66, '15.00', '29.10'),
(770, 448, '2.00', '14.55', '3.00', '18', 1, 66, '15.00', '29.10'),
(771, 449, '5.00', '8.55', '5.00', '18', 1, 66, '9.00', '42.75'),
(772, 450, '5.00', '8.55', '5.00', '18', 1, 66, '9.00', '42.75'),
(773, 729, '10.00', '6.00', '0.00', '18', 1, 66, '6.00', '60.00'),
(774, 730, '10.00', '6.00', '0.00', '18', 1, 66, '6.00', '60.00'),
(775, 459, '10.00', '13.58', '3.00', '18', 1, 66, '14.00', '135.80'),
(776, 460, '10.00', '13.58', '3.00', '18', 1, 66, '14.00', '135.80'),
(777, 503, '5.00', '15.50', '0.00', '18', 1, 66, '15.50', '77.50'),
(778, 739, '5.00', '14.55', '3.00', '18', 1, 66, '15.00', '72.75'),
(779, 740, '5.00', '14.55', '3.00', '18', 1, 66, '15.00', '72.75'),
(780, 764, '1.00', '48.00', '4.00', '18', 1, 66, '50.00', '48.00'),
(781, 765, '1.00', '48.00', '4.00', '18', 1, 66, '50.00', '48.00'),
(782, 766, '1.00', '48.00', '4.00', '18', 1, 66, '50.00', '48.00'),
(783, 767, '1.00', '48.00', '4.00', '18', 1, 66, '50.00', '48.00'),
(784, 1022, '10.00', '8.07', '5.00', '18', 1, 66, '8.50', '80.75'),
(785, 822, '20.00', '6.65', '5.00', '18', 1, 66, '7.00', '133.00'),
(786, 633, '20.00', '4.00', '0.00', '18', 1, 66, '4.00', '80.00'),
(787, 1020, '10.00', '7.76', '3.00', '18', 1, 66, '8.00', '77.60'),
(788, 956, '10.00', '13.58', '3.00', '18', 1, 67, '14.00', '135.80'),
(789, 957, '10.00', '21.12', '4.00', '18', 1, 67, '22.00', '211.20'),
(790, 664, '5.00', '7.13', '5.00', '18', 1, 67, '7.50', '35.63'),
(791, 665, '5.00', '7.13', '5.00', '18', 1, 67, '7.50', '35.63'),
(792, 459, '10.00', '12.60', '10.00', '18', 1, 68, '14.00', '126.00'),
(793, 460, '10.00', '12.60', '10.00', '18', 1, 68, '14.00', '126.00'),
(794, 524, '4.00', '36.00', '10.00', '18', 1, 68, '40.00', '144.00'),
(795, 484, '10.00', '19.80', '10.00', '18', 1, 68, '22.00', '198.00'),
(796, 780, '4.00', '27.00', '10.00', '18', 1, 68, '30.00', '108.00'),
(797, 789, '10.00', '24.30', '10.00', '18', 1, 68, '27.00', '243.00'),
(798, 542, '4.00', '13.50', '10.00', '18', 1, 68, '15.00', '54.00'),
(799, 543, '3.00', '13.50', '10.00', '18', 1, 68, '15.00', '40.50'),
(800, 544, '4.00', '13.50', '10.00', '18', 1, 68, '15.00', '54.00'),
(801, 545, '4.00', '13.50', '10.00', '18', 1, 68, '15.00', '54.00'),
(802, 556, '4.00', '16.20', '10.00', '18', 1, 68, '18.00', '64.80'),
(803, 555, '4.00', '16.20', '10.00', '18', 1, 68, '18.00', '64.80'),
(804, 804, '5.00', '10.80', '10.00', '18', 1, 68, '12.00', '54.00'),
(805, 805, '5.00', '10.80', '10.00', '18', 1, 68, '12.00', '54.00'),
(806, 575, '2.00', '36.00', '10.00', '18', 1, 68, '40.00', '72.00'),
(807, 576, '2.00', '36.00', '10.00', '18', 1, 68, '40.00', '72.00'),
(808, 573, '2.00', '17.55', '10.00', '18', 1, 68, '19.50', '35.10'),
(809, 574, '2.00', '17.55', '10.00', '18', 1, 68, '19.50', '35.10'),
(810, 863, '10.00', '15.30', '10.00', '18', 1, 68, '17.00', '153.00'),
(811, 877, '10.00', '7.79', '5.00', '18', 1, 68, '8.20', '77.90'),
(812, 847, '4.00', '28.80', '10.00', '18', 1, 68, '32.00', '115.20'),
(813, 875, '6.00', '27.00', '10.00', '18', 1, 68, '30.00', '162.00'),
(814, 874, '4.00', '27.00', '10.00', '18', 1, 68, '30.00', '108.00'),
(815, 857, '2.00', '72.00', '10.00', '18', 1, 68, '80.00', '144.00'),
(816, 988, '6.00', '18.00', '10.00', '18', 1, 68, '20.00', '108.00'),
(817, 635, '5.00', '11.70', '10.00', '18', 1, 68, '13.00', '58.50'),
(818, 637, '5.00', '11.70', '10.00', '18', 1, 68, '13.00', '58.50'),
(819, 638, '5.00', '11.70', '10.00', '18', 1, 68, '13.00', '58.50'),
(820, 981, '4.00', '45.00', '10.00', '18', 1, 68, '50.00', '180.00'),
(821, 1021, '15.00', '7.65', '10.00', '18', 1, 68, '8.50', '114.75'),
(822, 1008, '5.00', '13.50', '10.00', '18', 1, 68, '15.00', '67.50'),
(823, 1009, '5.00', '13.50', '10.00', '18', 1, 68, '15.00', '67.50'),
(824, 676, '6.00', '16.65', '10.00', '18', 1, 68, '18.50', '99.90'),
(825, 30, '1.00', '99.00', '10.00', '18', 1, 69, '110.00', '99.00'),
(827, 90, '1.00', '117.72', '10.00', '18', 1, 69, '130.80', '117.72'),
(828, 113, '1.00', '97.65', '10.00', '18', 1, 69, '108.50', '97.65'),
(829, 120, '2.00', '106.38', '10.00', '18', 1, 69, '118.20', '212.76'),
(830, 122, '1.00', '76.50', '10.00', '18', 1, 69, '85.00', '76.50'),
(831, 132, '1.00', '120.42', '10.00', '18', 1, 69, '133.80', '120.42'),
(832, 134, '1.00', '98.10', '10.00', '18', 1, 69, '109.00', '98.10'),
(833, 162, '1.00', '67.50', '10.00', '18', 1, 69, '75.00', '67.50'),
(834, 6, '2.00', '35.00', '0.00', '18', 1, 70, '35.00', '70.00'),
(836, 43, '1.00', '29.00', '0.00', '18', 1, 70, '29.00', '29.00'),
(837, 45, '2.00', '60.48', '4.00', '18', 1, 70, '63.00', '120.96'),
(838, 54, '1.00', '70.00', '0.00', '18', 1, 70, '70.00', '70.00'),
(839, 61, '1.00', '30.00', '0.00', '18', 1, 70, '30.00', '30.00'),
(840, 62, '1.00', '30.00', '0.00', '18', 1, 70, '30.00', '30.00'),
(842, 1026, '5.00', '46.56', '3.00', '18', 1, 70, '48.00', '232.80'),
(843, 112, '1.00', '56.84', '3.00', '18', 1, 70, '58.60', '56.84'),
(844, 133, '1.00', '90.00', '0.00', '18', 1, 70, '90.00', '90.00'),
(845, 690, '2.00', '36.00', '0.00', '18', 1, 70, '36.00', '72.00'),
(848, 43, '1.00', '28.13', '3.00', '18', 1, 71, '29.00', '28.13'),
(849, 47, '1.00', '55.00', '0.00', '18', 1, 71, '55.00', '55.00'),
(850, 49, '1.00', '88.20', '2.00', '18', 1, 71, '90.00', '88.20'),
(851, 48, '1.00', '73.50', '2.00', '18', 1, 71, '75.00', '73.50'),
(852, 54, '1.00', '66.50', '5.00', '18', 1, 71, '70.00', '66.50'),
(853, 59, '1.00', '99.96', '2.00', '18', 1, 71, '102.00', '99.96'),
(854, 69, '1.00', '127.40', '2.00', '18', 1, 71, '130.00', '127.40'),
(856, 127, '2.00', '95.00', '5.00', '18', 1, 71, '100.00', '190.00'),
(857, 138, '2.00', '105.73', '3.00', '18', 1, 71, '109.00', '211.46'),
(858, 141, '1.00', '87.36', '4.00', '18', 1, 71, '91.00', '87.36'),
(859, 151, '2.00', '12.61', '3.00', '18', 1, 71, '13.00', '25.22'),
(860, 152, '2.00', '12.61', '3.00', '18', 1, 71, '13.00', '25.22'),
(861, 1002, '8.00', '28.50', '5.00', '18', 1, 72, '30.00', '228.00'),
(862, 1003, '4.00', '28.50', '5.00', '18', 1, 72, '30.00', '114.00'),
(863, 806, '5.00', '14.06', '5.00', '18', 1, 73, '14.80', '70.30'),
(864, 807, '5.00', '14.06', '5.00', '18', 1, 73, '14.80', '70.30'),
(865, 877, '6.00', '7.79', '5.00', '18', 1, 73, '8.20', '46.74'),
(866, 765, '3.00', '47.50', '5.00', '18', 1, 73, '50.00', '142.50'),
(867, 502, '5.00', '14.72', '5.00', '18', 1, 73, '15.50', '73.63'),
(868, 503, '5.00', '14.72', '5.00', '18', 1, 73, '15.50', '73.63'),
(869, 806, '5.00', '14.06', '5.00', '18', 1, 74, '14.80', '70.30'),
(870, 807, '5.00', '14.06', '5.00', '18', 1, 74, '14.80', '70.30'),
(871, 877, '6.00', '7.79', '5.00', '18', 1, 74, '8.20', '46.74'),
(872, 765, '3.00', '47.50', '5.00', '18', 1, 74, '50.00', '142.50'),
(873, 502, '5.00', '14.72', '5.00', '18', 1, 74, '15.50', '73.63'),
(874, 503, '5.00', '14.72', '5.00', '18', 1, 74, '15.50', '73.63'),
(875, 103, '6.00', '24.75', '1.00', '18', 1, 51, '25.00', '148.50'),
(876, 104, '6.00', '24.75', '1.00', '18', 1, 51, '25.00', '148.50'),
(877, 633, '20.00', '4.00', '0.00', '18', 1, 75, '4.00', '80.00'),
(878, 634, '20.00', '4.00', '0.00', '18', 1, 75, '4.00', '80.00'),
(879, 45, '10.00', '63.00', '0.00', '18', 1, 76, '63.00', '630.00'),
(880, 123, '3.00', '60.00', '0.00', '18', 1, 76, '60.00', '180.00'),
(881, 633, '10.00', '4.00', '0.00', '18', 1, 77, '4.00', '40.00'),
(882, 634, '10.00', '4.00', '0.00', '18', 1, 77, '4.00', '40.00'),
(883, 729, '5.00', '6.00', '0.00', '18', 1, 78, '6.00', '30.00'),
(884, 730, '5.00', '6.00', '0.00', '18', 1, 78, '6.00', '30.00');
INSERT INTO `pedido_detalle` (`id_pdetalle`, `prod_pdetalle`, `cant_pdetalle`, `precio_pdetalle`, `descu_pdetalle`, `impuesto_pdetalle`, `status_pdetalle`, `pedido_pdetalle`, `plista_pdetalle`, `total_pdetalle`) VALUES
(885, 459, '2.00', '13.02', '7.00', '18', 1, 78, '14.00', '26.04'),
(886, 460, '2.00', '13.02', '7.00', '18', 1, 78, '14.00', '26.04'),
(887, 463, '2.00', '14.55', '3.00', '18', 1, 78, '15.00', '29.10'),
(888, 464, '2.00', '14.55', '3.00', '18', 1, 78, '15.00', '29.10'),
(889, 467, '1.00', '14.55', '3.00', '18', 1, 78, '15.00', '14.55'),
(890, 468, '1.00', '14.55', '3.00', '18', 1, 78, '15.00', '14.55'),
(891, 753, '2.00', '26.60', '5.00', '18', 1, 78, '28.00', '53.20'),
(892, 520, '2.00', '26.60', '5.00', '18', 1, 78, '28.00', '53.20'),
(893, 521, '2.00', '26.60', '5.00', '18', 1, 78, '28.00', '53.20'),
(894, 522, '2.00', '26.60', '5.00', '18', 1, 78, '28.00', '53.20'),
(895, 523, '1.00', '38.00', '5.00', '18', 1, 78, '40.00', '38.00'),
(896, 524, '1.00', '38.00', '5.00', '18', 1, 78, '40.00', '38.00'),
(897, 754, '2.00', '38.00', '5.00', '18', 1, 78, '40.00', '76.00'),
(898, 509, '1.00', '28.50', '5.00', '18', 1, 78, '46.00', '28.50'),
(899, 510, '1.00', '28.50', '0.00', '18', 1, 78, '46.00', '28.50'),
(900, 764, '1.00', '47.50', '5.00', '18', 1, 78, '50.00', '47.50'),
(901, 765, '1.00', '47.50', '5.00', '18', 1, 78, '50.00', '47.50'),
(902, 513, '2.00', '19.00', '5.00', '18', 1, 78, '20.00', '38.00'),
(903, 987, '8.00', '20.00', '0.00', '18', 1, 79, '20.00', '160.00'),
(904, 989, '5.00', '23.00', '0.00', '18', 1, 79, '23.00', '115.00'),
(905, 870, '3.00', '27.00', '0.00', '18', 1, 79, '27.00', '81.00'),
(906, 871, '3.00', '27.00', '0.00', '18', 1, 79, '27.00', '81.00'),
(907, 872, '3.00', '32.00', '0.00', '18', 1, 79, '32.00', '96.00'),
(908, 873, '3.00', '32.00', '0.00', '18', 1, 79, '32.00', '96.00'),
(909, 953, '5.00', '20.00', '0.00', '18', 1, 79, '20.00', '100.00'),
(910, 954, '5.00', '20.00', '0.00', '18', 1, 79, '20.00', '100.00'),
(911, 650, '5.00', '10.00', '0.00', '18', 1, 79, '10.00', '50.00'),
(912, 651, '5.00', '10.00', '0.00', '18', 1, 79, '10.00', '50.00'),
(913, 772, '10.00', '7.00', '0.00', '18', 1, 79, '7.00', '70.00'),
(914, 773, '10.00', '7.00', '0.00', '18', 1, 79, '7.00', '70.00'),
(915, 757, '2.00', '16.00', '0.00', '18', 1, 79, '16.00', '32.00'),
(916, 758, '5.00', '16.00', '0.00', '18', 1, 79, '16.00', '80.00'),
(917, 956, '10.00', '14.00', '0.00', '18', 1, 79, '14.00', '140.00'),
(918, 658, '5.00', '13.00', '0.00', '18', 1, 79, '13.00', '65.00'),
(919, 941, '10.00', '9.03', '5.00', '18', 1, 80, '9.50', '90.25'),
(920, 942, '10.00', '9.03', '5.00', '18', 1, 80, '9.50', '90.25'),
(921, 664, '10.00', '7.13', '5.00', '18', 1, 80, '7.50', '71.25'),
(922, 665, '10.00', '7.13', '5.00', '18', 1, 80, '7.50', '71.25'),
(923, 666, '10.00', '7.13', '5.00', '18', 1, 80, '7.50', '71.25'),
(924, 667, '10.00', '7.13', '5.00', '18', 1, 80, '7.50', '71.25'),
(925, 969, '3.00', '14.25', '5.00', '18', 1, 80, '15.00', '42.75'),
(926, 970, '3.00', '14.25', '5.00', '18', 1, 80, '15.00', '42.75'),
(927, 973, '3.00', '11.40', '5.00', '18', 1, 80, '12.00', '34.20'),
(928, 944, '3.00', '13.30', '5.00', '18', 1, 80, '14.00', '39.90'),
(929, 945, '3.00', '13.30', '5.00', '18', 1, 80, '14.00', '39.90'),
(930, 897, '10.00', '7.60', '5.00', '18', 1, 80, '8.00', '76.00'),
(931, 898, '10.00', '7.60', '5.00', '18', 1, 80, '8.00', '76.00'),
(932, 642, '10.00', '5.70', '5.00', '18', 1, 80, '6.00', '57.00'),
(933, 643, '10.00', '5.70', '5.00', '18', 1, 80, '6.00', '57.00'),
(934, 991, '2.00', '23.75', '5.00', '18', 1, 80, '25.00', '47.50'),
(935, 14, '1.00', '42.75', '5.00', '18', 1, 80, '45.00', '42.75'),
(936, 17, '2.00', '53.20', '5.00', '18', 1, 80, '56.00', '106.40'),
(937, 854, '4.00', '79.80', '5.00', '18', 1, 81, '84.00', '319.20'),
(938, 859, '2.00', '104.50', '5.00', '18', 1, 81, '110.00', '209.00'),
(939, 804, '2.00', '11.40', '5.00', '18', 1, 81, '12.00', '22.80'),
(940, 805, '2.00', '11.40', '5.00', '18', 1, 81, '12.00', '22.80'),
(941, 526, '3.00', '23.75', '5.00', '18', 1, 81, '25.00', '71.25'),
(942, 1024, '3.00', '23.75', '5.00', '18', 1, 81, '25.00', '71.25'),
(943, 740, '5.00', '14.25', '5.00', '18', 1, 81, '15.00', '71.25'),
(944, 709, '3.00', '19.00', '5.00', '18', 1, 81, '20.00', '57.00'),
(945, 711, '3.00', '19.00', '5.00', '18', 1, 81, '20.00', '57.00'),
(946, 850, '2.00', '36.10', '5.00', '18', 1, 82, '38.00', '72.20'),
(947, 851, '2.00', '36.10', '5.00', '18', 1, 82, '38.00', '72.20'),
(948, 852, '2.00', '36.10', '5.00', '18', 1, 82, '38.00', '72.20'),
(949, 853, '2.00', '36.10', '5.00', '18', 1, 82, '38.00', '72.20'),
(951, 520, '5.00', '26.04', '7.00', '18', 1, 82, '28.00', '130.20'),
(952, 633, '30.00', '4.00', '0.00', '18', 1, 83, '4.00', '120.00'),
(953, 634, '30.00', '4.00', '0.00', '18', 1, 83, '4.00', '120.00'),
(954, 637, '8.00', '13.00', '0.00', '18', 1, 83, '13.00', '104.00'),
(955, 638, '8.00', '13.00', '0.00', '18', 1, 83, '13.00', '104.00'),
(956, 635, '2.00', '13.00', '0.00', '18', 1, 83, '13.00', '26.00'),
(957, 636, '2.00', '13.00', '0.00', '18', 1, 83, '13.00', '26.00'),
(958, 1021, '10.00', '8.50', '0.00', '18', 1, 83, '8.50', '85.00'),
(959, 917, '10.00', '2.00', '0.00', '18', 1, 83, '2.00', '20.00'),
(960, 767, '2.00', '50.00', '0.00', '18', 1, 83, '50.00', '100.00'),
(961, 118, '1.00', '47.04', '2.00', '18', 1, 83, '48.00', '47.04'),
(962, 982, '2.00', '60.00', '0.00', '18', 1, 84, '60.00', '120.00'),
(963, 850, '1.00', '38.00', '0.00', '18', 1, 84, '38.00', '38.00'),
(964, 487, '3.00', '12.00', '0.00', '18', 1, 84, '12.00', '36.00'),
(965, 740, '5.00', '15.00', '0.00', '18', 1, 84, '15.00', '75.00'),
(966, 854, '1.00', '84.00', '0.00', '18', 1, 84, '84.00', '84.00'),
(967, 956, '250.00', '13.02', '7.00', '18', 1, 85, '14.00', '3255.00'),
(968, 49, '1.00', '90.00', '0.00', '18', 1, 86, '90.00', '90.00'),
(969, 45, '3.00', '60.48', '4.00', '18', 1, 86, '63.00', '181.44'),
(970, 48, '2.00', '75.00', '0.00', '18', 1, 86, '75.00', '150.00'),
(971, 53, '1.00', '85.00', '0.00', '18', 1, 86, '85.00', '85.00'),
(972, 56, '2.00', '40.00', '0.00', '18', 1, 86, '40.00', '80.00'),
(973, 103, '2.00', '25.00', '0.00', '18', 1, 86, '25.00', '50.00'),
(974, 104, '2.00', '25.00', '0.00', '18', 1, 86, '25.00', '50.00'),
(975, 929, '6.00', '6.00', '0.00', '18', 1, 87, '6.00', '36.00'),
(976, 930, '6.00', '6.00', '0.00', '18', 1, 87, '6.00', '36.00'),
(977, 621, '10.00', '4.00', '0.00', '18', 1, 88, '4.00', '40.00'),
(978, 975, '10.00', '24.00', '4.00', '18', 1, 88, '25.00', '240.00'),
(979, 127, '3.00', '100.00', '0.00', '18', 1, 88, '85.00', '300.00'),
(980, 111, '1.00', '122.94', '10.00', '18', 1, 89, '136.60', '122.94'),
(981, 113, '1.00', '97.65', '10.00', '18', 1, 89, '108.50', '97.65'),
(982, 143, '1.00', '81.00', '10.00', '18', 1, 89, '90.00', '81.00'),
(983, 142, '1.00', '72.00', '10.00', '18', 1, 89, '80.00', '72.00'),
(984, 129, '1.00', '76.50', '10.00', '18', 1, 89, '85.00', '76.50'),
(985, 127, '1.00', '76.50', '10.00', '18', 1, 89, '85.00', '76.50'),
(986, 18, '1.00', '71.64', '10.00', '18', 1, 89, '79.60', '71.64'),
(987, 126, '1.00', '67.50', '10.00', '18', 1, 89, '75.00', '67.50'),
(988, 172, '1.00', '36.00', '10.00', '18', 1, 89, '40.00', '36.00'),
(989, 689, '1.00', '100.44', '7.00', '18', 1, 90, '108.00', '100.44'),
(990, 134, '3.00', '91.14', '7.00', '18', 1, 90, '98.00', '273.42'),
(991, 6, '2.00', '31.50', '10.00', '18', 1, 91, '35.00', '63.00'),
(992, 690, '1.00', '32.40', '10.00', '18', 1, 91, '36.00', '32.40'),
(993, 624, '10.00', '1.80', '10.00', '18', 1, 91, '2.00', '18.00'),
(994, 54, '1.00', '70.00', '0.00', '18', 1, 92, '70.00', '70.00'),
(995, 526, '6.00', '25.00', '0.00', '18', 1, 92, '25.00', '150.00'),
(996, 431, '15.00', '11.40', '5.00', '18', 1, 92, '12.00', '171.00'),
(997, 985, '3.00', '20.90', '5.00', '18', 1, 92, '22.00', '62.70'),
(998, 150, '3.00', '110.74', '2.00', '18', 1, 92, '113.00', '332.22'),
(999, 704, '2.00', '45.00', '10.00', '18', 1, 93, '50.00', '90.00'),
(1000, 705, '2.00', '45.00', '10.00', '18', 1, 93, '50.00', '90.00'),
(1001, 713, '4.00', '18.00', '10.00', '18', 1, 93, '20.00', '72.00'),
(1002, 773, '10.00', '6.30', '10.00', '18', 1, 93, '7.00', '63.00'),
(1003, 520, '6.00', '25.20', '10.00', '18', 1, 93, '28.00', '151.20'),
(1004, 477, '1.00', '47.25', '10.00', '18', 1, 93, '52.50', '47.25'),
(1005, 478, '1.00', '47.25', '10.00', '18', 1, 93, '52.50', '47.25'),
(1006, 479, '1.00', '47.25', '10.00', '18', 1, 93, '52.50', '47.25'),
(1007, 480, '1.00', '47.25', '10.00', '18', 1, 93, '52.50', '47.25'),
(1008, 487, '10.00', '10.80', '10.00', '18', 1, 93, '12.00', '108.00'),
(1009, 498, '5.00', '10.80', '10.00', '18', 1, 93, '12.00', '54.00'),
(1010, 499, '5.00', '10.80', '10.00', '18', 1, 93, '12.00', '54.00'),
(1011, 759, '1.00', '45.00', '10.00', '18', 1, 93, '50.00', '45.00'),
(1012, 760, '1.00', '45.00', '10.00', '18', 1, 93, '50.00', '45.00'),
(1013, 761, '1.00', '45.00', '10.00', '18', 1, 93, '50.00', '45.00'),
(1014, 762, '1.00', '45.00', '10.00', '18', 1, 93, '50.00', '45.00'),
(1015, 793, '3.00', '22.50', '10.00', '18', 1, 93, '25.00', '67.50'),
(1016, 794, '3.00', '22.50', '10.00', '18', 1, 93, '25.00', '67.50'),
(1017, 813, '2.00', '18.00', '10.00', '18', 1, 93, '20.00', '36.00'),
(1018, 814, '4.00', '18.00', '10.00', '18', 1, 93, '20.00', '72.00'),
(1019, 803, '6.00', '7.20', '10.00', '18', 1, 93, '8.00', '43.20'),
(1020, 819, '3.00', '24.75', '10.00', '18', 1, 93, '27.50', '74.25'),
(1021, 593, '6.00', '13.50', '10.00', '18', 1, 93, '15.00', '81.00'),
(1022, 858, '3.00', '18.00', '10.00', '18', 1, 93, '20.00', '54.00'),
(1023, 860, '3.00', '22.50', '10.00', '18', 1, 93, '25.00', '67.50'),
(1024, 854, '1.00', '75.60', '10.00', '18', 1, 93, '84.00', '75.60'),
(1025, 910, '4.00', '13.50', '10.00', '18', 1, 93, '15.00', '54.00'),
(1026, 911, '4.00', '13.50', '10.00', '18', 1, 93, '15.00', '54.00'),
(1027, 635, '5.00', '11.70', '10.00', '18', 1, 93, '13.00', '58.50'),
(1028, 637, '5.00', '11.70', '10.00', '18', 1, 93, '13.00', '58.50'),
(1029, 638, '5.00', '11.70', '10.00', '18', 1, 93, '13.00', '58.50'),
(1030, 633, '40.00', '3.60', '10.00', '18', 1, 93, '4.00', '144.00'),
(1031, 634, '40.00', '3.60', '10.00', '18', 1, 93, '4.00', '144.00'),
(1032, 1020, '10.00', '7.20', '10.00', '18', 1, 93, '8.00', '72.00'),
(1033, 1006, '3.00', '16.20', '10.00', '18', 1, 93, '18.00', '48.60'),
(1034, 1007, '3.00', '16.20', '10.00', '18', 1, 93, '18.00', '48.60'),
(1035, 957, '6.00', '19.80', '10.00', '18', 1, 93, '22.00', '118.80'),
(1038, 664, '10.00', '6.75', '10.00', '18', 1, 93, '7.50', '67.50'),
(1039, 665, '10.00', '6.75', '10.00', '18', 1, 93, '7.50', '67.50'),
(1040, 666, '10.00', '6.75', '10.00', '18', 1, 93, '7.50', '67.50'),
(1041, 667, '10.00', '6.75', '10.00', '18', 1, 93, '7.50', '67.50'),
(1042, 1010, '2.00', '15.30', '10.00', '18', 1, 93, '17.00', '30.60'),
(1043, 1011, '2.00', '15.30', '10.00', '18', 1, 93, '17.00', '30.60'),
(1044, 1004, '3.00', '27.00', '10.00', '18', 1, 93, '30.00', '81.00'),
(1045, 1005, '3.00', '27.00', '10.00', '18', 1, 93, '30.00', '81.00'),
(1046, 934, '15.00', '9.45', '10.00', '18', 1, 93, '10.50', '141.75'),
(1047, 935, '5.00', '9.45', '10.00', '18', 1, 93, '10.50', '47.25'),
(1048, 682, '5.00', '5.00', '0.00', '18', 1, 93, '5.00', '25.00'),
(1049, 683, '10.00', '5.00', '0.00', '18', 1, 93, '5.00', '50.00'),
(1050, 31, '1.00', '85.50', '10.00', '18', 1, 89, '95.00', '85.50'),
(1051, 131, '1.00', '76.50', '10.00', '18', 1, 89, '87.00', '76.50'),
(1052, 102, '1.00', '49.50', '10.00', '18', 1, 89, '55.00', '49.50'),
(1053, 107, '1.00', '93.06', '10.00', '18', 1, 89, '103.40', '93.06'),
(1055, 992, '2.00', '31.04', '3.00', '18', 1, 88, '32.00', '62.08'),
(1056, 621, '1.00', '4.00', '0.00', '18', 1, 94, '4.00', '4.00'),
(1057, 935, '3.00', '9.77', '7.00', '18', 1, 95, '10.50', '29.30'),
(1058, 487, '5.00', '11.16', '7.00', '18', 1, 95, '12.00', '55.80'),
(1059, 633, '20.00', '3.72', '7.00', '18', 1, 95, '4.00', '74.40'),
(1060, 634, '20.00', '3.72', '7.00', '18', 1, 95, '4.00', '74.40'),
(1061, 934, '3.00', '9.77', '7.00', '18', 1, 95, '10.50', '29.30'),
(1062, 1185, '2.00', '93.00', '7.00', '18', 1, 96, '100.00', '186.00'),
(1063, 1186, '2.00', '91.14', '7.00', '18', 1, 96, '98.00', '182.28'),
(1064, 753, '5.00', '26.60', '5.00', '18', 1, 97, '28.00', '133.00'),
(1066, 966, '5.00', '16.15', '5.00', '18', 1, 97, '17.00', '80.75'),
(1067, 521, '5.00', '26.60', '5.00', '18', 1, 97, '28.00', '133.00'),
(1088, 1181, '2.00', '79.05', '7.00', '18', 1, 90, '85.00', '158.10'),
(1089, 1182, '2.00', '69.75', '7.00', '18', 1, 90, '75.00', '139.50'),
(1090, 1184, '2.00', '100.44', '7.00', '18', 1, 90, '108.00', '200.88'),
(1091, 1185, '2.00', '93.00', '7.00', '18', 1, 90, '100.00', '186.00'),
(1092, 1186, '5.00', '91.14', '7.00', '18', 1, 90, '98.00', '455.70'),
(1093, 1190, '5.00', '125.55', '7.00', '18', 1, 90, '135.00', '627.75'),
(1094, 1192, '1.00', '162.75', '7.00', '18', 1, 90, '175.00', '162.75'),
(1095, 1196, '1.00', '97.65', '7.00', '18', 1, 90, '105.00', '97.65'),
(1096, 1198, '1.00', '120.90', '7.00', '18', 1, 90, '130.00', '120.90'),
(1097, 1200, '2.00', '85.56', '7.00', '18', 1, 90, '92.00', '171.12'),
(1098, 1201, '4.00', '130.20', '7.00', '18', 1, 90, '140.00', '520.80'),
(1099, 1203, '2.00', '93.00', '7.00', '18', 1, 90, '100.00', '186.00'),
(1100, 1204, '1.00', '125.55', '7.00', '18', 1, 90, '135.00', '125.55'),
(1101, 1209, '2.00', '85.56', '7.00', '18', 1, 90, '92.00', '171.12'),
(1102, 1210, '3.00', '74.40', '7.00', '18', 1, 90, '80.00', '223.20'),
(1103, 1211, '4.00', '100.44', '7.00', '18', 1, 90, '108.00', '401.76'),
(1104, 163, '4.00', '111.60', '7.00', '18', 1, 90, '120.00', '446.40'),
(1105, 1214, '1.00', '137.64', '7.00', '18', 1, 90, '148.00', '137.64'),
(1106, 1215, '1.00', '69.75', '7.00', '18', 1, 90, '75.00', '69.75'),
(1107, 1216, '1.00', '88.35', '7.00', '18', 1, 90, '95.00', '88.35'),
(1108, 633, '300.00', '3.50', '12.00', '18', 1, 98, '4.00', '1050.00'),
(1109, 634, '300.00', '3.50', '12.00', '18', 1, 98, '4.00', '1050.00'),
(1110, 1205, '5.00', '85.00', '0.00', '18', 1, 99, '85.00', '425.00'),
(1111, 150, '10.00', '113.00', '0.00', '18', 1, 99, '113.00', '1130.00'),
(1112, 646, '6.00', '22.00', '0.00', '18', 1, 100, '22.00', '132.00'),
(1113, 647, '6.00', '22.00', '0.00', '18', 1, 100, '22.00', '132.00'),
(1114, 985, '6.00', '22.00', '0.00', '18', 1, 100, '22.00', '132.00'),
(1115, 917, '6.00', '2.00', '0.00', '18', 1, 100, '2.00', '12.00'),
(1116, 648, '6.00', '8.07', '5.00', '18', 1, 100, '8.50', '48.45'),
(1117, 649, '6.00', '8.07', '5.00', '18', 1, 100, '8.50', '48.45'),
(1118, 1008, '6.00', '15.00', '0.00', '18', 1, 100, '15.00', '90.00'),
(1119, 1009, '6.00', '15.00', '0.00', '18', 1, 100, '15.00', '90.00'),
(1120, 986, '6.00', '19.00', '0.00', '18', 1, 100, '19.00', '114.00'),
(1121, 1018, '6.00', '29.00', '0.00', '18', 1, 100, '29.00', '174.00'),
(1122, 1019, '6.00', '29.00', '0.00', '18', 1, 100, '29.00', '174.00'),
(1123, 642, '6.00', '6.00', '0.00', '18', 1, 100, '6.00', '36.00'),
(1124, 643, '6.00', '6.00', '0.00', '18', 1, 100, '6.00', '36.00'),
(1125, 650, '6.00', '10.00', '0.00', '18', 1, 100, '10.00', '60.00'),
(1126, 651, '6.00', '10.00', '0.00', '18', 1, 100, '10.00', '60.00'),
(1127, 939, '6.00', '13.00', '0.00', '18', 1, 100, '13.00', '78.00'),
(1128, 652, '6.00', '13.00', '0.00', '18', 1, 100, '13.00', '78.00'),
(1129, 653, '6.00', '13.00', '0.00', '18', 1, 100, '13.00', '78.00'),
(1130, 940, '6.00', '13.00', '0.00', '18', 1, 100, '13.00', '78.00'),
(1131, 656, '6.00', '15.07', '4.00', '18', 1, 100, '15.70', '90.43'),
(1132, 657, '6.00', '15.07', '4.00', '18', 1, 100, '15.70', '90.43'),
(1133, 654, '6.00', '15.07', '4.00', '18', 1, 100, '15.70', '90.43'),
(1134, 655, '6.00', '15.07', '4.00', '18', 1, 100, '15.70', '90.43'),
(1135, 661, '6.00', '22.00', '0.00', '18', 1, 100, '22.00', '132.00'),
(1136, 739, '2.00', '15.00', '0.00', '18', 1, 101, '15.00', '30.00'),
(1137, 740, '2.00', '15.00', '0.00', '18', 1, 101, '15.00', '30.00'),
(1138, 744, '3.00', '10.00', '0.00', '18', 1, 101, '10.00', '30.00'),
(1139, 806, '5.00', '14.80', '0.00', '18', 1, 101, '14.80', '74.00'),
(1140, 807, '5.00', '14.80', '0.00', '18', 1, 101, '14.80', '74.00'),
(1141, 823, '10.00', '6.00', '0.00', '18', 1, 101, '6.00', '60.00'),
(1142, 642, '5.00', '6.00', '0.00', '18', 1, 101, '6.00', '30.00'),
(1143, 629, '2.00', '15.50', '0.00', '18', 1, 101, '15.50', '31.00'),
(1144, 638, '2.00', '13.00', '0.00', '18', 1, 101, '13.00', '26.00'),
(1145, 650, '3.00', '10.00', '0.00', '18', 1, 101, '10.00', '30.00'),
(1146, 654, '3.00', '15.70', '0.00', '18', 1, 101, '15.70', '47.10'),
(1147, 655, '3.00', '15.70', '0.00', '18', 1, 101, '15.70', '47.10'),
(1148, 656, '3.00', '15.70', '0.00', '18', 1, 101, '15.70', '47.10'),
(1149, 657, '3.00', '15.70', '0.00', '18', 1, 101, '15.70', '47.10'),
(1150, 664, '5.00', '7.50', '0.00', '18', 1, 101, '7.50', '37.50'),
(1151, 1021, '5.00', '8.50', '0.00', '18', 1, 101, '8.50', '42.50'),
(1152, 1022, '20.00', '8.50', '0.00', '18', 1, 101, '8.50', '170.00'),
(1153, 1020, '2.00', '8.00', '0.00', '18', 1, 101, '8.00', '16.00'),
(1154, 432, '2.00', '13.00', '0.00', '18', 1, 102, '13.00', '26.00'),
(1155, 433, '2.00', '13.00', '0.00', '18', 1, 102, '13.00', '26.00'),
(1156, 434, '2.00', '13.00', '0.00', '18', 1, 102, '13.00', '26.00'),
(1157, 435, '2.00', '13.00', '0.00', '18', 1, 102, '13.00', '26.00'),
(1158, 443, '2.00', '6.00', '0.00', '18', 1, 102, '6.00', '12.00'),
(1159, 444, '2.00', '6.00', '0.00', '18', 1, 102, '6.00', '12.00'),
(1160, 451, '2.00', '10.00', '0.00', '18', 1, 102, '10.00', '20.00'),
(1161, 452, '2.00', '10.00', '0.00', '18', 1, 102, '10.00', '20.00'),
(1162, 453, '2.00', '10.00', '0.00', '18', 1, 102, '10.00', '20.00'),
(1163, 454, '2.00', '10.00', '0.00', '18', 1, 102, '10.00', '20.00'),
(1164, 459, '2.00', '14.00', '0.00', '18', 1, 102, '14.00', '28.00'),
(1165, 460, '1.00', '14.00', '0.00', '18', 1, 102, '14.00', '14.00'),
(1166, 751, '2.00', '14.00', '0.00', '18', 1, 102, '14.00', '28.00'),
(1167, 752, '2.00', '14.00', '0.00', '18', 1, 102, '14.00', '28.00');

-- --------------------------------------------------------

--
-- Estructura de tabla para la tabla `precios`
--

DROP TABLE IF EXISTS `precios`;
CREATE TABLE IF NOT EXISTS `precios` (
  `codigo` varchar(20) NOT NULL,
  `precio` decimal(18,2) DEFAULT NULL,
  PRIMARY KEY (`codigo`)
) ENGINE=InnoDB DEFAULT CHARSET=latin1;

--
-- Volcado de datos para la tabla `precios`
--

INSERT INTO `precios` (`codigo`, `precio`) VALUES
('LP-AC4A', '98.00'),
('LP-AF2', '95.00'),
('LP-AM4', '115.00'),
('LP-CE4D', '135.00'),
('LP-CO4H', '80.00'),
('LP-CO4T', '90.00'),
('LP-EL4A', '100.00'),
('LP-EL6', '108.00'),
('LP-EL8', '212.00'),
('LP-ET4', '92.00'),
('LP-FC2', '148.00'),
('LP-FTN2', '75.00'),
('LP-H12D', '135.00'),
('LP-HR4', '135.00'),
('LP-HX2A', '85.00'),
('LP-HX4T', '80.00'),
('LP-I104D', '120.00'),
('LP-I108', '190.00'),
('LP-LC4', '110.00'),
('LP-NA4D', '130.00'),
('LP-NS4', '110.00'),
('LP-PD2', '100.00'),
('LP-PI4K', '140.00'),
('LP-PI6', '150.00'),
('LP-RI4H', '175.00'),
('LP-SAL10', '85.00'),
('LP-SG2D', '108.00'),
('LP-SP14', '75.00'),
('LP-SU8', '108.00'),
('LP-TH4H', '105.00'),
('LP-TI2A', '92.00'),
('LP-TR2D', '105.00'),
('LP-TU6', '160.00'),
('LP-UR4B', '140.00'),
('LP-VE2', '92.00'),
('LP-YS6', '108.00');

-- --------------------------------------------------------

--
-- Estructura de tabla para la tabla `producto`
--

DROP TABLE IF EXISTS `producto`;
CREATE TABLE IF NOT EXISTS `producto` (
  `id_prod` int(11) NOT NULL AUTO_INCREMENT COMMENT 'ID UNICO',
  `cod_prod` varchar(25) NOT NULL COMMENT 'CODIGO PRODUCTO',
  `codfab_prod` varchar(45) DEFAULT NULL,
  `des_prod` text NOT NULL COMMENT 'DESCRIPCION PRODUCTO',
  `tipo_prod` int(11) NOT NULL COMMENT 'TIPO PRODUCTO',
  `umed_prod` int(11) NOT NULL COMMENT 'UNIDAD DE MEDIDA PRODUCTO',
  `contenido_prod` int(11) NOT NULL COMMENT 'CONTENIDO PRODUCTO',
  `exctoigv_prod` int(11) NOT NULL COMMENT 'EXCENTO IGV (IVA) PRODUCTO',
  `compra_prod` int(11) NOT NULL DEFAULT 0 COMMENT 'PRODUCTO PARA COMPRA',
  `venta_prod` int(11) NOT NULL DEFAULT 0 COMMENT 'PRODUCTO PARA VENTA',
  `stockini_prod` int(11) NOT NULL DEFAULT 0 COMMENT 'STOCK INICIAL PRODUCTO',
  `stockmax_prod` int(11) NOT NULL DEFAULT 0 COMMENT 'STOCK MAXIMO PRODUCTO',
  `stockmin_prod` int(11) NOT NULL DEFAULT 0 COMMENT 'STOCK MINIMO PRODUCTO',
  `stock_prod` int(11) NOT NULL DEFAULT 0 COMMENT 'STOCK PRODUCTO',
  `status_prod` int(11) NOT NULL COMMENT 'ESTATUS PRODUCTO',
  `sucursal_prod` int(11) NOT NULL COMMENT 'SUCURSAL PRODUCTO',
  PRIMARY KEY (`id_prod`),
  UNIQUE KEY `cod_prod` (`cod_prod`),
  KEY `tipo_prod` (`tipo_prod`),
  KEY `sucursal_prod` (`sucursal_prod`),
  KEY `umed_prod` (`umed_prod`)
) ENGINE=InnoDB AUTO_INCREMENT=1217 DEFAULT CHARSET=latin1 COMMENT='GUARDA DATOS PRODUCTOS';

--
-- Volcado de datos para la tabla `producto`
--

INSERT INTO `producto` (`id_prod`, `cod_prod`, `codfab_prod`, `des_prod`, `tipo_prod`, `umed_prod`, `contenido_prod`, `exctoigv_prod`, `compra_prod`, `venta_prod`, `stockini_prod`, `stockmax_prod`, `stockmin_prod`, `stock_prod`, `status_prod`, `sucursal_prod`) VALUES
(1, 'LP-BC2', 'CM13-BC02', 'FARO NEBLINERO BAIC ANTIGUO (SETX2)', 1, 1, 1, 0, 1, 1, 0, 0, 0, 0, 1, 1),
(2, 'LP-BH2', 'CM-WHG2', 'FARO NEBLINERO BAOJUN HONGGUANG V(SET2)', 1, 1, 1, 0, 1, 1, 0, 0, 0, 0, 1, 1),
(3, 'LP-F32', 'CM3-BYD2', 'FARO NEBLINERO BYD F3 (SETX2)', 1, 1, 1, 0, 1, 1, 0, 0, 0, 0, 1, 1),
(4, 'LP-F62', 'CM6-BYD2', 'FARO NEBLINERO BYD F6 (SETX2)', 1, 1, 1, 0, 1, 1, 0, 0, 0, 0, 1, 1),
(5, 'LP-CG2', 'CM12-CHG2', 'FARO NEBLINERO CHANGHAN 2012 (SET X 2)', 1, 1, 1, 0, 1, 1, 0, 0, 0, 1, 1, 1),
(6, 'LP-CF2', 'CM-CH02', 'FARO NEBLINERO MINIVAN CHANGHE FREEDOM(SETX2)', 1, 1, 1, 0, 1, 1, 0, 0, 0, 16, 1, 1),
(7, 'LP-A12', 'CM-A102', 'FARO NEBLINERO CHERRY A1 (SETX2)', 1, 1, 1, 0, 1, 1, 0, 0, 0, 0, 1, 1),
(8, 'LP-AV2C', 'CM07-AV4', 'FARO NEBLI.CHEV. AVEO 2005-2007(SETX2)', 1, 1, 1, 0, 1, 1, 0, 0, 0, 0, 1, 1),
(9, 'LP-AV2', 'CM-9416', 'FARO NEBLI.CHEV. AVEO 2005-2007(SETX2)NEGRO         ', 1, 1, 1, 0, 1, 1, 0, 0, 0, 0, 1, 1),
(10, 'LP-N32', 'CM-N3004  ', 'FARO NEBLI.CHEV. N300 2013(SET2)', 1, 1, 1, 0, 1, 1, 0, 0, 0, 0, 1, 1),
(11, 'LP-N22L', 'CM-N2004L', 'FARO NEBLI.CHEV. N200 ( HONGTU 2010)', 1, 2, 1, 0, 1, 1, 0, 0, 0, 0, 1, 1),
(12, 'LP-N22R', 'CM-N2004R', 'FARO NEBLI.CHEV. N200 ( HONGTU 2010)', 1, 2, 1, 0, 1, 1, 0, 0, 0, 0, 1, 1),
(13, 'LP-SA2', 'CM10-SAL5', 'FARO NEBLI.CHEV. SAIL 2010 (SETX2)', 1, 1, 1, 0, 1, 1, 0, 0, 0, 0, 1, 1),
(14, 'LP-SP2', 'CM5-SPK04', 'FARO NEBLI.CHEV. SPARK 2005 (SET2)', 1, 1, 1, 0, 1, 1, 0, 0, 0, 1, 1, 1),
(15, 'LP-SP2A', 'CM5-SPK8', 'FARO NEBLI.CHEV. SPARK 2005 POST RED', 1, 1, 1, 0, 1, 1, 0, 0, 0, 0, 1, 1),
(16, 'LP-SP2B', 'CM5-SPK5', 'FARO NEBLI.CHEV. SPARK 2005 POST.BLANCO(SET2)', 1, 1, 1, 0, 1, 1, 0, 0, 0, 0, 1, 1),
(17, 'LP-SP4', 'CM9-SPK02', 'FARO NEBLI.CHEV. SPARK 2009 (SETX2)', 1, 1, 1, 0, 1, 1, 0, 0, 0, 10, 1, 1),
(18, 'LP-OP2', 'CM-9342', 'FARO NEBLI.CHEV. OPTRA 2003-2008(SET2)', 1, 1, 1, 0, 1, 1, 0, 0, 0, 10, 1, 1),
(19, 'LP-ES2L', 'CM92-DE4L', 'FARO NEBLI.DAEWOO ESPERO 92....', 1, 2, 1, 0, 1, 1, 0, 0, 0, 0, 1, 1),
(20, 'LP-ES2R', 'CM92-DE4R', 'FARO NEBLI.DAEWOO ESPERO 92....', 1, 2, 1, 0, 1, 1, 0, 0, 0, 0, 1, 1),
(21, 'LP-ES4', 'CM96-DE4A', 'FARO NEBLI.DAEWOO ESPERO 96(SET)  ', 1, 1, 1, 0, 1, 1, 0, 0, 0, 0, 1, 1),
(22, 'LP-CI2', 'CM94-DC4A', 'FARO NEBLI.DAEWOO CIELO NEGRO 94-96 (SETX2)', 1, 1, 1, 0, 1, 1, 0, 0, 0, 27, 1, 1),
(23, 'LP-CI2CL', 'CM94-DC4L', 'FARO NEBLI.DAEWOO CIELO CRISTAL 94-96', 1, 2, 1, 0, 1, 1, 0, 0, 0, 0, 1, 1),
(24, 'LP-CI2CR', 'CM94-DC4R', 'FARO NEBLI.DAEWOO CIELO CRISTAL 94-96', 1, 2, 1, 0, 1, 1, 0, 0, 0, 0, 1, 1),
(25, 'LP-LA2', 'CM-LN04', 'FARO NEBLI.DAEWOO LANOS (SET2)', 1, 1, 1, 0, 1, 1, 0, 0, 0, 0, 1, 1),
(26, 'LP-LA2C', 'CM-LN04C', 'FARO NEBLI.DAEWOO LANOS CRYSTAL(SETX2)', 1, 1, 1, 0, 1, 1, 0, 0, 0, 0, 1, 1),
(27, 'LP-NB2', 'CM97-DN04', 'FARO NEBLI.DAEWOO NUBIRA 1997 (SETX2)', 1, 1, 1, 0, 1, 1, 0, 0, 0, 10, 1, 1),
(28, 'LP-NB4', 'CM00-DN2', 'FARO NEBLI.DAEWOO NUBIRA 2000 (SETX2)', 1, 1, 1, 0, 1, 1, 0, 0, 0, 5, 1, 1),
(29, 'LP-XI2', 'CM15-DX02', 'FARO NEBLI.DONGFENG XIAOKANG(SETX2)', 1, 1, 1, 0, 1, 1, 0, 0, 0, 0, 1, 1),
(30, 'LP-C372', 'CM37-DF02', 'FARO NEBLI.DONGFEND C37 (SET2)', 1, 1, 1, 0, 1, 1, 0, 0, 0, 18, 1, 1),
(31, 'LP-RA4', 'CM-9296', 'FARO NEBLI.FORD RANGER 2012...(SET2)', 1, 1, 1, 0, 1, 1, 0, 0, 0, 30, 1, 1),
(32, 'LP-FL4', 'CM16-FLD2', 'FARO NEBLI.FORLAND 2016(SETX2)', 1, 1, 1, 0, 1, 1, 0, 0, 0, 0, 1, 1),
(33, 'LP-FT2L', 'CM06-FT02L', 'FARO NEBLI.FOTON 2007.....', 1, 2, 1, 0, 1, 1, 0, 0, 0, 0, 1, 1),
(34, 'LP-FT2R', 'CM06-FT02R', 'FARO NEBLI.FOTON 2007.....', 1, 2, 1, 0, 1, 1, 0, 0, 0, 0, 1, 1),
(35, 'LP-CK2', 'CM12-GY02', 'FARO NEBLI.GEELLY CK1 2012(SET2)    ', 1, 1, 1, 0, 1, 1, 0, 0, 0, 0, 1, 1),
(36, 'LP-GY2', 'CM07-GY2', 'FARO NEBLI.GEELY 2012 (SETX2)', 1, 1, 1, 0, 1, 1, 0, 0, 0, 5, 1, 1),
(37, 'LP-MK4', 'CM14-GY02', 'FARO NEBLI.GEELLY MK CROSS 2014(SET2)', 1, 1, 1, 0, 1, 1, 0, 0, 0, 3, 1, 1),
(38, 'LP-GO4', 'CM14-GW02', 'FARO NEBLI.GONOW 2014(SETX2)', 1, 1, 1, 0, 1, 1, 0, 0, 0, 0, 1, 1),
(39, 'LP-FJ2', 'CM5-WIN2', 'FARO NEBLI.GREATWALL FENG JUN 5(SETX2)', 1, 1, 1, 0, 1, 1, 0, 0, 0, 0, 1, 1),
(40, 'LP-GH2', 'CM5-GH02', 'FARO NEBLI.GREATWALL HOVER(SET2)', 1, 1, 1, 0, 1, 1, 0, 0, 0, 0, 1, 1),
(41, 'LP-ST4', 'CM05-SX2', 'FARO NEBLI.PARACH. HY.STAREX 2005(SET2)', 1, 1, 1, 0, 1, 1, 0, 0, 0, 5, 1, 1),
(42, 'LP-AC2', 'CM98-AC4A', 'FARO NEBLI.PARACH. HY ACCENT AMBAR 1998-1999 (SETX2)', 1, 1, 1, 0, 1, 1, 0, 0, 0, 10, 1, 1),
(43, 'LP-AC2B', 'CM98-AC4', 'FARO NEBLI.PARACH. HY ACCENT BLANCO 1998-1999 (SETX2)', 1, 1, 1, 0, 1, 1, 0, 0, 0, 8, 1, 1),
(44, 'LP-AC4', 'CM-9172', 'FARO NEBLI.PARACH. HY ACCENT 2006...(SET2)', 1, 1, 1, 0, 1, 1, 0, 0, 0, 0, 1, 1),
(45, 'LP-AC4B', 'CM10-AC04', 'FARO NEBLI.PARACH. HY ACCENT 2011-2014(SET2)', 1, 1, 1, 0, 1, 1, 0, 0, 0, 5, 1, 1),
(46, 'LP-EL2', 'CM-9071', 'FARO NEBLI.PARACH. HY ELANTRA 2007(SET2)', 1, 1, 1, 0, 1, 1, 0, 0, 0, 29, 1, 1),
(47, 'LP-EL2C', 'CM07-EL02', 'FARO NEBLI.PARACH. HY ELANTRA 2007(SETX2)CHINO', 1, 1, 1, 0, 1, 1, 0, 0, 0, 11, 1, 1),
(48, 'LP-EL4', 'CM11-EL5  ', 'FARO NEBLI.PARACH. HY ELANTRA 2011(SETX2)CHINO ', 1, 1, 1, 0, 1, 1, 0, 0, 0, 7, 1, 1),
(49, 'LP-EL4B', 'CM13-EL4', 'FARO NEBLI.PARACH. HY ELANTRA 2013-2014 (SETX2)CHINO', 1, 1, 1, 0, 1, 1, 0, 0, 0, 10, 1, 1),
(50, 'LP-I104L', 'CM12-I104L', 'FARO NEBLI.PARACH. HY I10 2012 CHINO', 1, 2, 1, 0, 1, 1, 0, 0, 0, 22, 1, 1),
(51, 'LP-I104R', 'CM12-I104R', 'FARO NEBLI.PARACH. HY I10 2012 CHINO', 1, 2, 1, 0, 1, 1, 0, 0, 0, 22, 1, 1),
(52, 'LP-I104A', 'CM14-I102', 'FARO NEBLI.PARACH. HY I10 2014 (SET2)CHINO', 1, 1, 1, 0, 1, 1, 0, 0, 0, 0, 1, 1),
(53, 'LP-I104B', 'CM14-I102A', 'FARO NEBLI.PARACH. HY I10 2014FULL (SET2)CHINO', 1, 1, 1, 0, 1, 1, 0, 0, 0, 2, 1, 1),
(54, 'LP-H12', 'CMH1-002', 'FARO NEBLI.PARACH. HY H1(SET2)    ', 1, 1, 1, 0, 1, 1, 0, 0, 0, 12, 1, 1),
(55, 'LP-HD2', 'CM65-HD04', 'FARO NEBLI.PARACH. HY.HD 65 (SET2)', 1, 1, 1, 0, 1, 1, 0, 0, 0, 0, 1, 1),
(56, 'LP-HD4', 'CM75-HD05', 'FARO NEBLI.PARACH. HY.HD 75 (SET2)', 1, 1, 1, 0, 1, 1, 0, 0, 0, 18, 1, 1),
(57, 'LP-H1004', 'CM96-HP4', 'FARO NEBLI.PARACH. H100 PANEL VAN GRACE (SET2) 96', 1, 1, 1, 0, 1, 1, 0, 0, 0, 0, 1, 1),
(58, 'LP-PO4', 'CM13-PRT2', 'FARO NEBLI.PARACH. HY PORTER II 2013(SET2)', 1, 1, 1, 0, 1, 1, 0, 0, 0, 10, 1, 1),
(59, 'LP-SF2', 'CM09-SF2', 'FARO NEBLI.PARACH. HY SANTA FE 2009 (SETX2)', 1, 1, 1, 0, 1, 1, 0, 0, 0, 12, 1, 1),
(60, 'LP-MA2', 'CM07-MX2', 'FARO NEBLI.PARACH. HY MATRIX 2005(SET X 2)', 1, 1, 1, 0, 1, 1, 0, 0, 0, 0, 1, 1),
(61, 'LP-SO2L', 'CM03-SON4L', 'FARO NEBLI.PARACH.HY SONATA 2003', 1, 2, 1, 0, 1, 1, 0, 0, 0, 9, 1, 1),
(62, 'LP-SO2R', 'CM03-SON4R', 'FARO NEBLI.PARACH.HY SONATA 2003', 1, 2, 1, 0, 1, 1, 0, 0, 0, 9, 1, 1),
(63, 'LP-SO4', 'CM08-SON2', 'FARO NEBLI.PARACH.HY SONATA 2008(SET2)', 1, 1, 1, 0, 1, 1, 0, 0, 0, 0, 1, 1),
(64, 'LP-TU2', 'CM03-TS2', 'FARO NEBLI.PARACH.HY TUCSON 2003 (SETX2)', 1, 1, 1, 0, 1, 1, 0, 0, 0, 0, 1, 1),
(65, 'LP-EO4', 'CM11-EON4', 'FARO NEBLI.PARACH.HY EON 2011-2013 (SET2)', 1, 1, 1, 0, 1, 1, 0, 0, 0, 0, 1, 1),
(66, 'LP-JR2', 'CM-JRF02', 'FARO NEBLI.JAC REFINE(SETX2)', 1, 1, 1, 0, 1, 1, 0, 0, 0, 0, 1, 1),
(67, 'LP-JS4', 'CM13-JS02', 'FARO NEBLI.JAC STAR SEDAN 2013 (SETX2)', 1, 1, 1, 0, 1, 1, 0, 0, 0, 1, 1, 1),
(68, 'LP-JM2', 'CM02-JB06', 'FARO NEBLI.JINBEI 2002 (SET2)', 1, 1, 1, 0, 1, 1, 0, 0, 0, 10, 1, 1),
(69, 'LP-K27004', 'CM12-BN02', 'FARO NEBLI.KIA K2700 2012-2013(SETX2)', 1, 1, 1, 0, 1, 1, 0, 0, 0, 10, 1, 1),
(71, 'LP-CE4', 'CM13-KC2', 'FARO NEBLI.KIA CERATO  2013 (SETX2)', 1, 1, 1, 0, 1, 1, 0, 0, 0, 0, 1, 1),
(72, 'LP-CE4B', 'CM17-CR2', 'FARO NEBLI.KIA CERATO 2018(SET2)', 1, 1, 1, 0, 1, 1, 0, 0, 0, 0, 1, 1),
(73, 'LP-PI2C', 'CM08-PI02', 'FARO NEBLI.KIA PICANTO 2008(SET2)CHINO', 1, 1, 1, 0, 1, 1, 0, 0, 0, 0, 1, 1),
(74, 'LP-PI2', 'CM-9226', 'FARO NEBLI.KIA PICANTO 2008...(SET2)        ', 1, 1, 1, 0, 1, 1, 0, 0, 0, 0, 1, 1),
(75, 'LP-PI4', 'CM12-PI02', 'FARO NEBLI.KIA PICANTO 2011-2013(SETX2)', 1, 1, 1, 0, 1, 1, 0, 0, 0, 0, 1, 1),
(76, 'LP-PI4C', 'CM14-PI02', 'FARO NEBLI.KIA PICANTO 2014 (SETX2)', 1, 1, 1, 0, 1, 1, 0, 0, 0, 0, 1, 1),
(77, 'LP-PI4D', 'CM16-PI2A', 'FARO NEBLI.KIA PICANTO 2016  (SETX2)', 1, 1, 1, 0, 1, 1, 0, 0, 0, 0, 1, 1),
(78, 'LP-PI4B', 'CM16-PI02', 'FARO NEBLI.KIA PICANTO 2016 (SETX2)', 1, 1, 1, 0, 1, 1, 0, 0, 0, 0, 1, 1),
(79, 'LP-RI2', 'CM10-KR02', 'FARO NEBLI.KIA RIO 2010 (SETX2)', 1, 1, 1, 0, 1, 1, 0, 0, 0, 0, 1, 1),
(80, 'LP-RI4', 'CM11-KR02', 'FARO NEBLI.KIA RIO SEDAN 2011(SET2) ', 1, 1, 1, 0, 1, 1, 0, 0, 0, 12, 1, 1),
(81, 'LP-RI4D', 'CM16-KR4A', 'FARO NEBLI.KIA RIO 2016(SET2)', 1, 1, 1, 0, 1, 1, 0, 0, 0, 2, 1, 1),
(82, 'LP-SG2', 'CM05-SP2', 'FARO NEBLI.KIA SPORTAGE 2005 (SETX2)', 1, 1, 1, 0, 1, 1, 0, 0, 0, 0, 1, 1),
(83, 'LP-SG4', 'CM11-SP02', 'FARO NEBLI.KIA SPORTAGE 2011 (SETX2)', 1, 1, 1, 0, 1, 1, 0, 0, 0, 0, 1, 1),
(84, 'LP-SG4A', 'CM11-SP2N', 'FARO NEBLI.KIA SPORTAGE 2011 (SETX2)(NEGRO)', 1, 1, 1, 0, 1, 1, 0, 0, 0, 0, 1, 1),
(85, 'LP-LI2', 'CM-LF02', 'FARO NEBLI.LIFAN 520 SET X2', 1, 1, 1, 0, 1, 1, 0, 0, 0, 5, 1, 1),
(86, 'LP-LI4', 'CM-LF02B', 'FARO NEBLI.LIFAN 620 SET X 2', 1, 1, 1, 0, 1, 1, 0, 0, 0, 0, 1, 1),
(87, 'LP-MZ4', 'CM-9403', 'FARO NEBLI.PARACH MAZDA CX5 2013-2016(SET2)NEGRO', 1, 1, 1, 0, 1, 1, 0, 0, 0, 0, 1, 1),
(88, 'LP-MZ2', 'CM-9101', 'FARO NEBLI.PARACH MAZDA 3 2008(SET2)NEGRO              ', 1, 1, 1, 0, 1, 1, 0, 0, 0, 10, 1, 1),
(89, 'LP-BT2', 'CM-9289', 'FARO NEBLI.PARACH.MAZDA BT-50 2008(SET2)NEGRO      ', 1, 1, 1, 0, 1, 1, 0, 0, 0, 0, 1, 1),
(90, 'LP-BT4', 'CM-9295', 'FARO NEBLI.PARACH.MAZDA BT-50 2015 (SET2)CROMO       ', 1, 1, 1, 0, 1, 1, 0, 0, 0, 19, 1, 1),
(91, 'LP-AM2', 'CM-9483', 'FARO NEBLI.AMAROK-JETTA III-GOLF V 2001-2016(SET2)', 1, 1, 1, 0, 1, 1, 0, 0, 0, 0, 1, 1),
(92, 'LP-FU2', 'CM86-MF4', 'FARO NEBLI.PARACH.MITSUB.FUSO 1986(SET2)', 1, 1, 1, 0, 1, 1, 0, 0, 0, 0, 1, 1),
(93, 'LP-RO2', 'CM-MR04', 'FARO NEBLI.PARACH MITSUB.ROSA(SETX2)', 1, 1, 1, 0, 1, 1, 0, 0, 0, 15, 1, 1),
(94, 'LP-TR2', 'CM-9236', 'FARO NEBLI.PARACH.MITSUB.TRITON L200 2008...(SET2)CROMADO     ', 1, 1, 1, 0, 1, 1, 0, 0, 0, 0, 1, 1),
(95, 'LP-TR2S', 'CM-9242', 'FARO NEBLI.PARACH.MITSUB.TRITON L200 2008 S/TAPA..(SET2)', 1, 1, 1, 0, 1, 1, 0, 0, 0, 30, 1, 1),
(96, 'LP-TR4', 'CM-9417', 'FARO NEBLI.PARACH.MITSUB.TRITON L200 2016...(SET2)CROMO     ', 1, 1, 1, 0, 1, 1, 0, 0, 0, 69, 1, 1),
(97, 'LP-AD2', 'CM00-AD4L', 'FARO NEBLI.NISSAN AD WAGON WINGROAD 1998-2005', 1, 1, 1, 0, 1, 1, 0, 0, 0, 15, 1, 1),
(98, 'LP-FR2', 'CM-9097', 'FARO NEBLI.NISS FRONTIER 01-04(SET2)', 1, 1, 1, 0, 1, 1, 0, 0, 0, 15, 1, 1),
(99, 'LP-NA2', 'CM-9150', 'FARO NEBLI.NISS.NAVARA 2005/X-TERRA 05-09(SET2)', 1, 1, 1, 0, 1, 1, 0, 0, 0, 0, 1, 1),
(100, 'LP-NA4', 'CM-9406', 'FARO NEBLI.NISS.NAVARA 2009(SET2)', 1, 1, 1, 0, 1, 1, 0, 0, 0, 0, 1, 1),
(101, 'LP-NA4B', 'CM-9449', 'FARO NEBLI.NISS.NAVARA 2010-2015(SET2)', 1, 1, 1, 0, 1, 1, 0, 0, 0, 0, 1, 1),
(102, 'LP-UR4', 'CM25-UC5', 'FARO NEBLI.NISS.CARAVAN E25 2005(SETX2)', 1, 1, 1, 0, 1, 1, 0, 0, 0, 12, 1, 1),
(103, 'LP-UR4AL', 'CM26-UC5L', 'FARO NEBLI.NISS.URVAN NV350/AMARO/RAV4/SUZUKI GRAND NOMA', 1, 2, 1, 0, 1, 1, 0, 0, 0, 33, 1, 1),
(104, 'LP-UR4AR', 'CM26-UC5R', 'FARO NEBLI.NISS.URVAN NV350/AMARO/RAV4/SUZUKI GRAND NOMA', 1, 2, 1, 0, 1, 1, 0, 0, 0, 33, 1, 1),
(105, 'LP-UR4CL', 'CM26-UC5AL', 'FARO NEBLI.NISS.URVAN NV350 C/LED AZUL 2013', 1, 2, 1, 0, 1, 1, 0, 0, 0, 0, 1, 1),
(106, 'LP-UR4CR', 'CM26-UC5AR', 'FARO NEBLI.NISS.URVAN NV350 C/LED AZUL 2013', 1, 2, 1, 0, 1, 1, 0, 0, 0, 0, 1, 1),
(107, 'LP-AL2', 'CM-9141', 'FARO NEBLI.NISS.ALMERA 2000-2007(SET2)NEGRO', 1, 1, 1, 0, 1, 1, 0, 0, 0, 20, 1, 1),
(108, 'LP-AL2Q', 'CM-9281', 'FARO NEBLI.NISS.ALMERA 2007-QASHQAI(SET2)', 1, 1, 1, 0, 1, 1, 0, 0, 0, 15, 1, 1),
(109, 'LP-VE4C', 'CM-9304', 'FARO NEBLI.NISS.VERSA 2011-2013(SET2)CROMAD', 1, 1, 1, 0, 1, 1, 0, 0, 0, 19, 1, 1),
(110, 'LP-VE4', 'CM-9290', 'FARO NEBLI.NISS.VERSA 2011-2013(SET2)NEGRO', 1, 1, 1, 0, 1, 1, 0, 0, 0, 20, 1, 1),
(111, 'LP-VE4K', 'CM-9454', 'FARO NEBLI.NISS.VERSA 2014...(SET2)CROMO', 1, 1, 1, 0, 1, 1, 0, 0, 0, 39, 1, 1),
(112, 'LP-TI2', 'CM-9381', 'FARO NEBLI.NISS NOTE/MURANO 07-TIIDA/X-TRAIL 2007(SET2)', 1, 1, 1, 0, 1, 1, 0, 0, 0, 9, 1, 1),
(113, 'LP-TI4', 'CM-9565', 'FARO NEBLI.NISS.TIIDA 2008-2012...(SET2)', 1, 1, 1, 0, 1, 1, 0, 0, 0, 10, 1, 1),
(114, 'LP-JU4', 'CM-9456', 'FARO NEBLI.NISS.JUKE 2015(SET2)', 1, 1, 1, 0, 1, 1, 0, 0, 0, 0, 1, 1),
(115, 'LP-MH2', 'CM-9255', 'FARO NEBLI.NISS.MARCH 2010 (SET2)', 1, 1, 1, 0, 1, 1, 0, 0, 0, 0, 1, 1),
(116, 'LP-NE2', 'CM-9374', 'FARO NEBLI.NISS.NEO 2004 (SET2)', 1, 1, 1, 0, 1, 1, 0, 0, 0, 0, 1, 1),
(117, 'LP-SW2', 'CM4-SW02', 'FARO NEBLI.SUZ.SWIFT SX4 (SETX2)', 1, 1, 1, 0, 1, 1, 0, 0, 0, 7, 1, 1),
(118, 'LP-SW4', 'CM-9197', 'FARO NEBLI.SUZ.SWIFT05-10/SX4 06-13/ALTO 09/CELERIO14/(SET2)UNIVERSAL', 1, 1, 1, 0, 1, 1, 0, 0, 0, 24, 1, 1),
(120, 'LP-SW4N', 'CM-9310', 'FARO NEBLI.SUZ.SWIFT 2012....(SET2)NEGRO', 1, 1, 1, 0, 1, 1, 0, 0, 0, 24, 1, 1),
(122, 'LP-AE2', 'CM03-AE02     ', 'FARO NEBLI.SUZ.AERIO 2003 (SET2)               ', 1, 1, 1, 0, 1, 1, 0, 0, 0, 10, 1, 1),
(123, 'LP-AZ4', 'CM-9262', 'FARO NEBLI.TY AVANZA 2012...(SET2)', 1, 1, 1, 0, 1, 1, 0, 0, 0, 42, 1, 1),
(124, 'LP-DI2L', 'CM99-DN4L', 'FARO NEBLI.TY DINA 1999-2008', 1, 2, 1, 0, 1, 1, 0, 0, 0, 0, 1, 1),
(125, 'LP-DI2T', 'CM99-DN4R', 'FARO NEBLI.TY DINA 1999-2008', 1, 1, 1, 0, 1, 1, 0, 0, 0, 0, 1, 1),
(126, 'LP-CA2', 'CM98-CA4', 'FARO NEBLI.TY CALDINA AVENSIS(SET2)', 1, 1, 1, 0, 1, 1, 0, 0, 0, 7, 1, 1),
(127, 'LP-YS2', 'CM-9225', 'FARO NEBLI.TY YARIS SEDAN 2007...NEGRO (SET2) ', 1, 1, 1, 0, 1, 1, 0, 0, 0, 93, 1, 1),
(128, 'LP-YS2C', 'CM-9235', 'FARO NEBLI.TY YARIS SEDAN 2007...CROMO(SET2)', 1, 1, 1, 0, 1, 1, 0, 0, 0, 19, 1, 1),
(129, 'LP-YS4', 'CM-9333', 'FARO NEBLI.TY YARIS SEDAN 2013-2016 NEGRO(SET2)', 1, 1, 1, 0, 1, 1, 0, 0, 0, 88, 1, 1),
(130, 'LP-YS4C', 'CM-9336', 'FARO NEBLI.TY YARIS SEDAN 2013-2016 CROMO(SET2)', 1, 1, 1, 0, 1, 1, 0, 0, 0, 0, 1, 1),
(131, 'LP-YH2', 'CM-9241', 'FARO NEBLI.TY YARIS HASHBACH 2009...NEGRO(SET2) ', 1, 1, 1, 0, 1, 1, 0, 0, 0, 40, 1, 1),
(132, 'LP-YH4', 'CM-9352', 'FARO NEBLI.TY.YARIS HASHBACK 2014-2017 CROMO(SET2)', 1, 1, 1, 0, 1, 1, 0, 0, 0, 25, 1, 1),
(133, 'LP-YP2', 'CM-9107', 'FARO NEBLI.TY.YARIS PLAST(SET2)', 1, 1, 1, 0, 1, 1, 0, 0, 0, 8, 1, 1),
(134, 'LP-AT2D', 'CM-9128', 'FARO NEBLI.TY.ALTIS 2001-2006 DOBLE PUNTA(SET2)', 1, 1, 1, 0, 1, 1, 0, 0, 0, 30, 1, 1),
(135, 'LP-AT2', 'CM-9282', 'FARO NEBLI.TY.ALTIS 2001-2006 UNA PUNTA(SET2)', 1, 1, 1, 0, 1, 1, 0, 0, 0, 8, 1, 1),
(136, 'LP-AT2C', 'CM01-TA5L', 'FARO NEBLI.TY ALTIS 2001-2006 UNA PUNTA(CHINO)', 1, 1, 1, 0, 1, 1, 0, 0, 0, 0, 1, 1),
(137, 'LP-AT2B', 'CM01-TA5C', 'FARO NEBLI.TY ALTIS 2001-2006 UNA PUNTA CRYSTAL CHINO(SET2)', 1, 1, 1, 0, 1, 1, 0, 0, 0, 2, 1, 1),
(138, 'LP-AT4C', 'CM-9228', 'FARO NEBLI.TY.ALTIS 2011-2013 CROMADO(SET2)', 1, 1, 1, 0, 1, 1, 0, 0, 0, 8, 1, 1),
(139, 'LP-AS2', 'CM-9174', 'FARO NEBLI.TY COROLLA 2001-ASISTA..(SET2)', 1, 1, 1, 0, 1, 1, 0, 0, 0, 11, 1, 1),
(140, 'LP-CO2', 'CM01-TC4', 'FARO NEBLI.TY COROLLA 2001..', 1, 1, 1, 0, 1, 1, 0, 0, 0, 20, 1, 1),
(141, 'LP-CO4', 'CM-9170', 'FARO NEBLI.TY.COROLLA 2008-2011 CROMO(SET2)', 1, 1, 1, 0, 1, 1, 0, 0, 0, 67, 1, 1),
(142, 'LP-CO4N', 'CM-9277', 'FARO NEBLI.TY.COROLLA 2011-2013 NEGRO(SET2)', 1, 1, 1, 0, 1, 1, 0, 0, 0, 35, 1, 1),
(143, 'LP-CO4D', 'CM-9366', ' FARO NEBLI.TY.COROLLA 2014-2016 C/NEGRO(SET2) ', 1, 1, 1, 0, 1, 1, 0, 0, 0, 19, 1, 1),
(144, 'LP-FS2', 'CM-9024', 'FARO NEBLI.TY.FIELDER SEDAN 2004 (SET2)', 1, 1, 1, 0, 1, 1, 0, 0, 0, 0, 1, 1),
(145, 'LP-FS2C', 'CM04-TF4', 'FARO NEBLI.TY.FIELDER 2004 (212-2031-UEH)(SET2)CHINO', 1, 1, 1, 0, 1, 1, 0, 0, 0, 0, 1, 1),
(146, 'LP-HX2', 'CM-9129', 'FARO NEBLI.TY HILUX VIGO 04-07(SET 2 )    ', 1, 1, 1, 0, 1, 1, 0, 0, 0, 0, 1, 1),
(147, 'LP-HX2D', 'CM-9222', 'FARO NEBLI.TY HILUX VIGO 2008-2010 (SETX2)      ', 1, 1, 1, 0, 1, 1, 0, 0, 0, 40, 1, 1),
(148, 'LP-HX4C', 'CM15-HX4', 'FARO NEBLI.TY REVO 2015-AVANZA 2016-YARIS 2014(SET2)', 1, 1, 1, 0, 1, 1, 0, 0, 0, 17, 1, 1),
(149, 'LP-HX4', 'CM-9430', 'FARO NEBLI.TY.REVO 2015 NEGRO(SET2)', 1, 1, 1, 0, 1, 1, 0, 0, 0, 46, 1, 1),
(150, 'LP-HX4B', 'CM-9430C', 'FARO NEBLI.TY.REVO 2015 CROMO (SET2)', 1, 1, 1, 0, 1, 1, 0, 0, 0, 24, 1, 1),
(151, 'LP-TH2L', 'CM97-TH6L', 'FARO NEBLI.TY HIACE WAGON-OJO CHINO 1996 (212-2014)', 1, 2, 1, 0, 1, 1, 0, 0, 0, 93, 1, 1),
(152, 'LP-TH2R', 'CM97-TH6R', 'FARO NEBLI.TY HIACE WAGON-OJO CHINO 1996 (212-2014)', 1, 2, 1, 0, 1, 1, 0, 0, 0, 93, 1, 1),
(153, 'LP-TH2AL', 'CM04-TH9L', 'FARO NEBLI.TY HIACE 2004-2010', 1, 2, 1, 0, 1, 1, 0, 0, 0, 3, 1, 1),
(154, 'LP-TH2AR', 'CM04-TH9R', 'FARO NEBLI.TY HIACE 2004-2010', 1, 2, 1, 0, 1, 1, 0, 0, 0, 3, 1, 1),
(155, 'LP-TH4AL', 'CM11-TH7L ', 'FARO NEBLI.TY HIACE 2011-2013 NEGRO CHINO        ', 1, 2, 1, 0, 1, 1, 0, 0, 0, 0, 1, 1),
(156, 'LP-TH4AR', 'CM11-TH7R ', 'FARO NEBLI.TY HIACE 2011-2013 NEGRO CHINO        ', 1, 2, 1, 0, 1, 1, 0, 0, 0, 0, 1, 1),
(157, 'LP-TH4C', 'CM11-TH7-1', 'FARO NEBLI.TY HIACE 2011-2013 NEGRO 9 FOCOS LED CHINO (SET2)', 1, 1, 1, 0, 1, 1, 0, 0, 0, 0, 1, 1),
(158, 'LP-TH4B', 'CM-9315', 'FARO NEBLI.TY.HIACE 2011-2013 CROMO (SET2)', 1, 1, 1, 0, 1, 1, 0, 0, 0, 30, 1, 1),
(159, 'LP-TH4E', 'CM11-TH7C', 'FARO NEBLI.TY HIACE 2011-2013 CROMO (SET2)CHINO', 1, 1, 1, 0, 1, 1, 0, 0, 0, 0, 1, 1),
(160, 'LP-TH4D', 'CM11-TH7-2', 'FARO NEBLI.TY HIACE 2011-2013 CROMO 9FOCOS (SET2)CHINO', 1, 1, 1, 0, 1, 1, 0, 0, 0, 0, 1, 1),
(161, 'LP-TH6', 'CM-9415', 'FARO NEBLI.TY HIACE 2014-2015 NEGRO(SET2)    ', 1, 1, 1, 0, 1, 1, 0, 0, 0, 30, 1, 1),
(162, 'LP-TH6A', 'CM14-TH4', 'FARO NEBLI.TY HIACE 2014-2015 NEGRO(SET2)CHINO', 1, 1, 1, 0, 1, 1, 0, 0, 0, 10, 1, 1),
(163, 'LP-TH6C', 'CM-9415C', 'FARO NEBLI.TY HIACE 2014-2015 CROMO(SET2)   ', 1, 1, 1, 0, 1, 1, 0, 0, 0, 35, 1, 1),
(164, 'LP-NH2', 'CM96-TN4', 'FARO NEBLI.TY NOAH (SETX2)VIDRIO', 1, 1, 1, 0, 1, 1, 0, 0, 0, 0, 1, 1),
(165, 'LP-SU2M', 'CM05-SC6M', 'FARO NEBLI.TY SUCCED MICA (SET X 2)C/BASE', 1, 1, 1, 0, 1, 1, 0, 0, 0, 11, 1, 1),
(166, 'LP-SU2VL', 'CM05-SC6L', 'FARO NEBLI.TY SUCCED(VIDRIO)', 1, 2, 1, 0, 1, 1, 0, 0, 0, 10, 1, 1),
(167, 'LP-SU2VR', 'CM05-SC6R', 'FARO NEBLI.TY SUCCED(VIDRIO)', 1, 2, 1, 0, 1, 1, 0, 0, 0, 10, 1, 1),
(168, 'LP-RV2C', 'CM-9431', 'FARO NEBLI.TY RAV4 2008-2012 CROMO(SET2)', 1, 1, 1, 0, 1, 1, 0, 0, 0, 0, 1, 1),
(169, 'LP-RV4', 'CM-9488', 'FARO NEBLI.TY RAV4 2013-2015 (SET2)', 1, 1, 1, 0, 1, 1, 0, 0, 0, 0, 1, 1),
(170, 'LP-RV6', 'CM-9455', 'FARO NEBLI.TY RAV4 2016-2017 NEGRO...(SET2)', 1, 1, 1, 0, 1, 1, 0, 0, 0, 0, 1, 1),
(171, 'LP-WR2', 'CM-WRG2', 'FARO NEBLI.WULING RONGGUANS  (SETX2)', 1, 1, 1, 0, 1, 1, 0, 0, 0, 0, 1, 1),
(172, 'LP-ZT2', 'CM08-ZT2', 'FARO NEBLI.ZOTYE 2008 (SETX2)', 1, 1, 1, 0, 1, 1, 0, 0, 0, 11, 1, 1),
(428, 'LP-3004AL', NULL, 'MANIJA EXT PTA.DELANT.KIA TOWNER', 2, 2, 1, 0, 1, 1, 0, 0, 0, 13, 1, 1),
(429, 'LP-3004AR', NULL, 'MANIJA EXT PTA DELANT.KIA TOWNER', 2, 2, 1, 0, 1, 1, 0, 0, 0, 13, 1, 1),
(430, 'LP-1001G', NULL, 'MANIJA LEVANTULA DAEWOO MATIZ 98-2005 GRIS', 2, 2, 1, 0, 1, 1, 0, 0, 0, 25, 1, 1),
(431, 'LP-3100AR', NULL, 'MANIJA EXT.DAEWOO TICO 91-01', 2, 2, 1, 0, 1, 1, 0, 0, 0, 85, 1, 1),
(432, 'LP-3102AL', NULL, 'MANIJA EXT PTA.DELANT DAEWO LANOS  98-02 ', 2, 2, 1, 0, 1, 1, 0, 0, 0, 15, 1, 1),
(433, 'LP-3102AR', NULL, 'MANIJA EXT PTA.DELANT DAEWO LANOS  98-02 ', 2, 2, 1, 0, 1, 1, 0, 0, 0, 25, 1, 1),
(434, 'LP-3102PL', NULL, 'MANIJA EXT PTA.POST DAEWO LANOS 98-02', 2, 2, 1, 0, 1, 1, 0, 0, 0, 15, 1, 1),
(435, 'LP-3102PR', NULL, 'MANIJA EXT PTA.POST DAEWO LANOS 98-02', 2, 2, 1, 0, 1, 1, 0, 0, 0, 25, 1, 1),
(436, 'LP-3301SL', NULL, 'MANIJA EXT.PTA.DELANT DAEWOO NUBIRA 98-04 ', 2, 2, 1, 0, 1, 1, 0, 0, 0, 15, 1, 1),
(437, 'LP-3301SR', NULL, 'MANIJA EXT.PTA.DELANT DAEWOO NUBIRA 98-04 ', 2, 2, 1, 0, 1, 1, 0, 0, 0, 25, 1, 1),
(438, 'LP-3301SRR', NULL, 'MANIJA EXT.PTA.POST DAEWOO NUBIRA 98-04 ', 2, 2, 1, 0, 1, 1, 0, 0, 0, 25, 1, 1),
(439, 'LP-3103MSFL', NULL, 'MANIJA EXT. PTA DELANT.CHEV.MAGNUS 2003-2006 CROMADO', 2, 2, 1, 0, 1, 1, 0, 0, 0, 38, 1, 1),
(440, 'LP-3103MSFR', NULL, 'MANIJA EXT. PTA DELANT.CHEV.MAGNUS 2003-2006 CROMADO', 2, 2, 1, 0, 1, 1, 0, 0, 0, 38, 1, 1),
(441, 'LP-3103MSRL', NULL, 'MANIJA EXT. PTA POST.CHEV.MAGNUS 2003-2006 CROMADO', 2, 2, 1, 0, 1, 1, 0, 0, 0, 87, 1, 1),
(442, 'LP-3103MSRR', NULL, 'MANIJA EXT. PTA POST.CHEV.MAGNUS 2003-2006 CROMADO', 2, 2, 1, 0, 1, 1, 0, 0, 0, 87, 1, 1),
(443, 'LP-2000AL', NULL, 'MANIJA INTERIOR  CHEVROLET SPARK 2005        ', 2, 2, 1, 0, 1, 1, 0, 0, 0, 32, 1, 1),
(444, 'LP-2000AR', NULL, 'MANIJA INTERIOR CHEVROLET SPARK 2005        ', 2, 2, 1, 0, 1, 1, 0, 0, 0, 26, 1, 1),
(445, 'LP-3000AL', NULL, 'MANIJA EXT.PTA DELANT CHEVROLET SPARK 2005...', 2, 2, 1, 0, 1, 1, 0, 0, 0, 20, 1, 1),
(446, 'LP-3000AR', NULL, 'MANIJA EXT.PTA DELANT CHEVROLET SPARK 2005...', 2, 2, 1, 0, 1, 1, 0, 0, 0, 20, 1, 1),
(447, 'LP-3000APL', NULL, 'MANIJA EXT.PTA POST CHEVROLET SPARK 2005...', 2, 2, 1, 0, 1, 1, 0, 0, 0, 34, 1, 1),
(448, 'LP-3000APR', NULL, 'MANIJA EXT.PTA POST CHEVROLET SPARK 2005...', 2, 2, 1, 0, 1, 1, 0, 0, 0, 30, 1, 1),
(449, 'LP-2001GL', '', 'MANIJA  INTERIOR HYUNDAI EXCEL 91-94 ', 2, 2, 1, 0, 1, 1, 0, 0, 0, 40, 1, 1),
(450, 'LP-2001GR', '', 'MANIJA  INTERIOR HYUNDAI EXCEL 91-94 ', 2, 2, 1, 0, 1, 1, 0, 0, 0, 40, 1, 1),
(451, 'LP-3001AFL', '', 'MANIJA.EXT PTA.DELANT HYUNDAI EXCEL 90-94 ', 2, 2, 1, 0, 1, 1, 0, 0, 0, 25, 1, 1),
(452, 'LP-3001AFR', '', 'MANIJA.EXT PTA.DELANT HYUNDAI EXCEL 90-94 ', 2, 2, 1, 0, 1, 1, 0, 0, 0, 25, 1, 1),
(453, 'LP-3001ARL', '', 'MANIJA.EXT PTA.POST HYUNDAI EXCEL 90-94  ', 2, 2, 1, 0, 1, 1, 0, 0, 0, 21, 1, 1),
(454, 'LP-3001ARR', '', 'MANIJA.EXT PTA.POST HYUNDAI EXCEL 90-94  ', 2, 2, 1, 0, 1, 1, 0, 0, 0, 20, 1, 1),
(455, 'LP-2110 L           ', NULL, 'MANIJA INT.ABRE PTA.DELANTERO HYUNDAI I10 2008.....                   ', 2, 2, 1, 0, 1, 1, 0, 0, 0, 0, 1, 1),
(456, 'LP-2110 R           ', NULL, 'MANIJA INT.ABRE PTA.DELANTERO HYUNDAI I10 2008....                    ', 2, 2, 1, 0, 1, 1, 0, 0, 0, 0, 1, 1),
(457, 'LP-3110 L           ', NULL, 'MANIJA EXT.PTA.DELANTERO HYUNDAI I10 2008-2013                        ', 2, 2, 1, 0, 1, 1, 0, 0, 0, 25, 1, 1),
(458, 'LP-3110 R           ', NULL, 'MANIJA EXT.PTA.DELANTERO HYUNDAI I10 2008-2013                        ', 2, 2, 1, 0, 1, 1, 0, 0, 0, 24, 1, 1),
(459, 'LP-3232 L           ', '', 'MANIJA EXT.PTA.DELANTERO HYUNDAI ACCENT 1998-2000                     ', 2, 2, 1, 0, 1, 1, 0, 0, 0, 59, 1, 1),
(460, 'LP-3232 R           ', '', 'MANIJA EXT.PTA.DELANTERO HYUNDAI ACCENT 1998-2000                     ', 2, 2, 1, 0, 1, 1, 0, 0, 0, 59, 1, 1),
(461, 'LP-2323AL          ', NULL, 'MANIJA INT.ABRE PTA.DELANTERO HYUNDAI ACCENT 00-06 NEGRO              ', 2, 2, 1, 0, 1, 1, 0, 0, 0, 15, 1, 1),
(462, 'LP-2323AR          ', NULL, 'MANIJA INT.ABRE PTA.DELANTERO HYUNDAI ACCENT 00-06 NEGRO              ', 2, 2, 1, 0, 1, 1, 0, 0, 0, 15, 1, 1),
(463, 'LP-2235AL', NULL, 'MANIJA INT.PTA DELANT.HYUNDAI ACCENT 2006-2011 ', 2, 2, 1, 0, 1, 1, 0, 0, 0, 30, 1, 1),
(464, 'LP-2235AR', NULL, 'MANIJA INT.PTA DELANT.HYUNDAI ACCENT 2006-2011 ', 2, 2, 1, 0, 1, 1, 0, 0, 0, 30, 1, 1),
(465, 'LP-2235EL          ', NULL, 'MANIJA INT.PTA DELANT.HYUNDAI ACCENT 2006-2011BEIS ', 2, 2, 1, 0, 1, 1, 0, 0, 0, 0, 1, 1),
(466, 'LP-2235ER          ', NULL, 'MANIJA INT.PTA DELANT.HYUNDAI ACCENT 2006-2011BEIS ', 2, 2, 1, 0, 1, 1, 0, 0, 0, 0, 1, 1),
(467, 'LP-2235ARL', NULL, 'MANIJA INT.PTA POST.HYUNDAI ACCENT 2006-2011 ', 2, 2, 1, 0, 1, 1, 0, 0, 0, 32, 1, 1),
(468, 'LP-2235ARR', NULL, 'MANIJA INT.PTA POST.HYUNDAI ACCENT 2006-2011 ', 2, 2, 1, 0, 1, 1, 0, 0, 0, 32, 1, 1),
(469, 'LP-2237RFL', NULL, 'MANIJA INT.PTA DELANT.HY ACCENT 2012 PLATEADO', 2, 2, 1, 0, 1, 1, 0, 0, 0, 25, 1, 1),
(470, 'LP-2237RFR', NULL, 'MANIJA INT.PTA DELANT.HY ACCENT 2012 PLATEADO', 2, 2, 1, 0, 1, 1, 0, 0, 0, 25, 1, 1),
(471, 'LP-2237RRL', NULL, 'MANIJA INT.PTA POST.HY ACCENT 2012 PLATEADO', 2, 2, 1, 0, 1, 1, 0, 0, 0, 25, 1, 1),
(472, 'LP-2237RRR', NULL, 'MANIJA INT.PTA POST.HY ACCENT 2012 PLATEADO', 2, 2, 1, 0, 1, 1, 0, 0, 0, 25, 1, 1),
(473, 'LP-25010L          ', NULL, 'MANIJA INT.ABRE PTA.POSTERIOR HYUNDAI SANTA FE 01-06                  ', 2, 2, 1, 0, 1, 1, 0, 0, 0, 10, 1, 1),
(474, 'LP-25010R          ', NULL, 'MANIJA INT.ABRE PTA.POSTERIOR HYUNDAI SANTA FE 01-06                  ', 2, 2, 1, 0, 1, 1, 0, 0, 0, 10, 1, 1),
(475, 'LP-2501GL          ', NULL, 'MANIJA INT.ABRE PTA.DELANTERO HYUNDAI SANTA FE 01-06                  ', 2, 2, 1, 0, 1, 1, 0, 0, 0, 10, 1, 1),
(476, 'LP-2501GR          ', NULL, 'MANIJA INT.ABRE PTA.DELANTERO HYUNDAI SANTA FE 01-06                  ', 2, 2, 1, 0, 1, 1, 0, 0, 0, 10, 1, 1),
(477, 'LP-3501L           ', NULL, 'MANIJA EXT.PTA.DELANTERO HYUNDAI SANTA FE 2001-2006                   ', 2, 2, 1, 0, 1, 1, 0, 0, 0, 6, 1, 1),
(478, 'LP-3501R           ', NULL, 'MANIJA EXT.PTA.DELANTERO HYUNDAI SANTA FE 2001-2006                   ', 2, 2, 1, 0, 1, 1, 0, 0, 0, 6, 1, 1),
(479, 'LP-35011L          ', NULL, 'MANIJA EXT.PTA.POSTERIOR HYUNDAI SANTA FE 2001-2006                   ', 2, 2, 1, 0, 1, 1, 0, 0, 0, 7, 1, 1),
(480, 'LP-35011R          ', NULL, 'MANIJA EXT.PTA.POSTERIOR HYUNDAI SANTA FE 2001-2006                   ', 2, 2, 1, 0, 1, 1, 0, 0, 0, 7, 1, 1),
(481, 'LP-2509 L           ', NULL, 'MANIJA INT.ABRE PTA.DELANTERO HYUNDAI SANTA FE 07-10.                 ', 2, 2, 1, 0, 1, 1, 0, 0, 0, 0, 1, 1),
(482, 'LP-2509 R           ', NULL, 'MANIJA INT.ABRE PTA.DELANTERO HYUNDAI SANTE FE 07-10                  ', 2, 2, 1, 0, 1, 1, 0, 0, 0, 0, 1, 1),
(483, 'LP-2503 L           ', NULL, 'MANIJA INT.ABRE PTA.DELANTERO HYUNDAI TUCSON 05-09GR', 2, 2, 1, 0, 1, 1, 0, 0, 0, 0, 1, 1),
(484, 'LP-2503 R           ', '', 'MANIJA INT.ABRE PTA.DELANTERO HYUNDAI TUCSON 05-09GR', 2, 2, 1, 0, 1, 1, 0, 0, 0, 10, 1, 1),
(485, 'LP-35031R          ', NULL, 'MANIJA EXT.PTA.POSTERIOR HYUNDAI TUCSON 2005-2008                     ', 2, 2, 1, 0, 1, 1, 0, 0, 0, 0, 1, 1),
(486, 'LP-2305AL', '', 'MANIJA INT.HY.SONATA 2003-2005(NEGRO)', 2, 2, 1, 0, 1, 1, 0, 0, 0, 40, 1, 1),
(487, 'LP-2305AR', '', 'MANIJA INT.HY.SONATA 2003-2005(NEGRO)', 2, 2, 1, 0, 1, 1, 0, 0, 0, 115, 1, 1),
(488, 'LP-3305 L           ', NULL, 'MANIJA EXT.PTA.DELANTERO HYUNDAI SONATA 2002-2005                     ', 2, 2, 1, 0, 1, 1, 0, 0, 0, 14, 1, 1),
(489, 'LP-3305 R           ', NULL, 'MANIJA EXT.PTA.DELANTERO HYUNDAI SONATA 2002-2005                     ', 2, 2, 1, 0, 1, 1, 0, 0, 0, 14, 1, 1),
(490, 'LP-33051L          ', NULL, 'MANIJA EXT.PTA.POSTERIOR HYUNDAI SONATA 2002-2005                     ', 2, 2, 1, 0, 1, 1, 0, 0, 0, 14, 1, 1),
(491, 'LP-33051R          ', NULL, 'MANIJA EXT.PTA.POSTERIOR HYUNDAI SONATA 2002-2005                     ', 2, 2, 1, 0, 1, 1, 0, 0, 0, 14, 1, 1),
(492, 'LP-3307MPL         ', NULL, 'MANIJA EXT.PTA.DELANTERO HYUNDAI SONATA 06-10                         ', 2, 2, 1, 0, 1, 1, 0, 0, 0, 0, 1, 1),
(493, 'LP-3307MPR         ', NULL, 'MANIJA EXT.PTA DELANTERO HYUNDAI SONATA 06-10                         ', 2, 2, 1, 0, 1, 1, 0, 0, 0, 0, 1, 1),
(494, 'LP-23070PL         ', NULL, 'MANIJA INT.ABRE PTA.POSTERIOR HYUNDAI SONATA 06-10                    ', 2, 2, 1, 0, 1, 1, 0, 0, 0, 0, 1, 1),
(495, 'LP-23070PR         ', NULL, 'MANIJA INT.ABRE PTA.POSTERIOR HYUNDAI SONATA 06-10                    ', 2, 2, 1, 0, 1, 1, 0, 0, 0, 0, 1, 1),
(496, 'LP-2307PL          ', NULL, 'MANIJA INT.ABRE PTA.DELANTERO HYUNDAI SONATA 06-10                    ', 2, 2, 1, 0, 1, 1, 0, 0, 0, 0, 1, 1),
(497, 'LP-2307PR          ', NULL, 'MANIJA INT.ABRE PTA.DELANTERO HYUNDAI SONATA 06-10                    ', 2, 2, 1, 0, 1, 1, 0, 0, 0, 0, 1, 1),
(498, 'LP-2512AL', '', 'MANIJA INT.HY.PORTER 2005', 2, 2, 1, 0, 1, 1, 0, 0, 0, 15, 1, 1),
(499, 'LP-2512AR', '', 'MANIJA INT.HY.PORTER 2005', 2, 2, 1, 0, 1, 1, 0, 0, 0, 40, 1, 1),
(500, 'LP-3228AFL', NULL, 'MANIJA.EXT.PTA DELANT HY.PORTER/GRACE 92-97 ', 2, 2, 1, 0, 1, 1, 0, 0, 0, 10, 1, 1),
(501, 'LP-3228AFR', NULL, 'MANIJA.EXT.PTA DELANT HY.PORTER/GRACE 92-97 ', 2, 2, 1, 0, 1, 1, 0, 0, 0, 10, 1, 1),
(502, 'LP-3511 L           ', NULL, 'MANIJA EXT.PTA.DELANTERO HYUNDAI PORTER 98-03                         ', 2, 2, 1, 0, 1, 1, 0, 0, 0, 15, 1, 1),
(503, 'LP-3511 R           ', NULL, 'MANIJA EXT.PTA.DELANTERO HYUNDAI PORTER 98-03                         ', 2, 2, 1, 0, 1, 1, 0, 0, 0, 45, 1, 1),
(504, 'LP-3512 L           ', NULL, 'MANIJA EXT.PTA.DELANTERO HYUNDAI PORTER 2006                          ', 2, 2, 1, 0, 1, 1, 0, 0, 0, 5, 1, 1),
(505, 'LP-3512 R           ', NULL, 'MANIJA EXT.PTA.DELANTERO HYUNDAI PORTER 2006                          ', 2, 2, 1, 0, 1, 1, 0, 0, 0, 5, 1, 1),
(506, 'LP-2513AL', '', 'MANIJA INT.HY STAREX 98-04', 2, 2, 1, 0, 1, 1, 0, 0, 0, 5, 1, 1),
(507, 'LP-2513AR', '', 'MANIJA INT.HY STAREX 98-04', 2, 2, 1, 0, 1, 1, 0, 0, 0, 5, 1, 1),
(508, 'LP-3513SMR      ', NULL, 'MANIJA EXT.PTA.CORREDIZA HYUNDAI STAREX H1 1995-2006                  ', 2, 2, 1, 0, 1, 1, 0, 0, 0, 0, 1, 1),
(509, 'LP-2515 L           ', '', 'MANIJA INT.ABRE PTA.DELANTERO HYUNDAI STAREX H1 2007....              ', 2, 2, 1, 0, 1, 1, 0, 0, 0, 14, 1, 1),
(510, 'LP-2515 R           ', '', 'MANIJA INT.ABRE PTA.DELANTERO HYUNDAI STAREX H1 2007...               ', 2, 2, 1, 0, 1, 1, 0, 0, 0, 14, 1, 1),
(511, 'LP-3515PR          ', '', 'MANIJA EXT.PTA.DELANTERO HYUNDAI STAREX H1 2007...                    ', 2, 2, 1, 0, 1, 1, 0, 0, 0, 20, 1, 1),
(512, 'LP-3514SMR', NULL, 'MANIJA EXT.PTA.CORREDIZA HYUNDAI H-1 STAREX 05-07 ', 2, 2, 1, 0, 1, 1, 0, 0, 0, 15, 1, 1),
(513, 'LP-2515A1M', NULL, 'MANIJA INTERIOR PTA CORREDIZA HYUNDAI H1 2007-2012', 2, 2, 1, 0, 1, 1, 0, 0, 0, 38, 1, 1),
(514, 'LP-2611GL', NULL, 'MANIJA INT.HY.MATRIX-LAVITA 01-10 GRIS', 2, 2, 1, 0, 1, 1, 0, 0, 0, 25, 1, 1),
(515, 'LP-2611GR', NULL, 'MANIJA INT.HY.MATRIX-LAVITA 01-10 GRIS', 2, 2, 1, 0, 1, 1, 0, 0, 0, 25, 1, 1),
(516, 'LP-3234SFL', NULL, 'MANIJA.EXT.PTA DELANT HYUNDAI ACCENT-VERNA 00-06', 2, 2, 1, 0, 1, 1, 0, 0, 0, 15, 1, 1),
(517, 'LP-3234SFR', NULL, 'MANIJA.EXT.PTA DELANT HYUNDAI ACCENT-VERNA 00-06', 2, 2, 1, 0, 1, 1, 0, 0, 0, 15, 1, 1),
(518, 'LP-3234SRL', NULL, 'MANIJA.EXT.PTA POST HYUNDAI ACCENT-VERNA 00-06', 2, 2, 1, 0, 1, 1, 0, 0, 0, 15, 1, 1),
(519, 'LP-3234SRR', NULL, 'MANIJA.EXT.PTA POST HYUNDAI ACCENT-VERNA 00-06', 2, 2, 1, 0, 1, 1, 0, 0, 0, 15, 1, 1),
(520, 'LP-3236AFR', '', 'MANIJA EXT.PTA.DELANT HYUNDAI ACCENT 2006-2011', 2, 2, 1, 0, 1, 1, 0, 0, 0, 33, 1, 1),
(521, 'LP-3236ARL', '', 'MANIJA EXT.PTA POST.HYUNDAI ACCENT 2006/2011', 2, 2, 1, 0, 1, 1, 0, 0, 0, 33, 1, 1),
(522, 'LP-3236ARR', '', 'MANIJA EXT.PTA POST.HYUNDAI ACCENT 2006/2011', 2, 2, 1, 0, 1, 1, 0, 0, 0, 33, 1, 1),
(523, 'LP-3237PFLK', '', 'MANIJA EXT.PTA.POST.HY.ACCENT 2012-C ', 2, 2, 1, 0, 1, 1, 0, 0, 0, 44, 1, 1),
(524, 'LP-3237PFRK', '', 'MANIJA EXT. PTA. POST. HY. ACCENT 2012-C ', 2, 2, 1, 0, 1, 1, 0, 0, 0, 119, 1, 1),
(525, 'LP-2004AFL', '', 'MANIJA INT.PTA DELANT.KIA PICANTO 11-C NEGRO ', 2, 2, 1, 0, 1, 1, 0, 0, 0, 14, 1, 1),
(526, 'LP-2004AFR', '', 'MANIJA INT.PTA DELANT.KIA PICANTO 11-C NEGRO ', 2, 2, 1, 0, 1, 1, 0, 0, 0, 3, 1, 1),
(527, 'LP-2004ARR', '', 'MANIJA INT.PTA POST KIA PICANTO 11-C NEGRO ', 2, 2, 1, 0, 1, 1, 0, 0, 0, 4, 1, 1),
(528, 'LP-2009GFL', '', 'MANIJA INT.PTA DELANT KIA RIO 2006-2009', 2, 2, 1, 0, 1, 1, 0, 0, 0, 13, 1, 1),
(529, 'LP-2009GRL', '', 'MANIJA INT.PTA POST.KIA RIO 2006-2009', 2, 2, 1, 0, 1, 1, 0, 0, 0, 13, 1, 1),
(530, 'LP-2009GRR', '', 'MANIJA INT.PTA POST.KIA RIO 2006-2009', 2, 2, 1, 0, 1, 1, 0, 0, 0, 20, 1, 1),
(531, 'LP-3009PFL', NULL, 'MANIJA EXT.PTA DELANT.KIA RIO 2006-2011', 2, 2, 1, 0, 1, 1, 0, 0, 0, 15, 1, 1),
(532, 'LP-3009PFR', NULL, 'MANIJA EXT.PTA DELANT.KIA RIO 2006-2011', 2, 2, 1, 0, 1, 1, 0, 0, 0, 15, 1, 1),
(533, 'LP-3009PRL', NULL, 'MANIJA EXT.PTA POST KIA RIO 2006-2011', 2, 2, 1, 0, 1, 1, 0, 0, 0, 15, 1, 1),
(534, 'LP-3009PRR', NULL, 'MANIJA EXT.PTA POST KIA RIO 2006-2011', 2, 2, 1, 0, 1, 1, 0, 0, 0, 15, 1, 1),
(535, 'LP-3950PRL', NULL, 'MANIJA EXT.PTA POSTERIOR KIA BONGO , K-2700', 2, 2, 1, 0, 1, 1, 0, 0, 0, 0, 1, 1),
(536, 'LP-3950PRR', NULL, 'MANIJA EXT.PTA POSTERIOR KIA BONGO , K-2700', 2, 2, 1, 0, 1, 1, 0, 0, 0, 0, 1, 1),
(537, 'LP-2225E2LH', NULL, 'CUBIERTA DE MANIJA INT.MITSUB.GALANT 99-03 BEIGE', 2, 2, 1, 0, 1, 1, 0, 0, 0, 0, 1, 1),
(538, 'LP-2225E2RH', NULL, 'CUBIERTA DE MANIJA INT.MITSUB.GALANT 99-03 BEIGE', 2, 2, 1, 0, 1, 1, 0, 0, 0, 0, 1, 1),
(539, 'LP-3230MFL', NULL, 'MANIJA EXT.PTA DELANT MITSUB.LANCER MIRAGE 97-02 CROMO', 2, 2, 1, 0, 1, 1, 0, 0, 0, 5, 1, 1),
(540, 'LP-3230MRL', NULL, 'MANIJA EXT.PTA POST MITSUB.LANCER MIRAGE 97-02  CROMO', 2, 2, 1, 0, 1, 1, 0, 0, 0, 10, 1, 1),
(541, 'LP-3230MRR', NULL, 'MANIJA EXT.PTA POST MITSUB.LANCER MIRAGE 97-02  CROMO', 2, 2, 1, 0, 1, 1, 0, 0, 0, 10, 1, 1),
(542, 'LP-3230SFL', NULL, 'MANIJA EXT.PTA DELANT.MITSUB.LANCER MIRAGE 97-02', 2, 2, 1, 0, 1, 1, 0, 0, 0, 8, 1, 1),
(543, 'LP-3230SFR', NULL, 'MANIJA EXT.PTA DELANT.MITSUB.LANCER MIRAGE 97-02', 2, 2, 1, 0, 1, 1, 0, 0, 0, 8, 1, 1),
(544, 'LP-3230SRL', NULL, 'MANIJA EXT.PTA POST MITSUB.LANCER MIRAGE 97-02 ', 2, 2, 1, 0, 1, 1, 0, 0, 0, 8, 1, 1),
(545, 'LP-3230SRR', NULL, 'MANIJA EXT.PTA POST MITSUB.LANCER MIRAGE 97-02 ', 2, 2, 1, 0, 1, 1, 0, 0, 0, 4, 1, 1),
(546, 'LP-2250ML          ', NULL, 'MANIJA INT.ABRE PTA.DELANTERO MITSUB.LANCER 2002-2007                 ', 2, 2, 1, 0, 1, 1, 0, 0, 0, 0, 1, 1),
(547, 'LP-2250MR          ', NULL, 'MANIJA INT.ABRE PTA.DELANTERO MITSUB.LANCER 2002-2007                 ', 2, 2, 1, 0, 1, 1, 0, 0, 0, 0, 1, 1),
(548, 'LP-2252AL          ', NULL, 'MANIJA INT.ABRE PTA.DELANTERO MITSUB.LANCER 2008..(NEGRO)             ', 2, 2, 1, 0, 1, 1, 0, 0, 0, 0, 1, 1),
(549, 'LP-2252AR          ', NULL, 'MANIJA INT.ABRE PTA.DELANTERO MITSUB.LANCER 2008..(NEGRO)             ', 2, 2, 1, 0, 1, 1, 0, 0, 0, 0, 1, 1),
(550, 'LP-1041G            ', NULL, 'MANIJA INT.LEVANTA LUNA MITSUBISHI L300 CANTER 1987.....              ', 2, 2, 1, 0, 1, 1, 0, 0, 0, 3, 1, 1),
(551, 'LP-6326     ', NULL, 'SEGURO DE VENTANA MITSUBISHI L300 1990.....                           ', 2, 2, 1, 0, 1, 1, 0, 0, 0, 0, 1, 1),
(552, 'LP-25090R          ', NULL, 'MANIJA INT.ABRE PTA.DELANTERO MITSUB.CANTER 86-95 GRIS CLARO          ', 2, 2, 1, 0, 1, 1, 0, 0, 0, 0, 1, 1),
(553, 'LP-2571L           ', NULL, 'MANIJA INT.ABRE PTA.DELANTERO MITSUBISHI CANTER FB511 96-01(MB-2012)  ', 2, 2, 1, 0, 1, 1, 0, 0, 0, 15, 1, 1),
(554, 'LP-2571R           ', NULL, 'MANIJA INT.ABRE PTA.DELANTERO MITSUBISHI CANTER FB511 96-01(MB-2012)  ', 2, 2, 1, 0, 1, 1, 0, 0, 0, 15, 1, 1),
(555, 'LP-3228 L           ', '', 'MANIJA EXT.PTA.DELANTERO MITSUBISHI CANTER FB511 96-01                ', 2, 2, 1, 0, 1, 1, 0, 0, 0, 10, 1, 1),
(556, 'LP-3228 R           ', '', 'MANIJA EXT.PTA.DELANTERO MITSUBISHI CANTER FB511 96-01                ', 2, 2, 1, 0, 1, 1, 0, 0, 0, 10, 1, 1),
(557, 'LP-25710L          ', NULL, 'CUBIERTA DE MANIJA MITSUBISHI CANTER FB511 1996...                    ', 2, 2, 1, 0, 1, 1, 0, 0, 0, 10, 1, 1),
(558, 'LP-25710R          ', NULL, 'CUBIERTA DE MANIJA MITSUBISHI CANTER FB511 1996....                   ', 2, 2, 1, 0, 1, 1, 0, 0, 0, 10, 1, 1),
(559, 'LP-2227L           ', NULL, 'MANIJA INT.ABRE PTA.DELANTERO MITSUBISHI CANTER 2003...(GRIS)         ', 2, 2, 1, 0, 1, 1, 0, 0, 0, 10, 1, 1),
(560, 'LP-2227R           ', NULL, 'MANIJA INT.ABRE PTA.DELANTERO MITSUBISHI CANTER 2003...(GRIS)         ', 2, 2, 1, 0, 1, 1, 0, 0, 0, 10, 1, 1),
(561, 'LP-25731 L          ', NULL, 'MANIJA INT.ABRE PTA.DELANTERO MITSUBISHI FUSO FM-657 1997....         ', 2, 2, 1, 0, 1, 1, 0, 0, 0, 0, 1, 1),
(562, 'LP-25731 R          ', NULL, 'MANIJA INT.ABRE PTA.DELANTERO MITSUBISHI FUSO FM-657 1997....         ', 2, 2, 1, 0, 1, 1, 0, 0, 0, 0, 1, 1),
(563, 'LP-2573G2 L         ', NULL, 'CUBIERTA DE MANIJA MITSUBISHI FUSO FM657,FK617 1997...                ', 2, 2, 1, 0, 1, 1, 0, 0, 0, 0, 1, 1),
(564, 'LP-2573G2 R         ', NULL, 'CUBIERTA DE MANIJA MITSUBISHI FUSO FM657,FK617 1997....               ', 2, 2, 1, 0, 1, 1, 0, 0, 0, 0, 1, 1),
(565, 'LP-3146CR L         ', NULL, 'MANIJA EXT.PTA.DELANTERO MITSUBI.FUSO FM215 84-94 (CROMO)             ', 2, 2, 1, 0, 1, 1, 0, 0, 0, 12, 1, 1),
(566, 'LP-3146CR R         ', NULL, 'MANIJA EXT.PTA.DELANTERO MITSUBI.FUSO FM215 84-94(CROMO)              ', 2, 2, 1, 0, 1, 1, 0, 0, 0, 12, 1, 1),
(567, 'LP-25701L          ', NULL, 'MANIJA INT.ABRE PTA.DELANTERO MITSUBISHI STRADA L200 96-06(MARRON)    ', 2, 2, 1, 0, 1, 1, 0, 0, 0, 0, 1, 1),
(568, 'LP-25701R          ', NULL, 'MANIJA INT.ABRE PTA.DELANTERO MITSUBISHI STRADA L200 96-05(MARRON)    ', 2, 2, 1, 0, 1, 1, 0, 0, 0, 0, 1, 1),
(569, 'LP-2570B2L         ', NULL, 'CUBIERTA DE MANIJA MITSUBISHI STRADA L200 MONTE.96-06 MARRON          ', 2, 2, 1, 0, 1, 1, 0, 0, 0, 0, 1, 1),
(570, 'LP-2570B2R         ', NULL, 'CUBIERTA DE MANIJA MITSUBISHI STRADA L200.MONTE.96-06 MARRON          ', 2, 2, 1, 0, 1, 1, 0, 0, 0, 0, 1, 1),
(571, 'LP-2570G2L         ', NULL, 'CUBIERTA DE MANIJA MITSUBISHI STRADAL200 MONTE.96-06 GRIS             ', 2, 2, 1, 0, 1, 1, 0, 0, 0, 0, 1, 1),
(572, 'LP-2570G2R         ', NULL, 'CUBIERTA DE MANIJA MITSUBISHI STRADAL200 MONTE.96-06 GRIS             ', 2, 2, 1, 0, 1, 1, 0, 0, 0, 0, 1, 1),
(573, 'LP-3195 L           ', NULL, 'MANIJA EXT.PTA.DELANTERO MITSUBISHI TRITON L200 2005..                ', 2, 2, 1, 0, 1, 1, 0, 0, 0, 15, 1, 1),
(574, 'LP-3195 R           ', NULL, 'MANIJA EXT.PTA.DELANTERO MITSUBISHI TRITON L200 2005...               ', 2, 2, 1, 0, 1, 1, 0, 0, 0, 15, 1, 1),
(575, 'LP-3195CRL         ', '', 'MANIJA EXT.PTA.DELANTERO MITSUBISHI TRITON L200 05(CROMO)             ', 2, 2, 1, 0, 1, 1, 0, 0, 0, 25, 1, 1),
(576, 'LP-3195CRR         ', '', 'MANIJA EXT.PTA.DELANTERO MITSUBISHI TRITON L200 05(CROMO)             ', 2, 2, 1, 0, 1, 1, 0, 0, 0, 23, 1, 1),
(577, 'LP-31951 L          ', NULL, 'MANIJA EXT.PTA.POSTERIOR MITSUBISHI TRITON L200 2005...               ', 2, 2, 1, 0, 1, 1, 0, 0, 0, 0, 1, 1),
(578, 'LP-31951 R          ', NULL, 'MANIJA EXT.PTA.POSTERIOR MITSUBISHI TRITON L200 2005...               ', 2, 2, 1, 0, 1, 1, 0, 0, 0, 0, 1, 1),
(579, 'LP-31951CRL        ', NULL, 'MANIJA EXT.PTA.POSTERIOR MITSUBISHI TRITON L200 05.(CROMO)            ', 2, 2, 1, 0, 1, 1, 0, 0, 0, 0, 1, 1),
(580, 'LP-31951CRR        ', NULL, 'MANIJA EXT.PTA.POSTERIOR MITSUBISHI TRITON L200 05 (CROMO)            ', 2, 2, 1, 0, 1, 1, 0, 0, 0, 0, 1, 1),
(581, 'LP-3195STG           ', NULL, 'MANIJA DE COMPUERTA POST.MITSUB.TRITON L200 2005...NEGRO          ', 2, 2, 1, 0, 1, 1, 0, 0, 0, 0, 1, 1),
(582, 'LP-31952CR          ', NULL, 'MANIJA DE COMPUERTA POST.MITSUBISHI TRITON L200 2005 CROMADO          ', 2, 2, 1, 0, 1, 1, 0, 0, 0, 0, 1, 1),
(583, 'LP-1104             ', NULL, 'MANIJA INT.LEVANTA LUNA NISSAN SUNNY B11 1982-1986 GRIS CLARO         ', 2, 2, 1, 0, 1, 1, 0, 0, 0, 0, 1, 1),
(584, 'LP-1152A', NULL, 'MANIJA LEVANTALUNA NISSAN FRONTIER 2005-2015', 2, 2, 1, 0, 1, 1, 0, 0, 0, 100, 1, 1),
(585, 'LP-2911MGLH', NULL, 'MANIJA INT.NISSAN NAVARA D23 2015-GRIS C/CROMO', 2, 2, 1, 0, 1, 1, 0, 0, 0, 10, 1, 1),
(586, 'LP-2911MGRH', NULL, 'MANIJA INT.NISSAN NAVARA D23 2015-GRIS C/CROMO', 2, 2, 1, 0, 1, 1, 0, 0, 0, 10, 1, 1),
(587, 'LP-39050            ', NULL, 'MANIJA DE COMPUERTA POSTERIOR GANCHO SOLO NISS.NAVARA 2006...         ', 2, 2, 1, 0, 1, 1, 0, 0, 0, 0, 1, 1),
(588, 'LP-3061R           ', '', 'MANIJA EXT.PTA.DELANT.Y POST.NISSAN B11 1982-1986                     ', 2, 2, 1, 0, 1, 1, 0, 0, 0, 0, 1, 1),
(589, 'LP-3113 L           ', NULL, 'MANIJA EXT.PTA.DELANT.Y POST.NISSAN SUNNY B12 87-90 NEGRO             ', 2, 2, 1, 0, 1, 1, 0, 0, 0, 0, 1, 1),
(590, 'LP-3113 R           ', NULL, 'MANIJA EXT.PTA.DELANT.Y POST.NISSAN SUNNY B12 87-90 NEGRO             ', 2, 2, 1, 0, 1, 1, 0, 0, 0, 0, 1, 1),
(591, 'LP-3113MAL         ', NULL, 'MANIJA EXT.PTA.DELANTERO Y POSTERIOR NISSAN B12 87-90 CROMO           ', 2, 2, 1, 0, 1, 1, 0, 0, 0, 0, 1, 1),
(592, 'LP-3113MAR         ', NULL, 'MANIJA EXT.PTA.DELANTERO Y POSTERIOR NISSAN B12 87-90 CROMO           ', 2, 2, 1, 0, 1, 1, 0, 0, 0, 0, 1, 1),
(593, 'LP-3144ALH', NULL, 'MANIJA EXT.NISSAN SUNNY SENTRA B13', 2, 2, 1, 0, 1, 1, 0, 0, 0, 15, 1, 1),
(594, 'LP-3144ARH', NULL, 'MANIJA EXT.NISSAN SUNNY SENTRA B13', 2, 2, 1, 0, 1, 1, 0, 0, 0, 65, 1, 1),
(595, 'LP-2542A L          ', NULL, 'MANIJA INT.ABRE PTA.DELANTERO NISSAN SENTRA B13 TSURU 92-13           ', 2, 2, 1, 0, 1, 1, 0, 0, 0, 0, 1, 1),
(596, 'LP-2542A R          ', NULL, 'MANIJA INT.ABRE PTA.DELANTERO NISSAN SENTRA B13 TSURU 92-13           ', 2, 2, 1, 0, 1, 1, 0, 0, 0, 0, 1, 1),
(597, 'LP-2541G L          ', NULL, 'MANIJA INT.ABRE PTA.DELANTERO NISSAN B14 ALMERA N15 95-99 GRIS        ', 2, 2, 1, 0, 1, 1, 0, 0, 0, 20, 1, 1),
(598, 'LP-2541G R          ', NULL, 'MANIJA INT.ABRE PTA.DELANTERO NISSAN B14 ALMERA N15 95-99 GRIS        ', 2, 2, 1, 0, 1, 1, 0, 0, 0, 20, 1, 1),
(599, 'LP-3174A L          ', NULL, 'MANIJA EXT.PTA.DELANT.Y POST.NISSAN SENTRA B14 95-99                  ', 2, 2, 1, 0, 1, 1, 0, 0, 0, 37, 1, 1),
(600, 'LP-3174A R          ', NULL, 'MANIJA EXT.PTA.DELANT.Y POST.NISSAN SENTRA B14 95-99                  ', 2, 2, 1, 0, 1, 1, 0, 0, 0, 37, 1, 1),
(601, 'LP-3233 L           ', NULL, 'MANIJA EXT.PTA.DELANT.Y POST.NISSAN AD WAGON 1994-1997                ', 2, 2, 1, 0, 1, 1, 0, 0, 0, 0, 1, 1),
(602, 'LP-3233 R           ', NULL, 'MANIJA EXT.PTA.DELANT.Y POST.NISSAN AD WAGON 1994-1997            ', 2, 2, 1, 0, 1, 1, 0, 0, 0, 0, 1, 1),
(603, 'LP-3152AFL', '', 'MANIJA EXT.NISSAN FRONTIER 97-2004 ', 2, 2, 1, 0, 1, 1, 0, 0, 0, 50, 1, 1),
(604, 'LP-3152AFR', '', 'MANIJA EXT.NISSAN FRONTIER 97-2004 ', 2, 2, 1, 0, 1, 1, 0, 0, 0, 35, 1, 1),
(605, 'LP-2544 L           ', NULL, 'MANIJA INT.ABRE PTA.DELANTERO NISSAN FRONTIER 98-02 GRIS              ', 2, 2, 1, 0, 1, 1, 0, 0, 0, 0, 1, 1),
(606, 'LP-2544 R           ', NULL, 'MANIJA INT.ABRE PTA.DELANTERO NISSAN FRONTIER 98-02 GRIS              ', 2, 2, 1, 0, 1, 1, 0, 0, 0, 0, 1, 1),
(607, 'LP-2905ML          ', NULL, 'MANIJA INT.ABRE PTA.DELANTERO NISSAN FRONTIER 05-09                   ', 2, 2, 1, 0, 1, 1, 0, 0, 0, 10, 1, 1),
(608, 'LP-3235 L           ', NULL, 'MANIJA EXT.PTA.DELANTERO NISSAN URVAN CARAVAN 02-08                   ', 2, 2, 1, 0, 1, 1, 0, 0, 0, 20, 1, 1),
(609, 'LP-3235 R           ', NULL, 'MANIJA EXT.PTA.DELANTERO NISSAN URVAN CARAVAN 02-08                   ', 2, 2, 1, 0, 1, 1, 0, 0, 0, 20, 1, 1),
(610, 'LP-3801L           ', NULL, 'MANIJA EXT.PTA.DELANT.Y POST.NISSAN PATHFINDER TERRA.05..             ', 2, 2, 1, 0, 1, 1, 0, 0, 0, 0, 1, 1),
(611, 'LP-3801R           ', NULL, 'MANIJA EXT.PTA.DELANT.Y POST.NISSAN PATHFINDER TERRA.05...            ', 2, 2, 1, 0, 1, 1, 0, 0, 0, 0, 1, 1),
(612, 'LP-1002A', NULL, 'MANIJA LEVANTALUNA RENAULT LOGAN 2004-2012(NEGRO)', 2, 2, 1, 0, 1, 1, 0, 0, 0, 0, 1, 1),
(613, 'LP-2505A L          ', NULL, 'MANIJA INT.ABRE PTA.DELANTERO RENAULT MASTER 1997-2006                ', 2, 2, 1, 0, 1, 1, 0, 0, 0, 15, 1, 1),
(614, 'LP-2505A R          ', NULL, 'MANIJA INT.ABRE PTA.DELANTERO RENAULT MASTER 1997-2006                ', 2, 2, 1, 0, 1, 1, 0, 0, 0, 15, 1, 1),
(615, 'LP-3235SLH', NULL, 'MANIJA EXT.SUZUKI ALTO 2009.2014 NEGRO', 2, 2, 1, 0, 1, 1, 0, 0, 0, 150, 1, 1),
(616, 'LP-3235SRH', '', 'MANIJA EXT.SUZUKI ALTO 2009.2014 NEGRO', 2, 2, 1, 0, 1, 1, 0, 0, 0, 53, 1, 1),
(617, 'LP-3700AFL', NULL, 'MANIJA EXT.PTA DELANT.MAZDA SCRUM WAGON 2004-2013', 2, 2, 1, 0, 1, 1, 0, 0, 0, 0, 1, 1),
(618, 'LP-3700AFR', NULL, 'MANIJA EXT.PTA DELANT.MAZDA SCRUM WAGON 2004-2013', 2, 2, 1, 0, 1, 1, 0, 0, 0, 0, 1, 1),
(619, 'LP-3700ARL', NULL, 'MANIJA EXT.PTA POST.MAZDA SCRUM WAGON 2004-2013', 2, 2, 1, 0, 1, 1, 0, 0, 0, 0, 1, 1),
(620, 'LP-3700ARR', NULL, 'MANIJA EXT.PTA POST.MAZDA SCRUM WAGON 2004-2013', 2, 2, 1, 0, 1, 1, 0, 0, 0, 0, 1, 1),
(621, 'LP-1002G', '', 'MANIJA LEVANTALUNA TOYOTA VIGO 05 / HIACE 5L GRIS', 2, 2, 1, 0, 1, 1, 0, 0, 0, 240, 1, 1),
(622, 'LP-2003PBLH', NULL, 'MANIJA INT.TY EHO-00-005(YARIS/VTZ 99-05)', 2, 2, 1, 0, 1, 1, 0, 0, 0, 27, 1, 1),
(623, 'LP-2003PBRH', NULL, 'MANIJA INT.TY EHO-00-005(YARIS/VTZ 99-05)', 2, 2, 1, 0, 1, 1, 0, 0, 0, 27, 1, 1),
(624, 'LP-1021A', NULL, 'MANIJA LEVANTALUNA TY HILUX VIGO 05-YARIS 2007-2012 ', 2, 2, 1, 0, 1, 1, 0, 0, 0, 75, 1, 1),
(625, 'LP-2108ALH', NULL, 'MANIJA PUERTA INT TOYOTA YARIS ENVIDIA 2014', 2, 2, 1, 0, 1, 1, 0, 0, 0, 25, 1, 1),
(626, 'LP-2108ARH', NULL, 'MANIJA PUERTA INT TOYOTA YARIS ENVIDIA 2014', 2, 2, 1, 0, 1, 1, 0, 0, 0, 25, 1, 1),
(627, 'LP-2501ALH', NULL, 'MANIJA INT TOYOTA COROLLA 88-91 ', 2, 2, 1, 0, 1, 1, 0, 0, 0, 15, 1, 1),
(628, 'LP-2501ARH', NULL, 'MANIJA INT TOYOTA COROLLA 88-91 ', 2, 2, 1, 0, 1, 1, 0, 0, 0, 0, 1, 1),
(629, 'LP-1001 L           ', NULL, 'MANIJA EXT.PTA.DELANTERO TOYOTA COROLLA AE90,EE90 88-91               ', 2, 2, 1, 0, 1, 1, 0, 0, 0, 28, 1, 1),
(630, 'LP-1001 R           ', NULL, 'MANIJA EXT.PTA.DELANTERO TOYOTA COROLLA AE90,EE90 88-91               ', 2, 2, 1, 0, 1, 1, 0, 0, 0, 20, 1, 1),
(631, 'LP-10010 L          ', NULL, 'MANIJA EXT.PTA.POSTERIOR TOYOTA COROLLA AE90,EE90 88-91               ', 2, 2, 1, 0, 1, 1, 0, 0, 0, 30, 1, 1),
(632, 'LP-10010 R          ', NULL, 'MANIJA EXT.PTA.POSTERIOR TOYOTA COROLLA AE90,EE90 88-91               ', 2, 2, 1, 0, 1, 1, 0, 0, 0, 30, 1, 1),
(633, 'LP-2522GLH', NULL, 'MANIJA INT.DELANT.TOYOTA COROLLA AE100 92-98 GRIS', 2, 2, 1, 0, 1, 1, 0, 0, 0, 2325, 1, 1),
(634, 'LP-2522GRH', NULL, 'MANIJA INT.DELANT.TOYOTA COROLLA AE100 92-98 GRIS', 2, 2, 1, 0, 1, 1, 0, 0, 0, 4220, 1, 1),
(635, 'LP-3149AFL', NULL, 'MANIJA EXT.PTA.DELANTERO TOYOTA COROLLA AE100,101 92-01              ', 2, 2, 1, 0, 1, 1, 0, 0, 0, 62, 1, 1),
(636, 'LP-3149AFR', NULL, 'MANIJA EXT.PTA.DELANTERO TOYOTA COROLLA AE100,101 92-01              ', 2, 2, 1, 0, 1, 1, 0, 0, 0, 68, 1, 1),
(637, 'LP-3149ARL', NULL, 'MANIJA EXT.PTA.POSTERIOR TOYOTA COROLLA AE100,101 92-01               ', 2, 2, 1, 0, 1, 1, 0, 0, 0, 36, 1, 1),
(638, 'LP-3149ARR', NULL, 'MANIJA EXT.PTA.POSTERIOR TOYOTA COROLLA AE100,101 92-01               ', 2, 2, 1, 0, 1, 1, 0, 0, 0, 56, 1, 1),
(639, 'LP-3197AR          ', NULL, 'MANIJA EXT.PTA.DELANTERO TOYOTA COROLLA AE110 96-01                   ', 2, 2, 1, 0, 1, 1, 0, 0, 0, 50, 1, 1),
(640, 'LP-2222L           ', NULL, 'MANIJA INT.ABRE PTA.DELANTERO TOYOTA COROLLA 09-13 GRIS         ', 2, 2, 1, 0, 1, 1, 0, 0, 0, 20, 1, 1),
(641, 'LP-2222R           ', NULL, 'MANIJA INT.ABRE PTA.DELANTERO TOYOTA COROLLA 09-13 GRIS         ', 2, 2, 1, 0, 1, 1, 0, 0, 0, 20, 1, 1),
(642, 'LP-2545GLH', NULL, 'MANIJA INT TOYOTA TOYOTA TERCEL 91-99/HILUX 89-98', 2, 2, 1, 0, 1, 1, 0, 0, 0, 125, 1, 1),
(643, 'LP-2545GRH', NULL, 'MANIJA INT TOYOTA TOYOTA TERCEL 91-99/HILUX 89-98', 2, 2, 1, 0, 1, 1, 0, 0, 0, 135, 1, 1),
(644, 'LP-31800SL         ', NULL, 'MANIJA EXT.PTA.DELANT.TOYOTA H.VIGO,ALTIS YARIS,CAMRY 06-12', 2, 2, 1, 0, 1, 1, 0, 0, 0, 15, 1, 1),
(645, 'LP-31800SR         ', NULL, 'MANIJA EXT.PTA.DELANT.TOYOTA H.VIGO,ALTIS YARIS,CAMRY 06-12', 2, 2, 1, 0, 1, 1, 0, 0, 0, 15, 1, 1),
(646, 'LP-3180MFL', NULL, 'MANIJA EXT.PTA.DELANT TOYOTA CAMRY,VIGO,YARIS 06-12', 2, 2, 1, 0, 1, 1, 0, 0, 0, 78, 1, 1),
(647, 'LP-3180MFRK', '', 'MANIJA EXT.PTA.DELANTERO TOYOTA CAMRY,VIGO,YARIS 06-12', 2, 2, 1, 0, 1, 1, 0, 0, 0, 78, 1, 1),
(648, 'LP-2567 L           ', NULL, 'MANIJA INT.ABRE PTA.DELANT.TOY.HIACE-HILUX VIGO 2005.....             ', 2, 2, 1, 0, 1, 1, 0, 0, 0, 101, 1, 1),
(649, 'LP-2567 R           ', NULL, 'MANIJA INT.ABRE PTA.DELANT.TOY.HIACE-HILUX VIGO 2005.....             ', 2, 2, 1, 0, 1, 1, 0, 0, 0, 119, 1, 1),
(650, 'LP-3033 L           ', NULL, 'MANIJA EXT.PTA.DELANTERO TOYOTA HILUX RN50,55 84-88                   ', 2, 2, 1, 0, 1, 1, 0, 0, 0, 12, 1, 1),
(651, 'LP-3033 R           ', NULL, 'MANIJA EXT.PTA.DELANTERO TOYOTA HILUX RN50,55 84-88                   ', 2, 2, 1, 0, 1, 1, 0, 0, 0, 12, 1, 1),
(652, 'LP-3105 R           ', NULL, 'MANIJA EXT.PTA.DELANTERO TOYOTA HILUX RN85 89-95                      ', 2, 2, 1, 0, 1, 1, 0, 0, 0, 25, 1, 1),
(653, 'LP-31050L         ', NULL, 'MANIJA EXT.PTA.POSTERIOR TOYOTA HILUX RN85 89-95                      ', 2, 2, 1, 0, 1, 1, 0, 0, 0, 25, 1, 1),
(654, 'LP-31070MAL        ', NULL, 'MANIJA EXT.PTA.POSTERIOR TOYOTA HILUX RN85 87-97 CROMO                ', 2, 2, 1, 0, 1, 1, 0, 0, 0, 10, 1, 1),
(655, 'LP-31070MAR        ', NULL, 'MANIJA EXT.PTA.POSTERIOR TOYOTA HILUX RN85 87-97 CROMO                ', 2, 2, 1, 0, 1, 1, 0, 0, 0, 10, 1, 1),
(656, 'LP-3107MAL         ', NULL, 'MANIJA EXT.PTA.DELANTERO TOYOTA HILUX RN85 87-97 CROMO                ', 2, 2, 1, 0, 1, 1, 0, 0, 0, 25, 1, 1),
(657, 'LP-3107MAR         ', NULL, 'MANIJA EXT.PTA.DELANTERO TOYOTA HILUX RN85 87-97 CROMO                ', 2, 2, 1, 0, 1, 1, 0, 0, 0, 25, 1, 1),
(658, 'LP-3190ATG', NULL, 'MANIJA DE COMPUERTA POSTERIOR TOYOTA HILUX RN50,RN55 84-88            ', 2, 2, 1, 0, 1, 1, 0, 0, 0, 90, 1, 1),
(659, 'LP-31620MAL        ', NULL, 'MANIJA EXT.PTA.POSTERIOR TOYOTA HILUX RN95 98-04 CROMO                ', 2, 2, 1, 0, 1, 1, 0, 0, 0, 0, 1, 1),
(660, 'LP-3162MAL         ', NULL, 'MANIJA EXT.PTA.DELANTERO TOYOTA HILUX RN95 98-04 CROMO                ', 2, 2, 1, 0, 1, 1, 0, 0, 0, 10, 1, 1),
(661, 'LP-3162MAR         ', NULL, 'MANIJA EXT.PTA.DELANTERO TOYOTA HILUX RN95 98-04 CROMO                ', 2, 2, 1, 0, 1, 1, 0, 0, 0, 35, 1, 1),
(662, 'LP-3239R           ', NULL, 'MANIJA EXT.PTA.DELANTERO TOYOTA TERCELL 1991-1994                     ', 2, 2, 1, 0, 1, 1, 0, 0, 0, 5, 1, 1),
(663, 'LP-32390R          ', NULL, 'MANIJA EXT.PTA.POSTERIOR TOYOTA TERCELL 1991-1994                     ', 2, 2, 1, 0, 1, 1, 0, 0, 0, 0, 1, 1),
(664, 'LP-3184AFL', NULL, 'MANIJA EXT.PTA.DELANTERO TOYOTA TERCELL SOLUNA 1995-1999              ', 2, 2, 1, 0, 1, 1, 0, 0, 0, 260, 1, 1),
(665, 'LP-3184AFR', NULL, 'MANIJA EXT.PTA.DELANTERO TOYOTA TERCELL SOLUNA 1995-1999              ', 2, 2, 1, 0, 1, 1, 0, 0, 0, 280, 1, 1),
(666, 'LP-3184ARL', NULL, 'MANIJA EXT.PTA.POSTERIOR TOYOTA TERCELL SOLUNA 1995-1999              ', 2, 2, 1, 0, 1, 1, 0, 0, 0, 310, 1, 1),
(667, 'LP-3184ARR', NULL, 'MANIJA EXT.PTA.POSTERIOR TOYOTA TERCELL SOLUNA 1995-1999              ', 2, 2, 1, 0, 1, 1, 0, 0, 0, 260, 1, 1),
(668, 'LP-3215TG    ', NULL, 'REGLA DE COMPUERTA POSTERIOR TY HIACE COMMUTER 91-01                  ', 2, 2, 1, 0, 1, 1, 0, 0, 0, 25, 1, 1),
(669, 'LP-3217ATL', NULL, 'MANIJA DE LA REGLA DE COMPUERTA POST.TY HIACE 2005...   ', 2, 2, 1, 0, 1, 1, 0, 0, 0, 75, 1, 1),
(670, 'LP-32171 L          ', NULL, 'MANIJA EXT.PTA.DELANTERO TOYOTA HIACE 2005..                          ', 2, 2, 1, 0, 1, 1, 0, 0, 0, 25, 1, 1),
(671, 'LP-3217MMR', NULL, 'MANIJA EXT.PTA.CORREDIZA TOYOTA HIACE 2005.(R=L) CROMO                    ', 2, 2, 1, 0, 1, 1, 0, 0, 0, 59, 1, 1),
(672, 'LP-7217FL', NULL, 'CERRADURA DE PTA DELANT.TY HIACE H200 05-C', 2, 2, 1, 0, 1, 1, 0, 0, 0, 0, 1, 1),
(673, 'LP-7217FR', NULL, 'CERRADURA DE PTA DELANT.TY HIACE H200 05-C', 2, 2, 1, 0, 1, 1, 0, 0, 0, 0, 1, 1);
INSERT INTO `producto` (`id_prod`, `cod_prod`, `codfab_prod`, `des_prod`, `tipo_prod`, `umed_prod`, `contenido_prod`, `exctoigv_prod`, `compra_prod`, `venta_prod`, `stockini_prod`, `stockmax_prod`, `stockmin_prod`, `stock_prod`, `status_prod`, `sucursal_prod`) VALUES
(674, 'LP-3116TL           ', NULL, 'MANIJA DE LA REGLA DE COMPUERTA POSTERIOR TOYOTA HIACE 1984-1989      ', 2, 2, 1, 0, 1, 1, 0, 0, 0, 0, 1, 1),
(675, 'LP-B217A', NULL, 'SEGURO DE VENTANA TOY HIACE 2005', 2, 2, 1, 0, 1, 1, 0, 0, 0, 10, 1, 1),
(676, 'LP-31120L          ', '', 'MANIJA EXT.PTA.DELANTERO TOYOTA CALDINA 94...                         ', 2, 2, 1, 0, 1, 1, 0, 0, 0, 23, 1, 1),
(677, 'LP-31120R          ', '', 'MANIJA EXT.PTA.DELANTERO TOYOTA CALDINA 94...                         ', 2, 2, 1, 0, 1, 1, 0, 0, 0, 23, 1, 1),
(678, 'LP-31121L          ', '', 'MANIJA EXT.PTA.POSTERIOR TOYOTA CALDINA 94...                         ', 2, 2, 1, 0, 1, 1, 0, 0, 0, 14, 1, 1),
(679, 'LP-31121R          ', '', 'MANIJA EXT.PTA.POSTERIOR TOYOTA CALDINA 94...                         ', 2, 2, 1, 0, 1, 1, 0, 0, 0, 14, 1, 1),
(680, 'LP-2576ELH', NULL, 'MANIJA INT.PTA DELANT.TOYOTA HIACE 90-94 BEIGE', 2, 2, 1, 0, 1, 1, 0, 0, 0, 0, 1, 1),
(681, 'LP-2576ERH', NULL, 'MANIJA INT.PTA DELANT.TOYOTA HIACE 90-94 BEIGE', 2, 2, 1, 0, 1, 1, 0, 0, 0, 0, 1, 1),
(682, 'LP-2222LMLH', NULL, 'MANIJA INT.TOYOTA COROLLA  2009-2013 CROMADO', 2, 2, 1, 0, 1, 1, 0, 0, 0, 18, 1, 1),
(683, 'LP-2222LMRH', NULL, 'MANIJA INT.TOYOTA COROLLA  2009-2013 CROMADO', 2, 2, 1, 0, 1, 1, 0, 0, 0, 18, 1, 1),
(684, 'LP-4180', NULL, 'BLOQUEO DE TRONCO TY.CRESSIDA 1989-1995', 2, 2, 1, 0, 1, 1, 0, 0, 0, 30, 1, 1),
(685, 'LP-2103A', NULL, 'AGARRADERA DE CABINA UNIVERSAL RUBBER', 2, 2, 1, 0, 1, 1, 0, 0, 0, 14, 1, 1),
(686, 'LP-4001', NULL, 'CERRADURA DE PUERTA', 2, 2, 1, 0, 1, 1, 0, 0, 0, 18, 1, 1),
(687, 'LP-221', NULL, 'SEGURO DE VENTANA UNIVERSAL', 2, 2, 1, 0, 1, 1, 0, 0, 0, 0, 1, 1),
(688, 'LP-C001', NULL, 'CERRADURA PARA CAPOT', 2, 2, 1, 0, 1, 1, 0, 0, 0, 0, 1, 1),
(689, 'LP-CE2', 'CM-9285', 'FARO NEBLI.KIA CERATO 2010...(SET2)NEGRO KIT', 1, 1, 1, 0, 1, 1, 0, 0, 0, 23, 1, 1),
(690, 'LP-TA6', 'CM08-TA4 ', 'FARO NEBLI.PARACH.TY YARIS,COROLLA ALTIS 2007 (VIDRIO)(SET2)', 1, 1, 1, 0, 1, 1, 60, 0, 0, 103, 1, 1),
(691, 'LP-DA2003A-LH', 'LP-DA2003A', 'MANIJA INT.RENAUL DACIA DUSTER 2010-C LH', 2, 2, 1, 0, 1, 1, 0, 0, 0, 18, 1, 1),
(692, 'LP-DA2003A-RH', 'LP-DA2003B', 'MANIJA INT.RENAUL DACIA DUSTER 2010-C RH', 2, 2, 1, 0, 1, 1, 0, 0, 0, 18, 1, 1),
(693, 'LP-DH3133S-ML', 'LP-DH3133S', 'MANIJA EXT.CORREDIZA KIA TOWNER L', 2, 2, 1, 0, 1, 1, 0, 0, 0, 12, 1, 1),
(694, 'LP-DH3133S-MR', 'LP-DH3133Z', 'MANIJA EXT.CORREDIZA KIA TOWNER R', 2, 2, 1, 0, 1, 1, 0, 0, 0, 15, 1, 1),
(695, 'LP-DW2001A-LH', 'LP-DW2001A', 'MANIJA INT.DAEWO MATIZ 98-05 LH ', 2, 2, 1, 0, 1, 1, 0, 0, 0, 22, 1, 1),
(696, 'LP-DW2001A-RH', 'LP-DW2001B', 'MANIJA INT.DAEWO MATIZ 98-05 RH', 2, 2, 1, 0, 1, 1, 0, 0, 0, 22, 1, 1),
(697, 'LP-DW2301M-FL', 'LP-DW2301M', 'MANIJA INT.DELANT.DAEWO NUBIRA 98-01L', 2, 2, 1, 0, 1, 1, 0, 0, 0, 15, 1, 1),
(698, 'LP-DW2301M-FR', 'LP-DW2301N', 'MANIJA INT.DELANT.DAEWO NUBIRA 98-01R', 2, 2, 1, 0, 1, 1, 0, 0, 0, 15, 1, 1),
(699, 'LP-DW3001A-FL', 'LP-DW3001A', 'MANIJA EXT.DELANT DAEWO MATIZ 98-05L', 2, 2, 1, 0, 1, 1, 0, 0, 0, 13, 1, 1),
(700, 'LP-DW3001A-FR', 'LP-DW3001B', 'MANIJA EXT.DELANT DAEWO MATIZ 98-05R', 2, 2, 1, 0, 1, 1, 0, 0, 0, 23, 1, 1),
(701, 'LP-DW3001A-RL', 'LP-DW3001P', 'MANIJA EXT.POST.DAEWO MATIZ 98-05 RL ', 2, 2, 1, 0, 1, 1, 0, 0, 0, 13, 1, 1),
(702, 'LP-DW3001A-RR', 'LP-DW3001R', 'MANIJA EXT.POST.DAEWO MATIZ 98-05 RR', 2, 2, 1, 0, 1, 1, 0, 0, 0, 23, 1, 1),
(703, 'LP-3301SRL', 'LP-N103PL', 'MANIJA EXT.PTA.POST DAEWOO NUBIRA 98-04 ', 2, 2, 1, 0, 1, 1, 0, 0, 0, 55, 1, 1),
(704, 'LP-DW5300M-FL', 'LP-DW5300M', 'CREMALLERA LEVATALUNA DAEWO CIELO-RACER FL', 2, 2, 1, 0, 1, 1, 0, 0, 0, 10, 1, 1),
(705, 'LP-DW5300M-FR', 'LP-DW5300N', 'CREMALLERA LEVATALUNA DAEWO CIELO-RACER FR', 2, 2, 1, 0, 1, 1, 0, 0, 0, 13, 1, 1),
(706, 'LP-GM2003M-LH', 'LP-GM2003M', 'MANIJA INT.CHEV.AVEO CROMADO  07-11LH ', 2, 2, 1, 0, 1, 1, 0, 0, 0, 19, 1, 1),
(707, 'LP-GM2003M-RH', 'LP-GM2003N', 'MANIJA INT.CHEV.AVEO CROMADO  07-11RH ', 2, 2, 1, 0, 1, 1, 0, 0, 0, 15, 1, 1),
(708, 'LP-GM3001A-FL', 'LP-GM3001A', 'MANIJA EXT.DELANT.CHEVROLET AVEO 05-11FL', 2, 2, 1, 0, 1, 1, 0, 0, 0, 30, 1, 1),
(709, 'LP-GM3001A-FR', 'LP-GM3001B', 'MANIJA EXT.DELANT.CHEVROLET AVEO 05-11FR', 2, 2, 1, 0, 1, 1, 0, 0, 0, 32, 1, 1),
(710, 'LP-GM3001A-RL', 'LP-GM3001C', 'MANIJA EXT.POST.CHEVROLET AVEO 05-11 RL', 2, 2, 1, 0, 1, 1, 0, 0, 0, 35, 1, 1),
(711, 'LP-GM3001A-RR', 'LP-GM3001D', 'MANIJA EXT.POST.CHEVROLET AVEO 05-11RR', 2, 2, 1, 0, 1, 1, 0, 0, 0, 32, 1, 1),
(712, 'LP-GM3003A-F', 'LP-GM3003A', 'MANIJA EXT.DELANT.CHEVROLET AVEO 07-11  R=L', 2, 2, 1, 0, 1, 1, 0, 0, 0, 13, 1, 1),
(713, 'LP-GM3003A-RER', 'LP-GM3003B', 'MANIJA EXT.POSTERIOR CHEVROLET AVEO 07-11  R=L', 2, 2, 1, 0, 1, 1, 0, 0, 0, 13, 1, 1),
(714, 'LP-GM3561A-FL', 'LP-GM3561A', 'MANIJA EXT.DELANT ISUZU D-MAX 06-12/CAMIONETA PICK-UP', 2, 2, 1, 0, 1, 1, 0, 0, 0, 25, 1, 1),
(715, 'LP-GM3561A-FR', 'LP-GM3561B', 'MANIJA EXT.DELANT ISUZU D-MAX 06-12/CAMIONETA PICK-UP', 2, 2, 1, 0, 1, 1, 0, 0, 0, 25, 1, 1),
(716, 'LP-GM3561A-RL', 'LP-GM3561C', 'MANIJA EXT.POST ISUZU D-MAX 06-12/CAMIONETA PICK-UP RL', 2, 2, 1, 0, 1, 1, 0, 0, 0, 25, 1, 1),
(717, 'LP-GM3561A-RR', 'LP-GM3561D', 'MANIJA EXT.POST ISUZU D-MAX 06-12/CAMIONETA PICK-UP RR', 2, 2, 1, 0, 1, 1, 0, 0, 0, 25, 1, 1),
(718, 'LP-HD2569G-FL', 'LP-HD2569G', 'MANIJA INT.HONDA CIVIC AÑO 92-95 FL', 2, 2, 1, 0, 1, 1, 0, 0, 0, 15, 1, 1),
(719, 'LP-HD2569G-FR', 'LP-HD2569H', 'MANIJA INT.HONDA CIVIC AÑO 92-95 FR', 2, 2, 1, 0, 1, 1, 0, 0, 0, 15, 1, 1),
(720, 'LP-HD3239S-FL', 'LP-HD3239S', 'MANIJA EXT.DELANT.HONDA CIVIC (PATNER)96-00 FL', 2, 2, 1, 0, 1, 1, 0, 0, 0, 15, 1, 1),
(721, 'LP-HD3239S-FR', 'LP-HD3239Z', 'MANIJA EXT.DELANT.HONDA CIVIC (PATNER)96-00 FR', 2, 2, 1, 0, 1, 1, 0, 0, 0, 15, 1, 1),
(722, 'LP-HD3239S-RL', 'LP-HD3239T', 'MANIJA EXT.POST.HONDA CIVIC (PATNER)96-00 RL', 2, 2, 1, 0, 1, 1, 0, 0, 0, 15, 1, 1),
(723, 'LP-HD3239S-RR', 'LP-HD3239U', 'MANIJA EXT.POST.HONDA CIVIC (PATNER)96-00 RR', 2, 2, 1, 0, 1, 1, 0, 0, 0, 15, 1, 1),
(724, 'LP-HY1230G', 'LP-HY1230G', 'MANIJA INT.LEVANTA LUNA HYUNDAI ATOS 97-05 ELANTRA 96-98', 2, 2, 1, 0, 1, 1, 0, 0, 0, 100, 1, 1),
(725, 'LP-HY2110A-LH', 'LP-HY2110A', 'MANIJA INT.ABRE PTA.DELANTERO HYUNDAI I10 2008 LH  ', 2, 2, 1, 0, 1, 1, 0, 0, 0, 25, 1, 1),
(726, 'LP-HY2110A-RH', 'LP-HY2110B', 'MANIJA INT.ABRE PTA.DELANTERO HYUNDAI I10 2008 RH   ', 2, 2, 1, 0, 1, 1, 0, 0, 0, 25, 1, 1),
(727, 'LP-HY2228G-LH', 'LP-HY2228G', 'MANIJA INT.HYUNDAI GRACE-PORTER 95 LH', 2, 2, 1, 0, 1, 1, 0, 0, 0, 38, 1, 1),
(728, 'LP-HY2228G-RH', 'LP-HY2228H', 'MANIJA INT.HYUNDAI GRACE-PORTER 95 RH', 2, 2, 1, 0, 1, 1, 0, 0, 0, 38, 1, 1),
(729, 'LP-HY2230G-FL', 'LP-HY2230F', 'MANIJA INT.ABRE PTA.DELANTERO HYUNDAI ACCENT 95-99 FL         ', 2, 2, 1, 0, 1, 1, 0, 0, 0, 45, 1, 1),
(730, 'LP-HY2230G-FR', 'LP-HY2230I', 'MANIJA INT.ABRE PTA.DELANTERO HYUNDAI ACCENT 95-99 FR    ', 2, 2, 1, 0, 1, 1, 0, 0, 0, 45, 1, 1),
(731, 'LP-HY2301G-LH', 'LP-HY2301G', 'MANIJA INT.HYUNDAI SONATA 95-99 NEGRO LH', 2, 2, 1, 0, 1, 1, 0, 0, 0, 0, 1, 1),
(732, 'LP-HY2301G-RH', 'LP-HY2301H', 'MANIJA INT.HYUNDAI SONATA 95-99 NEGRO RH', 2, 2, 1, 0, 1, 1, 0, 0, 0, 0, 1, 1),
(733, 'LP-HY2323A-LH', 'LP-HY2323A', 'MANIJA INT.ABRE PTA.DELANTERO HYUNDAI ACCENT 00-06 NEGRO LH', 2, 2, 1, 0, 1, 1, 0, 0, 0, 20, 1, 1),
(734, 'LP-HY2323A-RH', 'LP-HY2323B', 'MANIJA INT.ABRE PTA.DELANTERO HYUNDAI ACCENT 00-06 NEGRO RH', 2, 2, 1, 0, 1, 1, 0, 0, 0, 5, 1, 1),
(735, 'LP-HY2334G-LH', 'LP-HY2334G', 'MANIJA INT.HY. ELANTRA 96-00/KIA SPECTRA 2002 LH', 2, 2, 1, 0, 1, 1, 0, 0, 0, 0, 1, 1),
(736, 'LP-HY2334G-RH', 'LP-HY2334H', 'MANIJA INT.HY. ELANTRA 96-00/KIA SPECTRA 2002 RH', 2, 2, 1, 0, 1, 1, 0, 0, 0, 0, 1, 1),
(737, 'LP-HY2503G-LH', 'LP-HY2503G', 'MANIJA INT.ABRE PTA.DELANTERO HYUNDAI TUCSON 05-09 LH ', 2, 2, 1, 0, 1, 1, 0, 0, 0, 10, 1, 1),
(738, 'LP-HY2503G-RH', 'LP-HY2503H', 'MANIJA INT.ABRE PTA.DELANTERO HYUNDAI TUCSON 05-09 RH    ', 2, 2, 1, 0, 1, 1, 0, 0, 0, 10, 1, 1),
(739, 'LP-HY2511A-LH', 'LP-HY2511A', 'MANIJA INT.DELANT.HY PORTER 98-02 / HD 65', 2, 2, 1, 0, 1, 1, 0, 0, 0, 12, 1, 1),
(740, 'LP-HY2511A-RH', 'LP-HY2511B', 'MANIJA INT.DELANT.HY PORTER 98-02 / HD 65', 2, 2, 1, 0, 1, 1, 0, 0, 0, 22, 1, 1),
(741, 'LP-HY2513A-MR', 'LP-HY2513A', 'MANIJA INT.DE PUERTA CORREDIZA HYUNDAI STAREX H1 98-06  MR', 2, 2, 1, 0, 1, 1, 0, 0, 0, 14, 1, 1),
(742, 'LP-HY3110A-RL', 'LP-HY3110A', 'MANIJA EXT.PTA.POST.HYUNDAI I10 2008-2013 RL  ', 2, 2, 1, 0, 1, 1, 0, 0, 0, 25, 1, 1),
(743, 'LP-HY3110A-RR', 'LP-HY3110B', 'MANIJA EXT.PTA.POST.HYUNDAI I10 2008-2013 RR ', 2, 2, 1, 0, 1, 1, 0, 0, 0, 25, 1, 1),
(744, 'LP-HY3228A-FL', 'LP-HY3228A', 'MANIJA.EXT.PTA DELANT HY.PORTER/GRACE 92-97 FL', 2, 2, 1, 0, 1, 1, 0, 0, 0, 3, 1, 1),
(745, 'LP-HY3228A-FR', 'LP-HY3228B', 'MANIJA.EXT.PTA DELANT HY.PORTER/GRACE 92-97 FR', 2, 2, 1, 0, 1, 1, 0, 0, 0, 0, 1, 1),
(746, 'LP-HY3228A-MR', 'LP-HY3228M', 'MANIJA EXT.PUERTA CORREDIZA HY.PORTER/GRACE 92-97 MR', 2, 2, 1, 0, 1, 1, 0, 0, 0, 9, 1, 1),
(747, 'LP-HY3230A-FL', 'LP-HY3230A', 'MANIJA EXT.DELANT.HYUNDAI ATOS 97-05 FL ', 2, 2, 1, 0, 1, 1, 0, 0, 0, 23, 1, 1),
(748, 'LP-HY3230A-FR', 'LP-HY3230B', 'MANIJA EXT.DELANT.HYUNDAI ATOS 97-05 FR', 2, 2, 1, 0, 1, 1, 0, 0, 0, 23, 1, 1),
(749, 'LP-HY3230A-RL', 'LP-HY3230C', 'MANIJA EXT.POST.HYUNDAI ATOS 97-05 RL', 2, 2, 1, 0, 1, 1, 0, 0, 0, 23, 1, 1),
(750, 'LP-HY3230A-RR', 'LP-HY3230D', 'MANIJA EXT.POST.HYUNDAI ATOS 97-05 RR', 2, 2, 1, 0, 1, 1, 0, 0, 0, 23, 1, 1),
(751, 'LP-HY3232A-RL', 'LP-HY3232A', 'MANIJA EXT.PTA.POST.HYUNDAI ACCENT 1998-2000 RL', 2, 2, 1, 0, 1, 1, 0, 0, 0, 75, 1, 1),
(752, 'LP-HY3232A-RR', 'LP-HY3232B', 'MANIJA EXT.PTA.POST.HYUNDAI ACCENT 1998-2000 RR', 2, 2, 1, 0, 1, 1, 0, 0, 0, 75, 1, 1),
(753, 'LP-3236AFL', 'LP-A632L', 'MANIJA EXT.PTA.DELANT HYUNDAI ACCENT 2006-2011', 2, 2, 1, 0, 1, 1, 0, 0, 0, 83, 1, 1),
(754, 'LP-HY3237P', 'LP-HY3237P', 'MANIJA EXT.DELANT HYUNDAI ACCENT 2012-C FL=FR', 2, 2, 1, 0, 1, 1, 0, 0, 0, 17, 1, 1),
(755, 'LP-HY3513S-FL', 'LP-HY3513S', 'MANIJA EXT.DELANT.HY STAREX H1 98-04 FL', 2, 2, 1, 0, 1, 1, 0, 0, 0, 10, 1, 1),
(756, 'LP-HY3513S-FR', 'LP-HY3513Z', 'MANIJA EXT.DELANT.HY STAREX H1 98-04 FR', 2, 2, 1, 0, 1, 1, 0, 0, 0, 20, 1, 1),
(757, 'LP-HY3513S-ML', 'LP-HY3513M', 'MANIJA EXT.POST.HY STAREX H1 98-04 ML', 2, 2, 1, 0, 1, 1, 0, 0, 0, 10, 1, 1),
(758, 'LP-HY3513S-MR ', 'LP-HY3513N', 'MANIJA EXT.POST.HY STAREX H1 98-04 MR', 2, 2, 1, 0, 1, 1, 0, 0, 0, 27, 1, 1),
(759, 'LP-HY3515M-FL', 'LP-HY3515M', 'MANIJA EXT.PTA.DELANT.HYUNDAI STAREX H1 2007...CROMADO FL', 2, 2, 1, 0, 1, 1, 0, 0, 0, 10, 1, 1),
(760, 'LP-HY3515M-FR', 'LP-HY3515N', 'MANIJA EXT.PTA.DELANT.HYUNDAI STAREX H1 2007...CROMADO FR', 2, 2, 1, 0, 1, 1, 0, 0, 0, 10, 1, 1),
(761, 'LP-HY3515M-ML', 'LP-HY3515B', 'MANIJA EXT.PTA CORREDIZA  HYUNDAI STAREX H1 2007...CROMADO ML', 2, 2, 1, 0, 1, 1, 0, 0, 0, 10, 1, 1),
(762, 'LP-HY3515M-MR', 'LP-HY3515C', 'MANIJA EXT.PTA CORREDIZA  HYUNDAI STAREX H1 2007...CROMADO MR', 2, 2, 1, 0, 1, 1, 0, 0, 0, 10, 1, 1),
(763, 'LP-3515PL', 'LP-515EL', 'MANIJA EXT.PTA.DELANTERO HYUNDAI STAREX H1 2007...', 2, 2, 1, 0, 1, 1, 0, 0, 0, 20, 1, 1),
(764, 'LP-HY3515P-ML', 'LP-HY3515P', 'MANIJA EXT.PTA CORREDIZA HYUNDAI STAREX H1 2007 PML', 2, 2, 1, 0, 1, 1, 0, 0, 0, 9, 1, 1),
(765, 'LP-HY3515P-MR', 'LP-HY3515D', 'MANIJA EXT.PTA CORREDIZA HYUNDAI STAREX H1 2007 PMR', 2, 2, 1, 0, 1, 1, 0, 0, 0, 5, 1, 1),
(766, 'LP-HY3516P-ML', 'LP-HY3516P', 'MANIJA EXT.PTA CORREDIZA  HY.STAREX H1 2007... C/HUECO PML', 2, 2, 1, 0, 1, 1, 0, 0, 0, 20, 1, 1),
(767, 'LP-HY3516P-MR', 'LP-HY3516D', 'MANIJA EXT.PTA CORREDIZA  HY.STAREX H1 2007... C/HUECO PMR', 2, 2, 1, 0, 1, 1, 0, 0, 0, 16, 1, 1),
(768, 'LP-HY5232M-FL', 'LP-HY5232M', 'CREMALLERA LEVANTALUNA HYUNDAI ACCENT DELANT 95 FL', 2, 2, 1, 0, 1, 1, 0, 0, 0, 8, 1, 1),
(769, 'LP-HY5232M-FR', 'LP-HY5232N', 'CREMALLERA LEVANTALUNA HYUNDAI ACCENT DELANT 95 FR', 2, 2, 1, 0, 1, 1, 0, 0, 0, 10, 1, 1),
(770, 'LP-HY5232M-RL', 'LP-HY5232P', 'CREMALLERA LEVANTALUNA HYUNDAI ACCENT POST 95 MRL', 2, 2, 1, 0, 1, 1, 0, 0, 0, 2, 1, 1),
(771, 'LP-IZ1139G', 'LP-IZ1139G', 'MANIJA LEVANTALUNA ISUZU COLOR GRIS', 2, 2, 1, 0, 1, 1, 0, 0, 0, 75, 1, 1),
(772, 'LP-IZ2026G-LH', 'LP-IZ2026G', 'MANIJA.INT.CHEVROLET LUV GRIS LH', 2, 2, 1, 0, 1, 1, 0, 0, 0, 65, 1, 1),
(773, 'LP-IZ2026G-RH', 'LP-IZ2026H', 'MANIJA.INT.CHEVROLET LUV GRIS RH', 2, 2, 1, 0, 1, 1, 0, 0, 0, 65, 1, 1),
(774, 'LP-IZ3150A-FL', 'LP-IZ3150A', 'MANIJA EXT.DELANT.ISUZU LUV-CHEVROLET FL', 2, 2, 1, 0, 1, 1, 0, 0, 0, 20, 1, 1),
(775, 'LP-IZ3150A-FR', 'LP-IZ3150B', 'MANIJA EXT.DELANT.ISUZU LUV-CHEVROLET FR', 2, 2, 1, 0, 1, 1, 0, 0, 0, 20, 1, 1),
(776, 'LP-IZ3150A-RL', 'LP-IZ3150C', 'MANIJA EXT.POST.ISUZU LUV-CHEVROLET RL', 2, 2, 1, 0, 1, 1, 0, 0, 0, 20, 1, 1),
(777, 'LP-IZ3150A-RR', 'LP-IZ3150D', 'MANIJA EXT.POST.ISUZU LUV-CHEVROLET RR', 2, 2, 1, 0, 1, 1, 0, 0, 0, 20, 1, 1),
(778, 'LP-IZ3206A-LH', 'LP-IZ3206A', 'MANIJA EXT.DELANT.CAMION ISUZU ELF NPR 93 08 JACK LH', 2, 2, 1, 0, 1, 1, 0, 0, 0, 15, 1, 1),
(779, 'LP-IZ3206A-RH', 'LP-IZ3206B', 'MANIJA EXT.DELANT.CAMION ISUZU ELF NPR 93 08 JACK RH', 2, 2, 1, 0, 1, 1, 0, 0, 0, 15, 1, 1),
(780, 'LP-IZ3562A-TG', 'LP-IZ3562A', 'MANIJA COMP.POST IZUSU D MAX 06-12 ATG', 2, 2, 1, 0, 1, 1, 0, 0, 0, 10, 1, 1),
(781, 'LP-2009GFR', 'LP-K902R', 'MANIJA INT.PTA DELANT KIA RIO 2006-2009', 2, 2, 1, 0, 1, 1, 0, 0, 0, 63, 1, 1),
(782, 'LP-KA2010A-LH', 'LP-KA2010A', 'MANIJA INTERIOR KIA CERATO 09-13 LH ', 2, 2, 1, 0, 1, 1, 0, 0, 0, 15, 1, 1),
(783, 'LP-KA2010A-RH', 'LP-KA2010B', 'MANIJA INTERIOR KIA CERATO 09-13 RH', 2, 2, 1, 0, 1, 1, 0, 0, 0, 15, 1, 1),
(784, 'LP-KA2013M-LH', 'LP-KA2013M', 'MANIJA INTERIOR KIA CERATO 14-C CROM. MLH', 2, 2, 1, 0, 1, 1, 0, 0, 0, 5, 1, 1),
(785, 'LP-KA2013M-RH', 'LP-KA2013N', 'MANIJA INTERIOR KIA CERATO 14-C CROM. MRH', 2, 2, 1, 0, 1, 1, 0, 0, 0, 5, 1, 1),
(786, 'LP-KA2500G-LH', 'LP-KA2500G', 'MANIJA DE PTA INT.KIA SPORTAGE 95-02 GLH', 2, 2, 1, 0, 1, 1, 0, 0, 0, 10, 1, 1),
(787, 'LP-KA2500G-RH', 'LP-KA2500H', 'MANIJA DE PTA INT.KIA SPORTAGE 95-02 GRH', 2, 2, 1, 0, 1, 1, 0, 0, 0, 10, 1, 1),
(788, 'LP-KA2900A-FL', 'LP-KA2900A', 'MANIJA INT.DELANT KIA BONGO , K-2700 AFL', 2, 2, 1, 0, 1, 1, 0, 0, 0, 15, 1, 1),
(789, 'LP-KA2900A-FR', 'LP-KA2900B', 'MANIJA INT.DELANT KIA BONGO , K-2700 AFR', 2, 2, 1, 0, 1, 1, 0, 0, 0, 15, 1, 1),
(790, 'LP-KA3004P-F', 'LP-KA3004P', 'MANIJA EXT.DELANT.KIA PICANTO 11-C C/H PFL=PFR', 2, 2, 1, 0, 1, 1, 0, 0, 0, 18, 1, 1),
(791, 'LP-KA3004P-FLK', 'LP-KA3004D', 'MANIJA EXT.DELANT.KIA PICANTO 11-C S/H PFLK', 2, 2, 1, 0, 1, 1, 0, 0, 0, 20, 1, 1),
(792, 'LP-KA3004P-FRK', 'LP-KA3004R', 'MANIJA EXT.DELANT.KIA PICANTO 11-C S/H PFRK ', 2, 2, 1, 0, 1, 1, 0, 0, 0, 34, 1, 1),
(793, 'LP-KA3010P-FL', 'LP-KA3010P', 'MANIJA EXT.PTA DELANT KIA CERATO 09-13 PFL', 2, 2, 1, 0, 1, 1, 0, 0, 0, 15, 1, 1),
(794, 'LP-KA3010P-FRK', 'LP-KA3010D', 'MANIJA EXT.PTA DELANT KIA CERATO 09-13 PFRK', 2, 2, 1, 0, 1, 1, 0, 0, 0, 15, 1, 1),
(795, 'LP-KA3950P-FL', 'LP-KA3950P', 'MANIJA EXT.DELANT.KIA BONGO-K-2700 FL', 2, 2, 1, 0, 1, 1, 0, 0, 0, 20, 1, 1),
(796, 'LP-KA3950P-FR', 'LP-KA3950D', 'MANIJA EXT.DELANT.KIA BONGO-K-2700 FR', 2, 2, 1, 0, 1, 1, 0, 0, 0, 20, 1, 1),
(797, 'LP-MB1041A', 'LP-MB1041A', 'MANIJA INT.LEVANTA LUNA MITSUBISHI L300 CANTER 1987 NEGRO', 2, 2, 1, 0, 1, 1, 0, 0, 0, 40, 1, 1),
(798, 'LP-MB1105A', 'LP-MB1105A', 'MANIJA  INTERIOR LEVANTALUNA MITS.MONTERO SPORT 97-99 NEGRO', 2, 2, 1, 0, 1, 1, 0, 0, 0, 50, 1, 1),
(799, 'LP-MB1142G', 'LP-MB1142G', 'MANIJA INT.LEVANTA LUNA MITSUBISHI FUSO 2002', 2, 2, 1, 0, 1, 1, 0, 0, 0, 25, 1, 1),
(800, 'LP-MB1227G', 'LP-MB1227G', 'MANIJA INT.LEVANTA LUNA MITSUBISHI CANTER 2007', 2, 2, 1, 0, 1, 1, 0, 0, 0, 15, 1, 1),
(801, 'LP-MB2508M-1LH', 'LP-MB2508M', 'MANIJA INT.MITS.CANTER ROSA FE444 1986 CROMO 1-LH', 2, 2, 1, 0, 1, 1, 0, 0, 0, 20, 1, 1),
(802, 'LP-MB2508M-1RH', 'LP-MB2508N', 'MANIJA INT.MITS.CANTER ROSA FE444 1986 CROMO 1-RH', 2, 2, 1, 0, 1, 1, 0, 0, 0, 20, 1, 1),
(803, 'LP-25090', 'LP-C090', 'MANIJA INT.ABRE PTA.DELANTERO MITSUB.CANTER 86-95 GRIS OSCURO', 2, 2, 1, 0, 1, 1, 0, 0, 0, 46, 1, 1),
(804, 'LP-MB3078A-FL', 'LP-MB3078A', 'MANIJA EXT.DELANT.MITSUB.DACKAR L/200 90-04 FL', 2, 2, 1, 0, 1, 1, 0, 0, 0, 13, 1, 1),
(805, 'LP-MB3078A-FR', 'LP-MB3078B', 'MANIJA EXT.DELANT.MITSUB.DACKAR L/200 90-04 FR', 2, 2, 1, 0, 1, 1, 0, 0, 0, 13, 1, 1),
(806, 'LP-MB3134A-FL', 'LP-MB3134A', 'MANIJA EXT.DELANT.MITSUBISHI CANTER 80-92 FL', 2, 2, 1, 0, 1, 1, 0, 0, 0, 18, 1, 1),
(807, 'LP-MB3134A-FR', 'LP-MB3134B', 'MANIJA EXT.DELANT.MITSUBISHI CANTER 80-92 FR', 2, 2, 1, 0, 1, 1, 0, 0, 0, 18, 1, 1),
(808, 'LP-31951     ', 'UNIVERSAL', 'MANIJA EXT.PTA.POSTERIOR MITSUBISHI TRITON L200 2005 L=R               ', 2, 2, 1, 0, 1, 1, 0, 0, 0, 30, 1, 1),
(809, 'LP-MB3227A-FL', 'LP-MB3227A', 'MANIJA EXT.DELANT.MITSUBISHI CANTER 03...FL', 2, 2, 1, 0, 1, 1, 0, 0, 0, 13, 1, 1),
(810, 'LP-MB3227A-FR', 'LP-MB3227B', 'MANIJA EXT.DELANT.MITSUBISHI CANTER 03...FR', 2, 2, 1, 0, 1, 1, 0, 0, 0, 13, 1, 1),
(811, 'LP-MB3230A-FL', 'LP-MB3230A', 'MANIJA EXT.PTA DELANT.MITSUB.LANCER.ECLIPSE 2000-2005 FL', 2, 2, 1, 0, 1, 1, 0, 0, 0, 10, 1, 1),
(812, 'LP-MB3230A-FR', 'LP-MB3230B', 'MANIJA EXT.PTA DELANT.MITSUB.LANCER.ECLIPSE 2000-2005 FR', 2, 2, 1, 0, 1, 1, 0, 0, 0, 10, 1, 1),
(813, 'LP-MB3248S-ML', 'LP-MB3248S', 'MANIJA EXT.PUERTA CORREDIZA MITS.VERYCA WAGON 00 S-ML', 2, 2, 1, 0, 1, 1, 0, 0, 0, 20, 1, 1),
(814, 'LP-MB3248S-MR', 'LP-MB3248Z', 'MANIJA EXT.PUERTA CORREDIZA MITSUBISHI VERYCA WAGON 00 S-MR', 2, 2, 1, 0, 1, 1, 0, 0, 0, 20, 1, 1),
(815, 'LP-MB3515A-TG', 'LP-MB3515A', 'MANIJA DE COMPUERTA POST.MITSUBISHI L200 2015 NEGRO TG', 2, 2, 1, 0, 1, 1, 0, 0, 0, 15, 1, 1),
(816, 'LP-MB3515M-TG', 'LP-MB3515M', 'MANIJA DE COMPUERTA POST.MITSUBISHI L200 2015 CROMO TG', 2, 2, 1, 0, 1, 1, 0, 0, 0, 15, 1, 1),
(817, 'LP-MB7068-LH', 'LP-MB7068E', 'CHAPA PTA DELANT.MITS.FUSO 84-93 LH', 2, 2, 1, 0, 1, 1, 0, 0, 0, 8, 1, 1),
(818, 'LP-MB7068-RH', 'LP-MB7068C', 'CHAPA PTA DELANT.MITS.FUSO 84-93 RH', 2, 2, 1, 0, 1, 1, 0, 0, 0, 8, 1, 1),
(819, 'LP-MB7111LH', 'LP-MB7111A', 'CHAPA DE PUERTA DELANTMITSUBISHI CANTER 86-96 LH', 2, 2, 1, 0, 1, 1, 0, 0, 0, 15, 1, 1),
(820, 'LP-NS1091G', 'LP-NS1091G', 'MANIJA LEVANTALUNA NISSAN  SENTRA B-13 GRIS', 2, 2, 1, 0, 1, 1, 0, 0, 0, 250, 1, 1),
(821, 'LP-NS1104G', 'LP-NS1104G', 'MANIJA INT.LEVANTA LUNA NISSAN B11 1982-1986 GRIS OSCURO              ', 2, 2, 1, 0, 1, 1, 0, 0, 0, 125, 1, 1),
(822, 'LP-NS2030G', 'LP-NS2030G', 'MANIJA INTERIOR NISSAN FIERA 86-97 720 GRIS', 2, 2, 1, 0, 1, 1, 0, 0, 0, 230, 1, 1),
(823, 'LP-NS2033G-1', 'LP-NS2033G', 'MANIJA INTERIOR DELANT.NISSAN SUNNY 84/CARAVAN', 2, 2, 1, 0, 1, 1, 0, 0, 0, 40, 1, 1),
(824, 'LP-NS2301A-LH', 'LP-NS2301A', 'MANIJA INT.NISSAN AD WAGON WINGROAD 2007//TIIDA LH', 2, 2, 1, 0, 1, 1, 0, 0, 0, 14, 1, 1),
(825, 'LP-NS2301A-RH', 'LP-NS2301B', 'MANIJA INT.NISSAN AD WAGON WINGROAD 2007//TIIDA RH ', 2, 2, 1, 0, 1, 1, 0, 0, 0, 14, 1, 1),
(826, 'LP-NS2530A-FL', 'LP-NS2530A', 'MANIJA INT.DELANT.NISSAN NV350 //CARAVAN 13 FL', 2, 2, 1, 0, 1, 1, 0, 0, 0, 10, 1, 1),
(827, 'LP-NS2530A-FR', 'LP-NS2530B', 'MANIJA INT.DELANT.NISSAN NV350 //CARAVAN 13 FR', 2, 2, 1, 0, 1, 1, 0, 0, 0, 10, 1, 1),
(828, 'LP-NS2542G-LH', 'LP-NS2542G', 'MANIJA INT.ABRE PTA.DELANT.NISSAN SENTRA B13 TSURU 92-13 GRIS LH', 2, 2, 1, 0, 1, 1, 0, 0, 0, 15, 1, 1),
(829, 'LP-NS2542G-RH', 'LP-NS2542H', 'MANIJA INT.ABRE PTA.DELANT.NISSAN SENTRA B13 TSURU 92-13 GRIS RH', 2, 2, 1, 0, 1, 1, 0, 0, 0, 35, 1, 1),
(830, 'LP-NS2544A-LH', 'LP-NS2544A', 'MANIJA INT.ABRE PTA.DELANT.NISSAN FRONTIER 98-02 NEGRO LH', 2, 2, 1, 0, 1, 1, 0, 0, 0, 10, 1, 1),
(831, 'LP-NS2544A-RH', 'LP-NS2544B', 'MANIJA INT.ABRE PTA.DELANT.NISSAN FRONTIER 98-02 NEGRO RH ', 2, 2, 1, 0, 1, 1, 0, 0, 0, 10, 1, 1),
(832, 'LP-NS3061M-LH', 'LP-NS3061M', 'MANIJA EXT.PTA.DELANT.Y POST.NISSAN B11 1982-1986 CROMO LH                   ', 2, 2, 1, 0, 1, 1, 0, 0, 0, 20, 1, 1),
(833, 'LP-NS3061M-RH', 'LP-NS3061N', 'MANIJA EXT.PTA.DELANT.Y POST.NISSAN B11 1982-1986 CROMO RH                  ', 2, 2, 1, 0, 1, 1, 0, 0, 0, 20, 1, 1),
(834, 'LP-NS3152M-FL', 'LP-NS3152M', 'MANIJA EXT.NISSAN FRONTIER 97-2004 CROMO FL', 2, 2, 1, 0, 1, 1, 0, 0, 0, 10, 1, 1),
(835, 'LP-NS3152M-FR', 'LP-NS3152N', 'MANIJA EXT.NISSAN FRONTIER 97-2004 CROMO FR', 2, 2, 1, 0, 1, 1, 0, 0, 0, 10, 1, 1),
(836, 'LP-NS3172A-TG', 'LP-NS3172A', 'MANIJA EXT.PTA DE TOLVA CENTRAL DE NISSAN FIERA 86-97 ', 2, 2, 1, 0, 1, 1, 0, 0, 0, 25, 1, 1),
(837, 'LP-NS3175A-FL', 'LP-NS3175A', 'MANIJA EXT.DELANT.NISSAN SENTRA B15 2000 FL', 2, 2, 1, 0, 1, 1, 0, 0, 0, 20, 1, 1),
(838, 'LP-NS3175A-FR', 'LP-NS3175B', 'MANIJA EXT.DELANT.NISSAN SENTRA B15 2000 FR', 2, 2, 1, 0, 1, 1, 0, 0, 0, 20, 1, 1),
(839, 'LP-NS3175A-RL', 'LP-NS3175P', 'MANIJA EXT.POST.NISSAN SENTRA B15 2000 RL', 2, 2, 1, 0, 1, 1, 0, 0, 0, 20, 1, 1),
(840, 'LP-NS3175A-RR', 'LP-NS3175D', 'MANIJA EXT.POST.NISSAN SENTRA B15 2000 RR', 2, 2, 1, 0, 1, 1, 0, 0, 0, 20, 1, 1),
(841, 'LP-NS3193A-FL', 'LP-NS3193A', 'MANIJA EXT.NISSAN FIERA 86-97 NEGRO FL', 2, 2, 1, 0, 1, 1, 0, 0, 0, 15, 1, 1),
(842, 'LP-NS3193A-FR', 'LP-NS3193B', 'MANIJA EXT.NISSAN FIERA 86-97 NEGRO FR', 2, 2, 1, 0, 1, 1, 0, 0, 0, 15, 1, 1),
(843, 'LP-NS3235A-MR', 'LP-NS3235A', 'MANIJA EXT.PTA CORREDIZA NISSAN URVAN CARAVAN 2002-2008', 2, 2, 1, 0, 1, 1, 0, 0, 0, 15, 1, 1),
(844, 'LP-NS3235-TL', 'LP-NS3235T', 'GATILLO COMPUERTA NISSAN E26 NV350 ', 2, 2, 1, 0, 1, 1, 0, 0, 0, 25, 1, 1),
(845, 'LP-NS3236S-MR', 'LP-NS3236S', 'MANIJA EXT.PTA CORREDIZA NISSAN URVAN E24 88-97', 2, 2, 1, 0, 1, 1, 0, 0, 0, 20, 1, 1),
(846, 'LP-NS3236-TL', 'LP-NS3236T', 'GATILLO COMPUERTA NISSAN URVAN E24  86-01 ', 2, 2, 1, 0, 1, 1, 0, 0, 0, 20, 1, 1),
(847, 'LP-NS3241A', 'LP-NS3241A', 'MANIJA PUERTA LATERAL NISSAN CONDOR TRUCK   R:L', 2, 2, 1, 0, 1, 1, 0, 0, 0, 15, 1, 1),
(848, 'LP-NS3242A-FL', 'LP-NS3242A', 'MANIJA EXT.DELANT.NISSAN FRONTIER 2002-2010 ', 2, 2, 1, 0, 1, 1, 0, 0, 0, 20, 1, 1),
(849, 'LP-NS3242A-FR', 'LP-NS3242B', 'MANIJA EXT.DELANT.NISSAN FRONTIER 2002-2010 ', 2, 2, 1, 0, 1, 1, 0, 0, 0, 20, 1, 1),
(850, 'LP-NS3301A-FL', 'LP-NS3301A', 'MANIJA EXT.DELANT.C/HUECO NISSAN TIIDA O4-11(L)', 2, 2, 1, 0, 1, 1, 0, 0, 0, 14, 1, 1),
(851, 'LP-NS3301A-FR', 'LP-NS3301B', 'MANIJA EXT.DELANT.S/HUECO NISSAN TIIDA O4-11(R)', 2, 2, 1, 0, 1, 1, 0, 0, 0, 15, 1, 1),
(852, 'LP-NS3301A-FLK', 'LP-NS3301C', 'MANIJA EXT.POST.NISSAN TIIDA O4-11/VERSA SEDAN FLK', 2, 2, 1, 0, 1, 1, 0, 0, 0, 10, 1, 1),
(853, 'LP-NS3301A-FRK', 'LP-NS3301D', 'MANIJA EXT.POST.NISSAN TIIDA O4-11/VERSA SEDAN FRK', 2, 2, 1, 0, 1, 1, 0, 0, 0, 10, 1, 1),
(854, 'LP-NS3523MA-TGC', 'LP-NS3523M', 'MANIJA DE COMPUERTA POST.NISSAN FRONTIER 2017 NEGRO C/CROMO', 2, 2, 1, 0, 1, 1, 0, 0, 0, 8, 1, 1),
(855, 'LP-NS3530A-FL', 'LP-NS3530A', 'MANIJA EXT.DELANT.NISSAN NV350 2013-2019 C/H FL', 2, 2, 1, 0, 1, 1, 0, 0, 0, 10, 1, 1),
(856, 'LP-NS3530A-FRK', 'LP-NS3530K', 'MANIJA EXT.DELANT.NISSAN NV350 2013-2019 FRK ', 2, 2, 1, 0, 1, 1, 0, 0, 0, 10, 1, 1),
(857, 'LP-NS3530A-TG', 'LP-NS3530T', 'MANIJA COMPUERTA NISSAN NV350 2013-2019 TG', 2, 2, 1, 0, 1, 1, 0, 0, 0, 14, 1, 1),
(858, 'LP-NS3903A-TL', 'LP-NS3903A', 'GATILLO DE COMPUERTA NISSAN FRONTIER 2001 2004 TL', 2, 2, 1, 0, 1, 1, 0, 0, 0, 15, 1, 1),
(859, 'LP-NS3905A-TG', 'LP-NS3905A', 'MANIJA DE COMPUERTA NISSAN FRONTIER 2005 TG', 2, 2, 1, 0, 1, 1, 0, 0, 0, 13, 1, 1),
(860, 'LP-NS3905A-TL', 'LP-NS3905B', 'GATILLO COMPUERTA NISSAN FRONTIER 04 TL', 2, 2, 1, 0, 1, 1, 0, 0, 0, 20, 1, 1),
(861, 'LP-NS3962P-FL', 'LP-NS3962P', 'MANIJA EXT.PTA.DELANT.NISSAN FRONTIER 98-02 NEGRO FL', 2, 2, 1, 0, 1, 1, 0, 0, 0, 50, 1, 1),
(862, 'LP-NS3962P-FR', 'LP-NS3962D', 'MANIJA EXT.PTA.DELANT.NISSAN FRONTIER 98-02 NEGRO FR', 2, 2, 1, 0, 1, 1, 0, 0, 0, 50, 1, 1),
(863, 'LP-NS4102-LHD', 'LP-NS4102', 'CHAPA DE CAPOT DATSUN PICK-UP /UNIVERSAL 620 72-79', 2, 2, 1, 0, 1, 1, 0, 0, 0, 25, 1, 1),
(864, 'LP-NS4205-LHD', 'LP-NS4205', 'CERRADURA DE CAPOT NISSAN SENTRA B13', 2, 2, 1, 0, 1, 1, 0, 0, 0, 9, 1, 1),
(865, 'LP-NS4209-LHD', 'LP-NS4209', 'CHAPA DE CAPOT NISSAN FIERA PICK UP 720 93-98 ', 2, 2, 1, 0, 1, 1, 0, 0, 0, 10, 1, 1),
(866, 'LP-NS5235M-FL', 'LP-NS5235M', 'CREMALLERA LEVANTALUNA NISSAN CARAVAN 2005...', 2, 2, 1, 0, 1, 1, 0, 0, 0, 14, 1, 1),
(867, 'LP-NS5235M-FR', 'LP-NS5235N', 'CREMALLERA LEVANTALUNA NISSAN CARAVAN 2005...', 2, 2, 1, 0, 1, 1, 0, 0, 0, 14, 1, 1),
(868, 'LP-NS5257M-FL', 'LP-NS5257M', 'CREMALLERA LEVANTALUNA NISSAN SUNNY B-12 87-92 ', 2, 2, 1, 0, 1, 1, 0, 0, 0, 9, 1, 1),
(869, 'LP-NS5257M-FR', 'LP-NS5257N', 'CREMALLERA LEVANTALUNA NISSAN SUNNY B-12 87-92 ', 2, 2, 1, 0, 1, 1, 0, 0, 0, 9, 1, 1),
(870, 'LP-NS7047-LH', 'LP-NS7047L', 'CHAPA DE PUERTA DELANTERA NISSAN/DATSUN   720 80-86 ', 2, 2, 1, 0, 1, 1, 0, 0, 0, 7, 1, 1),
(871, 'LP-NS7047-RH', 'LP-NS7047R', 'CHAPA DE PUERTA DELANTERA NISSAN/DATSUN   720 80-86 ', 2, 2, 1, 0, 1, 1, 0, 0, 0, 7, 1, 1),
(872, 'LP-NS7066-LH', 'LP-NS7066L', 'CHAPA DE PTA DELANT.NISSAN FIERA 720 86-97 ', 2, 2, 1, 0, 1, 1, 0, 0, 0, 1, 1, 1),
(873, 'LP-NS7066-RH', 'LP-NS7066R', 'CHAPA DE PTA DELANT.NISSAN FIERA 720 86-97 ', 2, 2, 1, 0, 1, 1, 0, 0, 0, 7, 1, 1),
(874, 'LP-NS7132-LH', 'LP-NS7132L', 'CHAPA DE PTA.DELANT.NISSAN CARAVAN HOMMY E24', 2, 2, 1, 0, 1, 1, 0, 0, 0, 13, 1, 1),
(875, 'LP-NS7132-RH', 'LP-NS7132R', 'CHAPA DE PTA.DELANT.NISSAN CARAVAN HOMMY E24', 2, 2, 1, 0, 1, 1, 0, 0, 0, 13, 1, 1),
(876, 'LP-NS7235', 'LP-NS7235', 'SAPITO DE PTA.MALETERA NISSAN CARAVAN  E24 88-97', 2, 2, 1, 0, 1, 1, 0, 0, 0, 0, 1, 1),
(877, 'LP-NSC122M', 'LP-NSC122M', 'MANIJA DE PTA TOLVA POSTERIOR NISSAN 720 /PICK-UP', 2, 2, 1, 0, 1, 1, 0, 0, 0, 14, 1, 1),
(878, 'LP-NSC132S-TG', 'LP-NSC132S', 'MANIJA DE PTA POST.NISSAN 720 98....', 2, 2, 1, 0, 1, 1, 0, 0, 0, 25, 1, 1),
(879, 'LP-OP3002A-FL', 'LP-OP3002A', 'MANIJA PTA0.EXT DELANT.CHEVROLET CORSA 98-03 FL ', 2, 2, 1, 0, 1, 1, 0, 0, 0, 15, 1, 1),
(880, 'LP-OP3002A-FR', 'LP-OP3002B', 'MANIJA PTA0.EXT DELANT.CHEVROLET CORSA 98-03 FR ', 2, 2, 1, 0, 1, 1, 0, 0, 0, 15, 1, 1),
(881, 'LP-OP3002A-RL', 'LP-OP3002C', 'MANIJA PTA.EXT.POSTER CHEVROLET CORSA 98-03 RL', 2, 2, 1, 0, 1, 1, 0, 0, 0, 15, 1, 1),
(882, 'LP-OP3002A-RR', 'LP-OP3002D', 'MANIJA PTA.EXT.POSTER CHEVROLET CORSA 98-03 RR', 2, 2, 1, 0, 1, 1, 0, 0, 0, 15, 1, 1),
(883, 'LP-RN1002A', 'LP-RN1002A', 'MANIJA LEVANTALUNA RENAULT LOGAN 2004-2012(NEGRO)', 2, 2, 1, 0, 1, 1, 0, 0, 0, 10, 1, 1),
(884, 'LP-RN2005A-LH', 'LP-RN2005A', 'MANIJA PTA.INT.RENAULT CILO 05-12/KANGOO 08-C/MASTER 10-C/MEGANE 02-08/MODUS 04-12 / TWINGO 07', 2, 2, 1, 0, 1, 1, 0, 0, 0, 10, 1, 1),
(885, 'LP-RN2005A-RH', 'LP-RN2005B', 'MANIJA PTA.INT.RENAULT CILO 05-12/KANGOO 08-C/MASTER 10-C/MEGANE 02-08/MODUS 04-12 / TWINGO 07', 2, 2, 1, 0, 1, 1, 0, 0, 0, 10, 1, 1),
(886, 'LP-RN2508A-MR', 'LP-RN2508A', 'MANIJA INT.PTA CORREDIZA (INTERSTAR)2011 RENAULT MASTER 2010', 2, 2, 1, 0, 1, 1, 0, 0, 0, 15, 1, 1),
(887, 'LP-RN3505A-MR', 'LP-RN3505A', 'MANIJA EXT.PTA.CORREDIZA RENULT MASTER 2003-10 MR', 2, 2, 1, 0, 1, 1, 0, 0, 0, 25, 1, 1),
(888, 'LP-RN3505A-TG', 'LP-RN3505', 'MANIJA .EXT.PTA DELANT.NISSAN RENAUL MASTER 2003-10 TG', 2, 2, 1, 0, 1, 1, 0, 0, 0, 23, 1, 1),
(889, 'LP-RN3505ZA-1M', 'LP-RN3505Z', 'MANIJA PTA.EXT.CORREDIZA  RENAUTL MASTER 2003-10 METAL  1M', 2, 2, 1, 0, 1, 1, 0, 0, 0, 20, 1, 1),
(890, 'LP-RN3508A', 'LP-RN3508A', 'MANIJA PTA.EXT RENAULT MASTER 2010', 2, 2, 1, 0, 1, 1, 0, 0, 0, 30, 1, 1),
(891, 'LP-SK2063A-LH', 'LP-SK2063A', 'MANIJA INTERIOR SUSUKI VITARA NEGRO', 2, 2, 1, 0, 1, 1, 0, 0, 0, 0, 1, 1),
(892, 'LP-SK2063A-RH', 'LP-SK2063B', 'MANIJA INTERIOR SUSUKI VITARA NEGRO', 2, 2, 1, 0, 1, 1, 0, 0, 0, 10, 1, 1),
(893, 'LP-SK2063G-LH', 'LP-SK2063G', 'MANIJA INTERIOR SUSUKI VITARA GRIS', 2, 2, 1, 0, 1, 1, 0, 0, 0, 10, 1, 1),
(894, 'LP-SK2063G-RH', 'LP-SK2063H', 'MANIJA INTERIOR SUSUKI VITARA GRIS', 2, 2, 1, 0, 1, 1, 0, 0, 0, 10, 1, 1),
(895, 'LP-SK2228MG-LH', 'LP-SK2228M', 'MANIJA INT.SUZUKI AERIO 2002...CROMADO', 2, 2, 1, 0, 1, 1, 0, 0, 0, 10, 1, 1),
(896, 'LP-SK2228MG-RH', 'LP-SK2228N', 'MANIJA INT.SUZUKI AERIO 2002...CROMADO', 2, 2, 1, 0, 1, 1, 0, 0, 0, 10, 1, 1),
(897, 'LP-SK2565G-LH', 'LP-SK2565G', 'MANIJA INT.SUSUKI(ALTO) GRAN  VITARA LH', 2, 2, 1, 0, 1, 1, 0, 0, 0, 10, 1, 1),
(898, 'LP-SK2565G-RH', 'LP-SK2565H', 'MANIJA INT.SUSUKI(ALTO) GRAN  VITARA RH', 2, 2, 1, 0, 1, 1, 0, 0, 0, 10, 1, 1),
(899, 'LP-SK2567G-LH', 'LP-SK2567G', 'MANIJA INTERIOR SUSUKI SWIFT CULTUS 94-01   ', 2, 2, 1, 0, 1, 1, 0, 0, 0, 10, 1, 1),
(900, 'LP-SK2567G-RH', 'LP-SK2567H', 'MANIJA INTERIOR SUSUKI SWIFT CULTUS 94-01   ', 2, 2, 1, 0, 1, 1, 0, 0, 0, 10, 1, 1),
(901, 'LP-SK2568G-LH', 'LP-SK2568G', 'MANIJA INTERIOR SUSUKI SWIFT CULTUS 88-94 ', 2, 2, 1, 0, 1, 1, 0, 0, 0, 10, 1, 1),
(902, 'LP-SK2568G-RH', 'LP-SK2568H', 'MANIJA INTERIOR SUSUKI SWIFT CULTUS 88-94', 2, 2, 1, 0, 1, 1, 0, 0, 0, 10, 1, 1),
(903, 'LP-SK3001-TL', 'LP-SK3001T', 'MANIJA DE COMPUERTA MALETERA  SUSUKI APV 2004 TL', 2, 2, 1, 0, 1, 1, 0, 0, 0, 15, 1, 1),
(904, 'LP-SK3135A-FL', 'LP-SK3135A', 'MANIJA EXT.PTA.DELANT.DAEWO DAMAS', 2, 2, 1, 0, 1, 1, 0, 0, 0, 15, 1, 1),
(905, 'LP-SK3135A-FR', 'LP-SK3135B', 'MANIJA EXT.PTA.DELANT.DAEWO DAMAS', 2, 2, 1, 0, 1, 1, 0, 0, 0, 15, 1, 1),
(906, 'LP-SK3145A-ML', 'LP-SK3145A', 'MANIJA EXT.PTA POST.CORREDIZA DAEWO DAMAS ', 2, 2, 1, 0, 1, 1, 0, 0, 0, 5, 1, 1),
(907, 'LP-SK3145A-MR', 'LP-SK3145B', 'MANIJA EXT.PTA POST.CORREDIZA DAEWO DAMAS ', 2, 2, 1, 0, 1, 1, 0, 0, 0, 5, 1, 1),
(908, 'LP-SK3169A-ML', 'LP-SK3169A', 'MANIJA EXT.PTA CORREDIZA SUSUKI EVERY/CARRY', 2, 2, 1, 0, 1, 1, 0, 0, 0, 13, 1, 1),
(909, 'LP-SK3169A-MR', 'LP-SK3169B', 'MANIJA EXT.PTA CORREDIZA SUSUKI EVERY/CARRY', 2, 2, 1, 0, 1, 1, 0, 0, 0, 13, 1, 1),
(910, 'LP-SK3230A-FL', 'LP-SK3230A', 'MANIJA EXT.PTA DELANT SUSUKI BALENO FL ', 2, 2, 1, 0, 1, 1, 0, 0, 0, 10, 1, 1),
(911, 'LP-SK3230A-FR', 'LP-SK3230B', 'MANIJA EXT.PTA DELANT SUSUKI BALENO FR', 2, 2, 1, 0, 1, 1, 0, 0, 0, 10, 1, 1),
(912, 'LP-SK3230A-RL', 'LP-SK3230C', 'MANIJA EXT.PTA POST.SUSUKI BALENO RL', 2, 2, 1, 0, 1, 1, 0, 0, 0, 10, 1, 1),
(913, 'LP-SK3230A-RR', 'LP-SK3230D', 'MANIJA EXT.PTA POST.SUSUKI BALENO RR', 2, 2, 1, 0, 1, 1, 0, 0, 0, 10, 1, 1),
(914, 'LP-SK3235A-LH', 'LP-SK3235A', 'MANIJA.EXT.PTA DELANT.SUSUKI APV-04/ALTO NEGRO CLARO LH', 2, 2, 1, 0, 1, 1, 0, 0, 0, 25, 1, 1),
(915, 'LP-SK3235A-RH', 'LP-SK3235B', 'MANIJA.EXT.PTA DELANT.SUSUKI APV-04/ALTO NEGRO CLARO RH', 2, 2, 1, 0, 1, 1, 0, 0, 0, 10, 1, 1),
(916, 'LP-TY1003G', 'LP-TY1003G', 'MANIJA LEVANTALUNA TOYOTA YARIS 99....', 2, 2, 1, 0, 1, 1, 0, 0, 0, 250, 1, 1),
(917, 'LP-TY1021G', 'LP-TY1021G', 'MANIJA LEVANTALUNA TY HILUX VIGO 05-YARIS 2007-2012 GRIS', 2, 2, 1, 0, 1, 1, 0, 0, 0, 5, 1, 1),
(918, 'LP-TY1093G', 'LP-TY1093G', 'MANIJA LEVANTALUNA TY CAMRY 97-2001 GRIS', 2, 2, 1, 0, 1, 1, 0, 0, 0, 240, 1, 1),
(919, 'LP-TY2004G-LH', 'LP-TY2004G', 'MANIJA INTERIOR TOYOTA YARIS 07-12 LH', 2, 2, 1, 0, 1, 1, 0, 0, 0, 50, 1, 1),
(920, 'LP-TY2004G-RH', 'LP-TY2004H', 'MANIJLA INTERIOR TOYOTA YARIS 07-12 RH', 2, 2, 1, 0, 1, 1, 0, 0, 0, 50, 1, 1),
(921, 'LP-TY2008A-LH', 'LP-TY2008A', 'MANIJA INTERIOR TOYOTA AVANZA 2012-C NEGRO', 2, 2, 1, 0, 1, 1, 0, 0, 0, 10, 1, 1),
(922, 'LP-TY2008A-RH', 'LP-TY2008B', 'MANIJA INTERIOR TOYOTA AVANZA 2012-C NEGRO', 2, 2, 1, 0, 1, 1, 0, 0, 0, 10, 1, 1),
(923, 'LP-TY2008MA-LH', 'LP-TY2008M', 'MANIJA INT.TOYOTA AVANZA 2012 -C CROMADO C/NEGRO', 2, 2, 1, 0, 1, 1, 0, 0, 0, 22, 1, 1),
(924, 'LP-TY2008MA-RH', 'LP-TY2008N', 'MANIJA INT.TOYOTA AVANZA 2012 -C CROMADO C/NEGRO', 2, 2, 1, 0, 1, 1, 0, 0, 0, 22, 1, 1),
(925, 'LP-TY2523G-LH', 'LP-TY2523G', 'MANIJA INT.TOY.COROLLA AUTO 93-97 TURING GRIS', 2, 2, 1, 0, 1, 1, 0, 0, 0, 40, 1, 1),
(926, 'LP-TY2523G-RH', 'LP-TY2523H', 'MANIJA INT.TOY.COROLLA AUTO 93-97 TURING GRIS', 2, 2, 1, 0, 1, 1, 0, 0, 0, 40, 1, 1),
(927, 'LP-TY2546A-LH', 'LP-TY2546A', 'MANIJA INT.TOYOTA COROLLA AE110 95-02 NEGRO', 2, 2, 1, 0, 1, 1, 0, 0, 0, 50, 1, 1),
(928, 'LP-TY2546A-RH', 'LP-TY2546B', 'MANIJA INT.TOYOTA COROLLA AE110 95-02 NEGRO', 2, 2, 1, 0, 1, 1, 0, 0, 0, 50, 1, 1),
(929, 'LP-TY2546G-LH', 'LP-TY2546G', 'MANIJA INT.TOYOTA COROLLA AE110 95-02 GRIS', 2, 2, 1, 0, 1, 1, 0, 0, 0, 50, 1, 1),
(930, 'LP-TY2546G-RH', 'LP-TY2546H', 'MANIJA INT.TOYOTA COROLLA AE110 95-02 GRIS', 2, 2, 1, 0, 1, 1, 0, 0, 0, 50, 1, 1),
(931, 'LP-TY2560G-LH', 'LP-TY2560L', 'MANIJA INT.DELANT TOYOTA HIACE 90-03', 2, 2, 1, 0, 1, 1, 0, 0, 0, 50, 1, 1),
(932, 'LP-TY2560G-RH', 'LP-TY2560R', 'MANIJA INT.DELANT TOYOTA HIACE 90-03', 2, 2, 1, 0, 1, 1, 0, 0, 0, 50, 1, 1),
(933, 'LP-TY2565G-RR', 'LP-TY2565G', 'MANIJA INT.DE PUERTA CORREDIZA TOYOTA HIACE 2005 GRIS RR', 2, 2, 1, 0, 1, 1, 0, 0, 0, 48, 1, 1),
(934, 'LP-TY2574G-LH', 'LP-TY2574G', 'MANIJA INT.TOYOTA CALDINA/CORONA 94-97 GRIS LH', 2, 2, 1, 0, 1, 1, 0, 0, 0, 23, 1, 1),
(935, 'LP-TY2574G-RH', 'LP-TY2574H', 'MANIJA INT.TOYOTA CALDINA/CORONA 94-97 GRIS RH', 2, 2, 1, 0, 1, 1, 0, 0, 0, 22, 1, 1),
(936, 'LP-TY2575G-LH', 'LP-TY2575G', 'MANIJA INT.TOYOTA CORONA PREMIO 98-01 GRIS ', 2, 2, 1, 0, 1, 1, 0, 0, 0, 15, 1, 1),
(937, 'LP-TY2575G-RH', 'LP-TY2575H', 'MANIJA INT.TOYOTA CORONA PREMIO 98-01 GRIS ', 2, 2, 1, 0, 1, 1, 0, 0, 0, 15, 1, 1),
(938, 'LP-TY2579G-MR', 'LP-TY2579G', 'MANIJA INT.PTA CORREDIZA TOY.HIACE 2L 85-89 GRIS MR', 2, 2, 1, 0, 1, 1, 0, 0, 0, 10, 1, 1),
(939, 'LP-3105 L          ', 'LP-3105 L          ', 'MANIJA EXT.PTA.DELANTERO TOYOTA HILUX RN85 89-95                      ', 2, 2, 1, 0, 1, 1, 0, 0, 0, 25, 1, 1),
(940, 'LP-31050R     ', 'LP-31050R     ', 'MANIJA EXT.PTA.POSTERIOR TOYOTA HILUX RN85 89-95                      ', 2, 2, 1, 0, 1, 1, 0, 0, 0, 25, 1, 1),
(941, 'LP-TY3115A-FL', 'LP-TY3115A', 'MANIJA EXT.DELANTERA TOYOTA HIACE 2L 85-89 FL', 2, 2, 1, 0, 1, 1, 0, 0, 0, 18, 1, 1),
(942, 'LP-TY3115A-FR', 'LP-TY3115B', 'MANIJA EXT.DELANTERA TOYOTA HIACE 2L 85-89 FR', 2, 2, 1, 0, 1, 1, 0, 0, 0, 18, 1, 1),
(943, 'LP-TY3115A-M', 'LP-TY3115M', 'MANIJA EXT.PTA CORREDIZA TOYOTA HIACE 2L 85-89 A-M', 2, 2, 1, 0, 1, 1, 0, 0, 0, 15, 1, 1),
(944, 'LP-TY3138A-FL', 'LP-TY3138A', 'MANIJA EXT.PTA DELANT.TOYOTA DYNA 93...FL', 2, 2, 1, 0, 1, 1, 0, 0, 0, 15, 1, 1),
(945, 'LP-TY3138A-FR', 'LP-TY3138B', 'MANIJA EXT.PTA DELANT.TOYOTA DYNA 93...FR', 2, 2, 1, 0, 1, 1, 0, 0, 0, 15, 1, 1),
(946, 'LP-TY3139A-FL', 'LP-TY3139A', 'MANIJA EXT.PTA DELANT.TOYOTA DYNA 85-89 FL', 2, 2, 1, 0, 1, 1, 0, 0, 0, 15, 1, 1),
(947, 'LP-TY3139A-FR', 'LP-TY3139B', 'MANIJA EXT.PTA DELANT.TOYOTA DYNA 85-89 FR', 2, 2, 1, 0, 1, 1, 0, 0, 0, 15, 1, 1),
(948, 'LP-TY3155A-FL', 'LP-TY3155A', 'MANIJA EXT DELANTERA TOYOTA COROLLA AE-90 88 FL', 2, 2, 1, 0, 1, 1, 0, 0, 0, 10, 1, 1),
(949, 'LP-TY3155A-FR', 'LP-TY3155B', 'MANIJA EXT DELANTERA TOYOTA COROLLA AE-90 88 FR', 2, 2, 1, 0, 1, 1, 0, 0, 0, 10, 1, 1),
(950, 'LP-TY3155A-RL', 'LP-TY3155C', 'MANIJA EXT POSTERIOR TOYOTA COROLLA AE-90 88 RL', 2, 2, 1, 0, 1, 1, 0, 0, 0, 10, 1, 1),
(951, 'LP-TY3155A-RR', 'LP-TY3155D', 'MANIJA EXT POSTERIOR TOYOTA COROLLA AE-90 88 RR', 2, 2, 1, 0, 1, 1, 0, 0, 0, 10, 1, 1),
(952, 'LP-TY3176S-FL', 'LP-TY3176S', 'MANIJA EXT.PTA DELANT TOYOTA CAMRY 92-96 NEGRO FL', 2, 2, 1, 0, 1, 1, 0, 0, 0, 10, 1, 1),
(953, 'LP-TY3180A-FL', 'LP-TY3180', '\"MANIJA EXT.PTA.DELANT.TY.H.VIGO,ALTIS YARIS,CAMRY 06-12 FL\"', 2, 2, 1, 0, 1, 1, 0, 0, 0, 10, 1, 1),
(954, 'LP-TY3180A-FRK', 'LP-TY3180A', '\"MANIJA EXT.PTA.DELANT.TY.H.VIGO,ALTIS YARIS,CAMRY 06-12 FRK\"', 2, 2, 1, 0, 1, 1, 0, 0, 0, 10, 1, 1),
(955, 'LP-TY3180A-RER', 'LP-TY3180E', '\"MANIJA EXT.POST.TY.HIGHLAN.01-07/CAMRY,VIGO, YARIS 06-12(L=R)\"', 2, 2, 1, 0, 1, 1, 0, 0, 0, 30, 1, 1),
(956, 'LP-TY3191A-TG', 'LP-TY3191A', 'MANIJA DE TOLVA TOYOTA HILUX  NEGRO VIGO 05 A-TG', 2, 2, 1, 0, 1, 1, 0, 0, 0, 18, 1, 1),
(957, 'LP-TY3191M-TG', 'LP-TY3191M', 'MANIJA DE TOLVA TOYOTA HILUX  CROMADO VIGO 05 M-TG', 2, 2, 1, 0, 1, 1, 0, 0, 0, 192, 1, 1),
(958, 'LP-TY3192A-FL', 'LP-TY3192A', 'MANIJA EXT.DELANT.TOYOTA CORONA 88-92 NEGRO FL', 2, 2, 1, 0, 1, 1, 0, 0, 0, 20, 1, 1),
(959, 'LP-TY3192A-FR', 'LP-TY3192B', 'MANIJA EXT.DELANT.TOYOTA CORONA 88-92 NEGRO FR ', 2, 2, 1, 0, 1, 1, 0, 0, 0, 20, 1, 1),
(960, 'LP-TY3192A-RL', 'LP-TY3192L', 'MANIJA EXT.POST.TOYOTA CORONA 88-92 NEGRO RL', 2, 2, 1, 0, 1, 1, 0, 0, 0, 20, 1, 1),
(961, 'LP-TY3192A-RR', 'LP-TY3192R', 'MANIJA EXT.POST.TOYOTA CORONA 88-92 NEGRO RR', 2, 2, 1, 0, 1, 1, 0, 0, 0, 20, 1, 1),
(962, 'LP-TY3196S-FL', 'LP-TY3196S', 'MANILLA EXTERIOR DELANT.TOYOTA CORONA PREMIO 98-01FL', 2, 2, 1, 0, 1, 1, 0, 0, 0, 15, 1, 1),
(963, 'LP-TY3196S-FR', 'LP-TY3196Z', 'MANILLA EXTERIOR DELANT.TOYOTA CORONA PREMIO 98-01FR', 2, 2, 1, 0, 1, 1, 0, 0, 0, 15, 1, 1),
(964, 'LP-TY3196S-RL', 'LP-TY3196L', 'MANILLA EXTERIOR POST.TOYOTA CORONA PREMIO 98-01 RL', 2, 2, 1, 0, 1, 1, 0, 0, 0, 15, 1, 1),
(965, 'LP-TY3196S-RR', 'LP-TY3196R', 'MANILLA EXTERIOR POST.TOYOTA CORONA PREMIO 98-01 RR', 2, 2, 1, 0, 1, 1, 0, 0, 0, 15, 1, 1),
(966, 'LP-3197AL     ', 'LP-C791L', 'MANIJA EXT.PTA.DELANTERO TOYOTA COROLLA AE110 96-01                   ', 2, 2, 1, 0, 1, 1, 0, 0, 0, 50, 1, 1),
(967, 'LP-TY3197A-RL', 'LP-TY3197A', 'MANIJA EXT.PTA.POST.TOYOTA COROLLA AE110 96-01 NEGRO RL                  ', 2, 2, 1, 0, 1, 1, 0, 0, 0, 50, 1, 1),
(968, 'LP-TY3197A-RR', 'LP-TY3197B', 'MANIJA EXT.PTA.POST.TOYOTA COROLLA AE110 96-01 NEGRO RR                  ', 2, 2, 1, 0, 1, 1, 0, 0, 0, 50, 1, 1),
(969, 'LP-TY3215A-FL', 'LP-TY3215A', 'MANIJA.EXT.DELANT.TOYOTA HIACE 3L 90-03 FL ', 2, 2, 1, 0, 1, 1, 0, 0, 0, 50, 1, 1),
(970, 'LP-TY3215A-FR', 'LP-TY3215B', 'MANIJA.EXT.DELANT.TOYOTA HIACE 3L 90-03 FR ', 2, 2, 1, 0, 1, 1, 0, 0, 0, 50, 1, 1),
(971, 'LP-TY3215A-ML', 'LP-TY3215L', 'MANIJA EXTERIOR PTA CORREDIZA TOY.HIACE 3L 90-97 ML', 2, 2, 1, 0, 1, 1, 0, 0, 0, 40, 1, 1),
(972, 'LP-TY3215A-MR', 'LP-TY3215R', 'MANIJA EXTERIOR PTA CORREDIZA TOY.HIACE 3L 90-97 MR ', 2, 2, 1, 0, 1, 1, 0, 0, 0, 75, 1, 1),
(973, 'LP-TY3215-TL', 'LP-TY3215T', 'GATILLO DE COMPUERTA TOYOTA HIACE 3L 90-04 TL', 2, 2, 1, 0, 1, 1, 0, 0, 0, 48, 1, 1),
(974, 'LP-32171 R          ', 'LP-32171 R          ', 'MANIJA EXT.PTA.DELANTERO TOYOTA HIACE 2005..                          ', 2, 2, 1, 0, 1, 1, 0, 0, 0, 25, 1, 1),
(975, 'LP-TY3217A-MR', 'LP-TY3217A', 'MANIJA EXT.PTA.CORREDIZA TOYOTA HIACE 2005 MR                 ', 2, 2, 1, 0, 1, 1, 0, 0, 0, 50, 1, 1),
(976, 'LP-TY3217M-FL', 'LP-TY3217M', 'MANIJA EXT.PTA.DELANTERO TOYOTA HIACE 2005...CROMO FL        ', 2, 2, 1, 0, 1, 1, 0, 0, 0, 25, 1, 1),
(977, 'LP-TY3217M-FR', 'LP-TY3217N', 'MANIJA EXT.PTA.DELANTERO TOYOTA HIACE 2005...CROMO FR      ', 2, 2, 1, 0, 1, 1, 0, 0, 0, 25, 1, 1),
(978, 'LP-TY3240A-FL', 'LP-TY3240A', 'MANIJA EXT.PUERTA DELANTERA TOYOTA DYNA FL', 2, 2, 1, 0, 1, 1, 0, 0, 0, 15, 1, 1),
(979, 'LP-TY3240A-FR', 'LP-TY3240B', 'MANIJA EXT.PUERTA DELANTERA TOYOTA DYNA FR', 2, 2, 1, 0, 1, 1, 0, 0, 0, 15, 1, 1),
(980, 'LP-TY3412A-FL', 'LP-TY3412A', 'MANIJA EXT.DELANT.HILUX REVO 2015 2015 FL', 2, 2, 1, 0, 1, 1, 0, 0, 0, 15, 1, 1),
(981, 'LP-TY3412A-RER', 'LP-TY3412E', 'MANIJA EXT.POST.HILUX REVO 15 (RH=LH)', 2, 2, 1, 0, 1, 1, 0, 0, 0, 15, 1, 1),
(982, 'LP-TY3412M-FL', 'LP-TY3412M', 'MANIJA EXT.DELANT.HILUX REVO 2015 2015 CROMO M-FL', 2, 2, 1, 0, 1, 1, 0, 0, 0, 20, 1, 1),
(983, 'LP-TY3412M-RER', 'LP-TY3412N', 'MANIJA EXT.POST.HILUX REVO 15 CROMADO (RH=LH)', 2, 2, 1, 0, 1, 1, 0, 0, 0, 25, 1, 1),
(984, 'LP-TY4143', 'LP-TY4143', 'CHAPA DE PTA MALETERA TOYOTA COROLLA AE100 SW 88-91', 2, 2, 1, 0, 1, 1, 0, 0, 0, 13, 1, 1),
(985, 'LP-TY4163-LHD', 'LP-TY4163D', 'CHAPA DE CAPOT TOYOTA HILUX  2005-12 LHD', 2, 2, 1, 0, 1, 1, 0, 0, 0, 32, 1, 1),
(986, 'LP-TY4167-LHD', 'LP-TY4167', 'CHAPA DE CAPOT TOYOTA HILUX  89-98 LHD', 2, 2, 1, 0, 1, 1, 0, 0, 0, 50, 1, 1),
(987, 'LP-TY4186', 'LP-TY4186', 'CHAPA DE PUERTA MALETERA TOYOTA COROLLA AE100 93-97', 2, 2, 1, 0, 1, 1, 0, 0, 0, 17, 1, 1),
(988, 'LP-TY4187', 'LP-TY4187', 'CHAPA DE PUERTA MALETERA TOYOTA COROLLA 88-92', 2, 2, 1, 0, 1, 1, 0, 0, 0, 20, 1, 1),
(989, 'LP-TY4188', 'LP-TY4188', 'CHAPA DE PUERTA MALETERA AUTO TOYOTA COROLLA 98-01', 2, 2, 1, 0, 1, 1, 0, 0, 0, 20, 1, 1),
(990, 'LP-TY4207-LHD', 'LP-TY4207', 'CHAPA DE CAPOT TOYOTA COROLLA  EE90 88-92 ', 2, 2, 1, 0, 1, 1, 0, 0, 0, 20, 1, 1),
(991, 'LP-TY4215', 'LP-TY4215', 'CHAPA DE PUERTA MALETERA TOYOTA CORONA 94-97', 2, 2, 1, 0, 1, 1, 0, 0, 0, 15, 1, 1),
(992, 'LP-TY4218', 'LP-TY4218', 'CHAPA PUERTA MALETERA TOYOTA HIACE 2L 85-89', 2, 2, 1, 0, 1, 1, 0, 0, 0, 30, 1, 1),
(993, 'LP-TY4235-LHD', 'LP-TY4235', 'CHAPA DE CAPOT TOYOTA COROLLA AE110 AUTO 98-02 LHD', 2, 2, 1, 0, 1, 1, 0, 0, 0, 20, 1, 1),
(994, 'LP-TY4243-LHD', 'LP-TY4243', 'CHAPA DE CAPOT TOYOTA COROLLA AE100 93-97 ', 2, 2, 1, 0, 1, 1, 0, 0, 0, 45, 1, 1),
(995, 'LP-TY4249', 'LP-TY4249', 'CHAPA DE PUERTA MALETERA AUTO TOYOTA TERCEL 95-00', 2, 2, 1, 0, 1, 1, 0, 0, 0, 40, 1, 1),
(996, 'LP-TY4250', 'LP-TY4250', 'CHAPA DE PUERTA MALETERA TOYOTA HIACE 3L 90-97 ', 2, 2, 1, 0, 1, 1, 0, 0, 0, 40, 1, 1),
(997, 'LP-TY5084M-FL', 'LP-TY5084M', 'CREMALLERA LEVANTALUNA TOYOTA HIACE 2L 85-89 FL', 2, 2, 1, 0, 1, 1, 0, 0, 0, 13, 1, 1),
(998, 'LP-TY5084M-FR', 'LP-TY5084N', 'CREMALLERA LEVANTALUNA TOYOTA HIACE 2L 85-89 FR', 2, 2, 1, 0, 1, 1, 0, 0, 0, 10, 1, 1),
(999, 'LP-TY5207A-GE', 'LP-TY5207A', 'TROMPITO PARA CREMALLERA LEVANTALUNA TOYOTA GE', 2, 2, 1, 0, 1, 1, 0, 0, 0, 10, 1, 1),
(1000, 'LP-TY5218M-FL', 'LP-TY5218M', 'CREMALLERA LENTANT.TOYOTA HIACE 2005 FL', 2, 2, 1, 0, 1, 1, 0, 0, 0, 10, 1, 1),
(1001, 'LP-TY5218M-FR', 'LP-TY5218N', 'CREMALLERA LENTANT.TOYOTA HIACE 2005 FR', 2, 2, 1, 0, 1, 1, 0, 0, 0, 10, 1, 1),
(1002, 'LP-TY5265M-FL', 'LP-TY5265M', 'CREMALLERA LEVANT TOYOTA HILUX DLTERA FL 1990-1996 FL', 2, 2, 1, 0, 1, 1, 0, 0, 0, 5, 1, 1),
(1003, 'LP-TY5265M-FR', 'LP-TY5265N', 'CREMALLERA LEVANT TOYOTA HILUX DLTERA FL 1990-1996 FR', 2, 2, 1, 0, 1, 1, 0, 0, 0, 17, 1, 1),
(1004, 'LP-TY5278M-FL', 'LP-TY5278M', 'CREMALLERA LEVANTALUNA TOYOTA HIAC3L 90-99 FL', 2, 2, 1, 0, 1, 1, 0, 0, 0, 6, 1, 1),
(1005, 'LP-TY5278M-FR', 'LP-TY5278N', 'CREMALLERA LEVANTALUNA TOYOTA HIAC3L 90-99 FR  ', 2, 2, 1, 0, 1, 1, 0, 0, 0, 8, 1, 1),
(1006, 'LP-TY6004-LH', 'LP-TY6004L', 'BISAGRA DE CAPOT TOYOTA COROLLA AE110 98-02 ', 2, 2, 1, 0, 1, 1, 0, 0, 0, 39, 1, 1),
(1007, 'LP-TY6004-RH', 'LP-TY6004R', 'BISAGRA DE CAPOT TOYOTA COROLLA AE110 98-02 ', 2, 2, 1, 0, 1, 1, 0, 0, 0, 39, 1, 1),
(1008, 'LP-TY6017-LH', 'LP-TY6017L', 'BISAGRA DE CAPOT TOYOTA Hilux 98-05', 2, 2, 1, 0, 1, 1, 0, 0, 0, 24, 1, 1),
(1009, 'LP-TY6017-RH', 'LP-TY6017R', 'BISAGRA DE CAPOT TOYOTA Hilux 98-05', 2, 2, 1, 0, 1, 1, 0, 0, 0, 24, 1, 1),
(1010, 'LP-TY6035-LH', 'LP-TY6035L', 'BISAGRA DE CAPOT TOYOTA TERCEL 95-01 LH', 2, 2, 1, 0, 1, 1, 0, 0, 0, 15, 1, 1),
(1011, 'LP-TY6035-RH', 'LP-TY6035R', 'BISAGRA DE CAPOT TOYOTA TERCEL 95-01 RH', 2, 2, 1, 0, 1, 1, 0, 0, 0, 12, 1, 1),
(1012, 'LP-TY6037-LH', 'LP-TY6037L', 'BISAGRA DE CAPOT TOYOTA YARIS 2007-2012 LH', 2, 2, 1, 0, 1, 1, 0, 0, 0, 40, 1, 1),
(1013, 'LP-TY6037-RH', 'LP-TY6037R', 'BISAGRA DE CAPOT TOYOTA YARIS 2007-2012 RH', 2, 2, 1, 0, 1, 1, 0, 0, 0, 40, 1, 1),
(1014, 'LP-TY6163-LH', 'LP-TY6163L', 'BISAGRA DE CAPOT TOYOTA  HILUX VIGO  2005-2013 LH', 2, 2, 1, 0, 1, 1, 0, 0, 0, 40, 1, 1),
(1015, 'LP-TY6163-RH', 'LP-TY6163R', 'BISAGRA DE CAPOT TOYOTA  HILUX VIGO  2005-2013 RH', 2, 2, 1, 0, 1, 1, 0, 0, 0, 40, 1, 1),
(1016, 'LP-TY6217-LH', 'LP-TY6217L', 'BISAGRA DE CAPOT TOYOTA HIACE 5L 2005-2014 LH', 2, 2, 1, 0, 1, 1, 0, 0, 0, 40, 1, 1),
(1017, 'LP-TY6217-RH', 'LP-TY6217R', 'BISAGRA DE CAPOT TOYOTA HIACE 5L 2005-2014 RH', 2, 2, 1, 0, 1, 1, 0, 0, 0, 40, 1, 1),
(1018, 'LP-TY7054-FL', 'LP-TY7054L', 'CHAPA DE PUERTA DELANTERA TOYOTA HILUX 89/95 FL', 2, 2, 1, 0, 1, 1, 0, 0, 0, 48, 1, 1),
(1019, 'LP-TY7054-FR', 'LP-TY7054R', 'CHAPA DE PUERTA DELANTERA TOYOTA HILUX 89/95 FR', 2, 2, 1, 0, 1, 1, 0, 0, 0, 48, 1, 1),
(1020, 'LP-TYB032G', 'LP-TYB032G', 'MANIJA DE GUANTERA TOYOTA COROLLA AE100 93-97 GRIS', 2, 2, 1, 0, 1, 1, 0, 0, 0, 470, 1, 1),
(1021, 'LP-TYC001A', 'LP-TYC001A', 'MANIJA DE PUERTA TOLVA TOYOTA HILUX GANCHO( NEGRO)', 2, 2, 1, 0, 1, 1, 0, 0, 0, 45, 1, 1),
(1022, 'LP-TYC001Y', 'LP-TYC001Y', 'MANIJA DE PUERTA TOLVA TOYOTA HILUX GANCHO', 2, 2, 1, 0, 1, 1, 0, 0, 0, 50, 1, 1),
(1023, 'LP-3100AL', 'LP-3100AL', 'MANIJA EXTERIOR DE DAEWOO TICO', 2, 2, 1, 0, 1, 1, 0, 0, 0, 105, 1, 1),
(1024, 'LP-2004ARL', 'LP-2004ARL', 'MANIJA INT.PTA POST KIA PICANTO 11-C NEGRO ', 2, 2, 1, 0, 1, 1, 0, 0, 0, 33, 1, 1),
(1025, 'LP-3230MFR', 'LP-3230MFR', 'MANIJA EXT.PTA DELANT MITSUB.LANCER MIRAGE 97-02 CROMO', 2, 2, 1, 0, 1, 1, 0, 0, 0, 15, 1, 1),
(1026, 'LP-SW6', 'CM05-SW2', 'FARO NEBLINERO SUZUKI SWIFT 2005 (SETX2)', 1, 1, 1, 0, 1, 1, 0, 0, 0, 10, 1, 1),
(1027, 'LP-CO6', 'CM14-TC4', 'FARO NEBLINERO PARACHOQUE TOYOTA COROLLA 2014 (SETL/R)', 1, 1, 1, 0, 1, 1, 0, 0, 0, 10, 1, 1),
(1028, 'LP-SC2', 'CM11-SZA2', 'FARO NEBLINERO SUZUKI ALTO CELERIO 2010 (SETX2)', 1, 1, 1, 0, 1, 1, 0, 0, 0, 25, 1, 1),
(1181, 'LP-SAL10', 'LP-SAL10', 'FARO NEBLI.CHEV.SAIL 2010-2014(SET2) KIT COMP', 1, 1, 1, 0, 1, 1, 0, 0, 0, 40, 1, 1),
(1182, 'LP-SP14', 'LP-SP14', 'FARO NEBLI.CHEV. SPARK 2005 (SET2)(SET2) KIT COMP', 1, 1, 1, 0, 1, 1, 0, 0, 0, 25, 1, 1),
(1183, 'LP-EL8', 'LP-EL8', 'FARO NEBLI.HY ELANTRA 2017...(SETX2)(KIT COMPL)', 1, 1, 1, 0, 1, 1, 0, 0, 0, 15, 1, 1),
(1184, 'LP-EL6', 'LP-EL6', 'FARO NEBLI.HY ELANTRA 2014-2016 (SETX2)(KIT COMPL)', 1, 1, 1, 0, 1, 1, 0, 0, 0, 35, 1, 1),
(1185, 'LP-EL4A', 'LP-EL4A', 'FARO NEBLI.HY ELANTRA 2011-2013 (SETX2)(KIT COMPL)', 1, 1, 1, 0, 1, 1, 0, 0, 0, 35, 1, 1),
(1186, 'LP-AC4A', 'LP-AC4A', 'FARO NEBLI.PARACH. HY ACCENT 2011-2017(SET2)(KIT COMP)', 1, 1, 1, 0, 1, 1, 0, 0, 0, 50, 1, 1),
(1187, 'LP-TU6', 'LP-TU6', 'FARO NEBLI.PARACH.HY TUCSON 2014-2015 (SETX2)(KIT COMP)', 1, 1, 1, 0, 1, 1, 0, 0, 0, 15, 1, 1),
(1188, 'LP-I108', 'LP-I108', 'FARO NEBLI.PARACH.HY.GRAND I10 2018 (SETX2)(KIT COMP)', 1, 1, 1, 0, 1, 1, 0, 0, 0, 15, 1, 1),
(1189, 'LP-I104D', 'LP-I104D', 'FARO NEBLI.PARACH. HY I10 2012(SET2)(KIT COMP)', 1, 1, 1, 0, 1, 1, 0, 0, 0, 15, 1, 1),
(1190, 'LP-H12D', 'LP-H12D', 'FARO NEBLI.PARACH. HY H1(SET2)(KIT COMP)   ', 1, 1, 1, 0, 1, 1, 0, 0, 0, 35, 1, 1),
(1191, 'LP-SG2D', 'LP-SG2D', 'FARO NEBLI.KIA SPORTAGE 2005 (SETX2)(KIT COMP)', 1, 1, 1, 0, 1, 1, 0, 0, 0, 20, 1, 1),
(1192, 'LP-RI4H', 'LP-RI4H', 'FARO NEBLI.KIA RIO HATCHBAC 2012 (SET2)(KIT COMP)', 1, 1, 1, 0, 1, 1, 0, 0, 0, 10, 1, 1),
(1193, 'LP-CE4D', 'LP-CE4D', 'FARO NEBLI.KIA CERATO  2013 (SETX2)(KIT COMP)', 1, 1, 1, 0, 1, 1, 0, 0, 0, 20, 1, 1),
(1194, 'LP-PI6', 'LP-PI6', 'FARO NEBLI.KIA PICANTO 2015-2016(SETX2)(KIT COMP)', 1, 1, 1, 0, 1, 1, 0, 0, 0, 15, 1, 1),
(1195, 'LP-PI4K', 'LP-PI4K', 'FARO NEBLI.KIA PICANTO 2012-2014(SETX2)(KIT COMP)', 1, 1, 1, 0, 1, 1, 0, 0, 0, 15, 1, 1),
(1196, 'LP-TR2D', 'LP-TR2D', 'FARO NEBLI.MITSUB.TRITON L200 2009-2013..(SET2)(KIT COMP)', 1, 1, 1, 0, 1, 1, 0, 0, 0, 20, 1, 1),
(1197, 'LP-NS4', 'LP-NS4', 'FARO NEBLI.NISS.SENTRA 2012-2015(SET2)NEGRO(KIT COMP)', 1, 1, 1, 0, 1, 1, 0, 0, 0, 5, 1, 1),
(1198, 'LP-NA4D', 'LP-NA4D', 'FARO NEBLI.NISS.NAVARA 2014/NP300...(SET2)(KIT COMP)', 1, 1, 1, 0, 1, 1, 0, 0, 0, 20, 1, 1),
(1199, 'LP-VE2', 'LP-VE2', 'FARO NEBLI.VERSA 2009-2013/TIIDA 2009-2013...(SET2)(KIT COMP)', 1, 1, 1, 0, 1, 1, 0, 0, 0, 25, 1, 1),
(1200, 'LP-TI2A', 'LP-TI2A', 'FARO NEBLI.TIIDA 2005-2008...(SET2)(KIT COMP)', 1, 1, 1, 0, 1, 1, 0, 0, 0, 15, 1, 1),
(1201, 'LP-UR4B', 'LP-UR4B', 'FARO NEBLI.NISS.URVAN NV350 2013-2017 (SET2)(KIT COMP)', 1, 1, 1, 0, 1, 1, 0, 0, 0, 15, 1, 1),
(1202, 'LP-LC4', 'LP-LC4', 'FARO NEBLI.TOYOTA LAND CRUISER PRADO 2014-2016 (SET2)(KIT COMP)', 1, 1, 1, 0, 1, 1, 0, 0, 0, 10, 1, 1),
(1203, 'LP-PD2', 'LP-PD2', 'FARO NEBLI.TOYOTA PRADO FJ120 2003-2004 (SET2)(KIT COMP)', 1, 1, 1, 0, 1, 1, 0, 0, 0, 15, 1, 1),
(1204, 'LP-HR4', 'LP-HR4', 'FARO NEBLI.TY.REVO ROCCO 2018(SET2)(KIT COMP)', 1, 1, 1, 0, 1, 1, 0, 0, 0, 25, 1, 1),
(1205, 'LP-HX2A', 'LP-HX2A', 'FARO NEBLI.TY HILUX VIGO 2011(SET 2 )(KIT COMP)   ', 1, 1, 1, 0, 1, 1, 0, 0, 0, 100, 1, 1),
(1206, 'LP-YS6', 'LP-YS6', 'FARO NEBLI.TY YARIS SEDAN 2017 (SET2) (KIT COMP)', 1, 1, 1, 0, 1, 1, 0, 0, 0, 40, 1, 1),
(1207, 'LP-CO4T', 'LP-CO4T', 'FARO NEBLI.TY.COROLLA 2011-2013 CROMADO(SET2)(KIT COMP)', 1, 1, 1, 0, 1, 1, 0, 0, 0, 50, 1, 1),
(1208, 'LP-CO4H', 'LP-CO4H', 'FARO NEBLI.TY.COROLLA 2008-2011 NEGRO(SET2)(KIT COMP)', 1, 1, 1, 0, 1, 1, 0, 0, 0, 25, 1, 1),
(1209, 'LP-ET4', 'LP-ET4', 'FARO NEBLI.TOYOTA ETIOS SEDAN/HATCHBACK CK2017(SET2)(KIT COMP)', 1, 1, 1, 0, 1, 1, 0, 0, 0, 30, 1, 1),
(1210, 'LP-HX4T', 'LP-HX4T', 'FARO NEBLI.TY.AVANZA 2015(SET2)(KIT COMP)', 1, 1, 1, 0, 1, 1, 0, 0, 0, 15, 1, 1),
(1211, 'LP-SU8', 'LP-SU8', 'FARO NEBLINERO SUZUKI UNIVERSAL(SET2-KIT)', 1, 1, 1, 0, 1, 1, 0, 0, 0, 15, 1, 1),
(1212, 'LP-TH4H', 'LP-TH4H', 'FARO NEBLI.TY HIACE 2011-2013(SET2)(KIT COMP)  ', 1, 1, 1, 0, 1, 1, 0, 0, 0, 25, 1, 1),
(1213, 'LP-AM4', 'LP-AM4', 'FARO NEBLI.AMAROK 2014(SET2)(KIT COMP)', 1, 1, 1, 0, 1, 1, 0, 0, 0, 10, 1, 1),
(1214, 'LP-FC2', 'LP-FC2', 'FARO NEBLI.CHEV.TRAX/TRACKER`1 2014- 2016...(SET2)(KIT COMPL)', 1, 1, 1, 0, 1, 1, 0, 0, 0, 10, 1, 1),
(1215, 'LP-FTN2', 'LP-FTN2', 'FARO NEBLI.FORTUNER/HILUX/SW4 2012- 2015...(SET2)(KIT COMPL)', 1, 1, 1, 0, 1, 1, 0, 0, 0, 7, 1, 1),
(1216, 'LP-AF2', 'LP-AF2', 'FARO NEBL.TOY.AXIO FIELDER 2007/COROLLA 2011 CROMO(SET2KIT)', 1, 1, 1, 0, 1, 1, 0, 0, 0, 10, 1, 1);

-- --------------------------------------------------------

--
-- Estructura de tabla para la tabla `profile`
--

DROP TABLE IF EXISTS `profile`;
CREATE TABLE IF NOT EXISTS `profile` (
  `id` int(11) NOT NULL AUTO_INCREMENT COMMENT 'ID UNICO',
  `user_id` int(11) NOT NULL DEFAULT 0 COMMENT 'ID USER',
  `nombre` varchar(50) NOT NULL DEFAULT '' COMMENT 'NOMBRE USUARIO',
  `apellido` varchar(50) NOT NULL DEFAULT '' COMMENT 'APELLIDO USUARIO',
  `empresa` int(11) NOT NULL DEFAULT 0 COMMENT 'EMPRESA USUARIO',
  `sucursal` int(11) NOT NULL DEFAULT 0 COMMENT 'SUCURSAL USUARIO',
  PRIMARY KEY (`id`),
  KEY `user_id` (`user_id`)
) ENGINE=InnoDB AUTO_INCREMENT=6 DEFAULT CHARSET=latin1 COMMENT='GUARDA PERFILES DE USUARIOS';

--
-- Volcado de datos para la tabla `profile`
--

INSERT INTO `profile` (`id`, `user_id`, `nombre`, `apellido`, `empresa`, `sucursal`) VALUES
(1, 2, 'ADMINISTRATOR', 'ADMIN', 1, 1),
(2, 3, 'JOSE', 'GUERRA', 1, 1),
(3, 4, 'NUEVO1', 'NUEVO1', 1, 1),
(5, 6, 'Nuevo2', 'Nuevo2', 1, 1);

-- --------------------------------------------------------

--
-- Estructura de tabla para la tabla `proveedor`
--

DROP TABLE IF EXISTS `proveedor`;
CREATE TABLE IF NOT EXISTS `proveedor` (
  `id_prove` int(11) NOT NULL AUTO_INCREMENT COMMENT 'ID UNICO',
  `dni_prove` varchar(20) NOT NULL COMMENT 'DNI PROVEEDOR',
  `ruc_prove` varchar(20) NOT NULL COMMENT 'RUC PROVEEDOR',
  `nombre_prove` varchar(150) NOT NULL COMMENT 'NOMBRE PROVEEDOR',
  `direcc_prove` text NOT NULL COMMENT 'DIRECCION PROVEEDOR',
  `pais_prove` int(11) NOT NULL COMMENT 'PAIS PROVEEDOR',
  `depto_prove` int(11) NOT NULL COMMENT 'DEPARTAMENTO PROVEEDOR',
  `provi_prove` int(11) NOT NULL COMMENT 'PROVINCIA PROVEEDOR',
  `dtto_prove` int(11) NOT NULL COMMENT 'DISTRITO PROVEEDOR',
  `tlf_prove` varchar(100) NOT NULL COMMENT 'TELEFONO PROVEEDOR',
  `tipo_prove` int(11) NOT NULL COMMENT 'TIPO PROVEEDOR',
  `status_prove` int(11) NOT NULL COMMENT 'ESTATUS PROVEEDOR',
  `sucursal_prove` int(11) NOT NULL,
  PRIMARY KEY (`id_prove`),
  KEY `sucursal_prove` (`sucursal_prove`),
  KEY `pais_prove` (`pais_prove`),
  KEY `provi_prove` (`provi_prove`),
  KEY `depto_prove` (`depto_prove`),
  KEY `dttp_prove` (`dtto_prove`)
) ENGINE=InnoDB AUTO_INCREMENT=2 DEFAULT CHARSET=latin1 COMMENT='GUARDA DATOS DE PROVEEDORES';

--
-- Volcado de datos para la tabla `proveedor`
--

INSERT INTO `proveedor` (`id_prove`, `dni_prove`, `ruc_prove`, `nombre_prove`, `direcc_prove`, `pais_prove`, `depto_prove`, `provi_prove`, `dtto_prove`, `tlf_prove`, `tipo_prove`, `status_prove`, `sucursal_prove`) VALUES
(1, '', '20517053270', 'MARVIG S.C.R.L.', 'SAN JUAN DE LURIGANCHO LIMA LIMA', 241, 135, 15, 135, '', 2, 1, 1);

-- --------------------------------------------------------

--
-- Estructura de tabla para la tabla `provincia`
--

DROP TABLE IF EXISTS `provincia`;
CREATE TABLE IF NOT EXISTS `provincia` (
  `id_prov` int(11) NOT NULL AUTO_INCREMENT COMMENT 'ID UNICO',
  `des_prov` varchar(30) NOT NULL COMMENT 'DESCRIPCION PROVINCIA',
  `status_prov` int(11) NOT NULL COMMENT 'ESTATUS PROVINCIA',
  `sucursal_prov` int(11) NOT NULL COMMENT 'SUCURSAL PROVINCIA',
  `pais_prov` int(11) NOT NULL,
  PRIMARY KEY (`id_prov`),
  KEY `sucursal_prov` (`sucursal_prov`),
  KEY `fx_pais_prov_idx` (`pais_prov`)
) ENGINE=InnoDB AUTO_INCREMENT=30 DEFAULT CHARSET=latin1 COMMENT='GUARDA DATOS DE PROVINCIA';

--
-- Volcado de datos para la tabla `provincia`
--

INSERT INTO `provincia` (`id_prov`, `des_prov`, `status_prov`, `sucursal_prov`, `pais_prov`) VALUES
(1, 'AMAZONAS', 1, 1, 241),
(2, 'ANCASH', 1, 1, 241),
(3, 'APURIMAC', 1, 1, 241),
(4, 'AREQUIPA', 1, 1, 241),
(5, 'AYACUCHO', 1, 1, 241),
(6, 'CAJAMARCA', 1, 1, 241),
(7, 'CALLAO', 1, 1, 241),
(8, 'CUSCO', 1, 1, 241),
(9, 'HUANCAVELICA', 1, 1, 241),
(10, 'HUÁNUCO', 1, 1, 241),
(11, 'ICA', 1, 1, 241),
(12, 'JUNÍN', 1, 1, 241),
(13, 'LA LIBERTAD', 1, 1, 241),
(14, 'LAMBAYEQUE', 1, 1, 241),
(15, 'LIMA', 1, 1, 241),
(16, 'LORETO', 1, 1, 241),
(17, 'MADRE DE DIOS', 1, 1, 241),
(18, 'MOQUEGUA', 1, 1, 241),
(19, 'PASCO', 1, 1, 241),
(20, 'PIURA', 1, 1, 241),
(21, 'PUNO', 1, 1, 241),
(22, 'SAN MARTÍN', 1, 1, 241),
(23, 'TACNA', 1, 1, 241),
(24, 'TUMBES', 1, 1, 241),
(25, 'UCAYALI', 1, 1, 241),
(28, 'Carabobo', 1, 1, 231),
(29, 'SIN PROVINCIA', 1, 1, 241);

-- --------------------------------------------------------

--
-- Estructura de tabla para la tabla `series`
--

DROP TABLE IF EXISTS `series`;
CREATE TABLE IF NOT EXISTS `series` (
  `id_serie` int(11) NOT NULL AUTO_INCREMENT COMMENT 'ID SERIE',
  `des_serie` varchar(3) DEFAULT '000' COMMENT 'DESCRIPCION SERIE',
  `status_serie` int(11) NOT NULL DEFAULT 0 COMMENT 'ESTATUS SERIE',
  `sucursal_serie` int(11) NOT NULL DEFAULT 0 COMMENT 'SUCURSAL SERIE',
  PRIMARY KEY (`id_serie`),
  KEY `sucursal_serie` (`sucursal_serie`)
) ENGINE=InnoDB AUTO_INCREMENT=4 DEFAULT CHARSET=latin1 COMMENT='ALMACENA DATOS DE SERIES DE DOCUMENTOS';

--
-- Volcado de datos para la tabla `series`
--

INSERT INTO `series` (`id_serie`, `des_serie`, `status_serie`, `sucursal_serie`) VALUES
(1, '001', 1, 1),
(2, '002', 1, 1),
(3, '003', 1, 1);

-- --------------------------------------------------------

--
-- Estructura de tabla para la tabla `sucursal`
--

DROP TABLE IF EXISTS `sucursal`;
CREATE TABLE IF NOT EXISTS `sucursal` (
  `id_suc` int(11) NOT NULL AUTO_INCREMENT COMMENT 'ID UNICO',
  `nombre_suc` varchar(50) NOT NULL COMMENT 'NOMBRE SUCURSAL',
  `estatus_suc` int(11) NOT NULL COMMENT 'ESTATUS SUCURSAL',
  `empresa_suc` int(11) NOT NULL COMMENT 'EMPRESA  DE LA SUCURSAL',
  `impuesto_suc` decimal(7,2) NOT NULL DEFAULT 0.00,
  PRIMARY KEY (`id_suc`),
  KEY `EMPRESA_SUC` (`empresa_suc`)
) ENGINE=InnoDB AUTO_INCREMENT=2 DEFAULT CHARSET=latin1 COMMENT='GUARDA DATOS DE SUCURSALES';

--
-- Volcado de datos para la tabla `sucursal`
--

INSERT INTO `sucursal` (`id_suc`, `nombre_suc`, `estatus_suc`, `empresa_suc`, `impuesto_suc`) VALUES
(1, 'PRINCIPAL', 1, 1, '18.00');

-- --------------------------------------------------------

--
-- Estructura de tabla para la tabla `tipo_cambio`
--

DROP TABLE IF EXISTS `tipo_cambio`;
CREATE TABLE IF NOT EXISTS `tipo_cambio` (
  `id_tipoc` int(11) NOT NULL AUTO_INCREMENT COMMENT 'ID UNICO',
  `fecha_tipoc` date NOT NULL COMMENT 'FECHA TIPO CAMBIO',
  `monedac_tipoc` int(11) DEFAULT NULL COMMENT 'MONEDA A CAMBIAR',
  `moneda_tipoc` int(11) DEFAULT NULL COMMENT 'MONEDA CAMBIADA',
  `cambioc_tipoc` decimal(18,3) NOT NULL COMMENT 'VALOR COMPRA TIPO CAMBIO',
  `venta_tipoc` decimal(18,3) NOT NULL COMMENT 'VALOR DE VENTA TIPO CAMBIO',
  `valorf_tipoc` decimal(18,3) NOT NULL COMMENT 'VALOR A FACTURAR',
  `sucursal_tipoc` int(11) NOT NULL COMMENT 'SUCURSAL TIPO DE CAMBIO',
  PRIMARY KEY (`id_tipoc`),
  KEY `sucursal_tipoc` (`sucursal_tipoc`)
) ENGINE=InnoDB AUTO_INCREMENT=77 DEFAULT CHARSET=latin1 COMMENT='ALMACENA LOS TIPOS DE CAMBIO';

--
-- Volcado de datos para la tabla `tipo_cambio`
--

INSERT INTO `tipo_cambio` (`id_tipoc`, `fecha_tipoc`, `monedac_tipoc`, `moneda_tipoc`, `cambioc_tipoc`, `venta_tipoc`, `valorf_tipoc`, `sucursal_tipoc`) VALUES
(1, '2019-11-21', NULL, NULL, '3.387', '3.384', '3.387', 1),
(4, '2019-11-22', NULL, NULL, '3.380', '3.375', '3.375', 1),
(5, '2019-11-25', NULL, NULL, '3.385', '3.382', '3.385', 1),
(6, '2019-11-26', NULL, NULL, '3.391', '3.385', '3.391', 1),
(7, '2019-11-27', NULL, NULL, '3.385', '3.381', '3.385', 1),
(8, '2019-11-28', NULL, NULL, '3.394', '3.391', '3.394', 1),
(9, '2019-11-29', NULL, NULL, '3.390', '3.385', '3.390', 1),
(10, '2019-12-02', NULL, NULL, '3.390', '3.385', '3.390', 1),
(11, '2019-12-03', NULL, NULL, '3.390', '3.385', '3.390', 1),
(12, '2019-12-04', NULL, NULL, '3.403', '3.399', '3.399', 1),
(13, '2019-12-05', NULL, NULL, '3.386', '3.383', '3.386', 1),
(14, '2019-12-06', NULL, NULL, '3.380', '3.374', '3.380', 1),
(15, '2019-12-09', NULL, NULL, '3.381', '3.375', '3.381', 1),
(16, '2019-12-11', NULL, NULL, '3.391', '3.387', '3.391', 1),
(17, '2019-12-14', NULL, NULL, '3.393', '3.389', '3.393', 1),
(18, '2019-12-16', NULL, NULL, '3.393', '3.389', '3.393', 1),
(19, '2019-12-17', NULL, NULL, '3.360', '3.355', '3.360', 1),
(20, '2019-12-18', NULL, NULL, '3.349', '3.345', '3.349', 1),
(21, '2019-12-19', NULL, NULL, '3.349', '3.345', '3.349', 1),
(22, '2019-12-20', NULL, NULL, '3.340', '3.336', '3.340', 1),
(23, '2019-12-21', NULL, NULL, '3.338', '3.335', '3.338', 1),
(24, '2019-12-26', NULL, NULL, '3.320', '3.314', '3.320', 1),
(25, '2019-12-27', NULL, NULL, '3.319', '3.314', '3.319', 1),
(26, '2019-12-28', NULL, NULL, '3.322', '3.319', '3.322', 1),
(27, '2020-01-07', NULL, NULL, '3.323', '3.320', '3.323', 1),
(28, '2020-01-16', NULL, NULL, '3.327', '3.322', '3.327', 1),
(29, '2020-01-17', NULL, NULL, '3.327', '3.322', '3.327', 1),
(30, '2020-01-21', NULL, NULL, '3.323', '3.318', '3.323', 1),
(31, '2020-01-22', NULL, NULL, '3.320', '3.317', '3.320', 1),
(32, '2020-01-23', NULL, NULL, '3.317', '3.314', '3.317', 1),
(33, '2020-01-24', NULL, NULL, '3.317', '3.314', '3.317', 1),
(34, '2020-01-25', NULL, NULL, '3.322', '3.320', '3.322', 1),
(35, '2020-01-27', NULL, NULL, '3.322', '3.320', '3.322', 1),
(36, '2020-01-28', NULL, NULL, '3.339', '3.336', '3.339', 1),
(37, '2020-01-29', NULL, NULL, '3.335', '3.332', '3.335', 1),
(38, '2020-01-30', NULL, NULL, '3.345', '3.343', '3.345', 1),
(39, '2020-01-31', NULL, NULL, '3.360', '3.359', '3.360', 1),
(40, '2020-02-01', NULL, NULL, '3.360', '3.359', '3.360', 1),
(41, '2020-02-03', NULL, NULL, '3.360', '3.359', '3.360', 1),
(42, '2020-02-04', NULL, NULL, '3.374', '3.372', '3.374', 1),
(43, '2020-02-05', NULL, NULL, '3.364', '3.360', '3.364', 1),
(44, '2020-02-06', NULL, NULL, '3.360', '3.359', '3.360', 1),
(45, '2020-02-07', NULL, NULL, '3.371', '3.369', '3.371', 1),
(46, '2020-02-10', NULL, NULL, '3.371', '3.369', '3.371', 1),
(47, '2020-02-11', NULL, NULL, '3.371', '3.369', '3.371', 1),
(48, '2020-02-12', NULL, NULL, '3.394', '3.392', '3.394', 1),
(49, '2020-02-13', NULL, NULL, '3.383', '3.381', '3.383', 1),
(50, '2020-02-14', NULL, NULL, '3.385', '3.383', '3.385', 1),
(51, '2020-02-15', NULL, NULL, '3.385', '3.383', '3.385', 1),
(52, '2020-02-17', NULL, NULL, '3.385', '3.383', '3.385', 1),
(53, '2020-02-18', NULL, NULL, '3.384', '3.378', '3.384', 1),
(54, '2020-02-19', NULL, NULL, '3.386', '3.384', '3.386', 1),
(55, '2020-02-20', NULL, NULL, '3.382', '3.384', '3.384', 1),
(56, '2020-02-21', NULL, NULL, '3.382', '3.384', '3.384', 1),
(57, '2020-02-22', NULL, NULL, '3.382', '3.384', '3.384', 1),
(58, '2020-04-06', NULL, NULL, '3.382', '3.384', '3.384', 1),
(59, '2020-04-07', NULL, NULL, '3.382', '3.384', '3.384', 1),
(60, '2020-04-16', NULL, NULL, '3.382', '3.384', '3.384', 1),
(61, '2020-04-19', NULL, NULL, '3.382', '3.384', '3.384', 1),
(62, '2020-04-26', NULL, NULL, '3.382', '3.384', '3.384', 1),
(63, '2020-04-27', NULL, NULL, '3.382', '3.384', '3.384', 1),
(64, '2020-04-29', NULL, NULL, '3.382', '3.384', '3.384', 1),
(65, '2020-05-03', NULL, NULL, '3.382', '3.384', '3.384', 1),
(66, '2020-05-17', NULL, NULL, '3.382', '3.384', '3.384', 1),
(67, '2020-05-19', NULL, NULL, '3.382', '3.384', '3.384', 1),
(68, '2020-05-20', NULL, NULL, '3.382', '3.384', '3.384', 1),
(69, '2020-05-21', NULL, NULL, '3.382', '3.384', '3.384', 1),
(70, '2020-05-22', NULL, NULL, '3.382', '3.384', '3.384', 1),
(71, '2020-05-23', NULL, NULL, '3.382', '3.384', '3.384', 1),
(72, '2020-05-24', NULL, NULL, '3.382', '3.384', '3.384', 1),
(73, '2020-06-03', NULL, NULL, '3.382', '3.384', '3.384', 1),
(74, '2020-06-04', NULL, NULL, '3.382', '3.384', '3.384', 1),
(75, '2020-06-07', NULL, NULL, '3.382', '3.384', '3.384', 1),
(76, '2020-06-10', NULL, NULL, '3.382', '3.384', '3.384', 1);

-- --------------------------------------------------------

--
-- Estructura de tabla para la tabla `tipo_documento`
--

DROP TABLE IF EXISTS `tipo_documento`;
CREATE TABLE IF NOT EXISTS `tipo_documento` (
  `id_tipod` int(11) NOT NULL AUTO_INCREMENT COMMENT 'ID UNICO',
  `des_tipod` varchar(100) DEFAULT NULL COMMENT 'DESCRIPCION TIPO DOCUMENTO',
  `abrv_tipod` varchar(4) NOT NULL COMMENT 'ABREVIACION TIPO DOCUMENTO',
  `ope_tipod` varchar(1) DEFAULT 'N' COMMENT 'E = ENTRADA, S = SALIDA, N'' = NINGUNO OPERACION TIPO DOCUMENTO',
  `tipo_tipod` int(11) NOT NULL DEFAULT 0 COMMENT '1 = ES DOCUMENTO, 0 = ES PEDIDO, 2 = ES GUIA',
  `tipodsunat_tipod` varchar(2) DEFAULT NULL,
  `sucursal_tipod` int(11) NOT NULL DEFAULT 0 COMMENT 'SUCURSAL TIPO DOCUMENTO',
  `status_tipod` int(11) NOT NULL DEFAULT 0 COMMENT 'ESTATUS TIPO DOCUMENTO',
  PRIMARY KEY (`id_tipod`),
  KEY `id_tipod` (`id_tipod`),
  KEY `sucursal_tipod` (`sucursal_tipod`),
  KEY `doc_doc` (`tipo_tipod`)
) ENGINE=InnoDB AUTO_INCREMENT=11 DEFAULT CHARSET=latin1 COMMENT='ALMACENA TIPOS DE DOCUMENTOS';

--
-- Volcado de datos para la tabla `tipo_documento`
--

INSERT INTO `tipo_documento` (`id_tipod`, `des_tipod`, `abrv_tipod`, `ope_tipod`, `tipo_tipod`, `tipodsunat_tipod`, `sucursal_tipod`, `status_tipod`) VALUES
(1, 'PEDIDO', 'NP', 'N', 0, '', 1, 1),
(2, 'FACTURA ELECTRONICA', 'FE', 'S', 1, '01', 1, 1),
(3, 'GUIA DE REMISION', 'GR', 'N', 1, '', 1, 1),
(4, 'NOTA DE INGRESO', 'NI', 'E', 0, '', 1, 1),
(5, 'NOTA DE SALIDA', 'NS', 'S', 0, '', 1, 1),
(6, 'ORDEN DE COMPRA', 'OC', 'N', 0, '', 1, 1),
(7, 'PROFORMA', 'PR', 'S', 0, '', 1, 1),
(8, 'COTIZACION', 'CT', 'N', 0, '', 1, 1),
(9, 'BOLETA', 'BE', 'S', 1, '03', 1, 1),
(10, 'NOTA CREDITO', 'NC', 'E', 1, '10', 1, 1);

-- --------------------------------------------------------

--
-- Estructura de tabla para la tabla `tipo_identificacion`
--

DROP TABLE IF EXISTS `tipo_identificacion`;
CREATE TABLE IF NOT EXISTS `tipo_identificacion` (
  `id_tipoi` int(11) NOT NULL AUTO_INCREMENT COMMENT 'ID UNICO',
  `cod_tipoi` char(1) NOT NULL DEFAULT '0' COMMENT 'CODIGO DE TIPO DE IDENTIFICACION',
  `des_tipoi` varchar(150) NOT NULL COMMENT 'DESCRIPCION TIPO IDENTIFICACION',
  `status_tipoi` int(11) NOT NULL DEFAULT 0 COMMENT 'STATUS DE TIPO DE IDENTIFICACION',
  `sucursal_tipoi` int(11) NOT NULL DEFAULT 0 COMMENT 'SUCURSAL TIPO DE IDENTIFICACION',
  PRIMARY KEY (`id_tipoi`)
) ENGINE=InnoDB AUTO_INCREMENT=6 DEFAULT CHARSET=latin1 COMMENT='GUARDA DATOS DE LOS TIPO DE IDENTIFICACION DE CLIENTES';

--
-- Volcado de datos para la tabla `tipo_identificacion`
--

INSERT INTO `tipo_identificacion` (`id_tipoi`, `cod_tipoi`, `des_tipoi`, `status_tipoi`, `sucursal_tipoi`) VALUES
(1, '0', 'OTROS', 1, 1),
(2, '1', 'DOCUMENTO NACIONAL DE IDENTIDAD (D.N.I)', 1, 1),
(3, '4', 'CARNET DE EXTRANJERIA', 1, 1),
(4, '6', 'REGISTRO UNICO DE CONTRIBUYENTES (R.U.C.)', 1, 1),
(5, '7', 'PASAPORTE', 1, 1);

-- --------------------------------------------------------

--
-- Estructura de tabla para la tabla `tipo_listap`
--

DROP TABLE IF EXISTS `tipo_listap`;
CREATE TABLE IF NOT EXISTS `tipo_listap` (
  `id_lista` int(11) NOT NULL AUTO_INCREMENT COMMENT 'ID UNICO',
  `desc_lista` varchar(30) NOT NULL DEFAULT '' COMMENT 'DESCRIPCION TIPO LISTA',
  `estatus_lista` int(11) NOT NULL COMMENT 'ESTATUS TIPO LISTA',
  `sucursal_lista` int(11) NOT NULL DEFAULT 0 COMMENT 'SUCURSAL TIPO LISTA',
  PRIMARY KEY (`id_lista`),
  KEY `sucursal_lista` (`sucursal_lista`)
) ENGINE=InnoDB AUTO_INCREMENT=3 DEFAULT CHARSET=latin1 COMMENT='GUARDA TIPOS DE LISTA DE PRECIOS';

--
-- Volcado de datos para la tabla `tipo_listap`
--

INSERT INTO `tipo_listap` (`id_lista`, `desc_lista`, `estatus_lista`, `sucursal_lista`) VALUES
(1, 'PRINCIPAL', 1, 1),
(2, 'SECUNDARIA', 1, 1);

-- --------------------------------------------------------

--
-- Estructura de tabla para la tabla `tipo_movimiento`
--

DROP TABLE IF EXISTS `tipo_movimiento`;
CREATE TABLE IF NOT EXISTS `tipo_movimiento` (
  `id_tipom` int(11) NOT NULL AUTO_INCREMENT COMMENT 'ID UNICO',
  `des_tipom` varchar(60) NOT NULL COMMENT 'DESCRIPCION TIPO MOVIMIENTO',
  `status_tipom` int(11) NOT NULL DEFAULT 0 COMMENT 'ESTATUS TIPO MOVIMIENTO',
  `sucursal_tipom` int(11) NOT NULL DEFAULT 0 COMMENT 'SUCURSAL TIPO MOVIMIENTO',
  `tipo_tipom` varchar(1) DEFAULT NULL COMMENT 'TIPO E = ENTRADA, S = SALIDA ',
  PRIMARY KEY (`id_tipom`),
  KEY `sucursal_tipom` (`sucursal_tipom`)
) ENGINE=InnoDB AUTO_INCREMENT=7 DEFAULT CHARSET=latin1 COMMENT='GUARDA DATOS DE TIPOS DE MOVIMIENTOS DE ALMACEN';

--
-- Volcado de datos para la tabla `tipo_movimiento`
--

INSERT INTO `tipo_movimiento` (`id_tipom`, `des_tipom`, `status_tipom`, `sucursal_tipom`, `tipo_tipom`) VALUES
(1, 'INGRESO', 1, 1, 'E'),
(2, 'SALIDA', 1, 1, 'S'),
(3, 'COMPRA', 1, 1, 'E'),
(4, 'VENTA', 1, 1, 'S'),
(5, 'AJUSTE DE ENTRADA', 1, 1, 'E'),
(6, 'AJUSTE DE SALIDA', 1, 1, 'S');

-- --------------------------------------------------------

--
-- Estructura de tabla para la tabla `tipo_producto`
--

DROP TABLE IF EXISTS `tipo_producto`;
CREATE TABLE IF NOT EXISTS `tipo_producto` (
  `id_tpdcto` int(11) NOT NULL AUTO_INCREMENT COMMENT 'ID UNICO',
  `desc_tpdcto` varchar(255) NOT NULL COMMENT 'DESCRIP TIPO PRODUCTO',
  `status_tpdcto` int(11) NOT NULL COMMENT 'ESTATUS TIPO PRODUCTO',
  `sucursal_tpdcto` int(11) NOT NULL COMMENT 'SUCURSAL TIPO PRODUCTO',
  PRIMARY KEY (`id_tpdcto`)
) ENGINE=InnoDB AUTO_INCREMENT=3 DEFAULT CHARSET=latin1 COMMENT='GUARDA DATOS DE TIPO PRODUCTOS';

--
-- Volcado de datos para la tabla `tipo_producto`
--

INSERT INTO `tipo_producto` (`id_tpdcto`, `desc_tpdcto`, `status_tpdcto`, `sucursal_tpdcto`) VALUES
(1, 'FARO NEBLINERO', 1, 1),
(2, 'MANIJAS', 1, 1);

-- --------------------------------------------------------

--
-- Estructura de tabla para la tabla `tipo_proveedor`
--

DROP TABLE IF EXISTS `tipo_proveedor`;
CREATE TABLE IF NOT EXISTS `tipo_proveedor` (
  `id_tprov` int(11) NOT NULL AUTO_INCREMENT,
  `des_tprov` varchar(45) DEFAULT NULL,
  `status_tprov` int(11) NOT NULL,
  `sucursal_tprov` int(11) DEFAULT NULL,
  PRIMARY KEY (`id_tprov`),
  KEY `sucursal_tprov` (`sucursal_tprov`)
) ENGINE=InnoDB AUTO_INCREMENT=6 DEFAULT CHARSET=latin1 COMMENT='GUARDA TIPO PROVEEDOR';

--
-- Volcado de datos para la tabla `tipo_proveedor`
--

INSERT INTO `tipo_proveedor` (`id_tprov`, `des_tprov`, `status_tprov`, `sucursal_tprov`) VALUES
(1, 'Importador', 1, 1),
(2, 'Compra', 1, 1),
(3, 'Servicios', 1, 1),
(5, 'Honorarios profesionales', 1, 1);

-- --------------------------------------------------------

--
-- Estructura de tabla para la tabla `transaccion`
--

DROP TABLE IF EXISTS `transaccion`;
CREATE TABLE IF NOT EXISTS `transaccion` (
  `id_trans` int(11) NOT NULL AUTO_INCREMENT COMMENT 'ID UNICO',
  `codigo_trans` varchar(10) NOT NULL COMMENT 'CODIGO TRANSACCION',
  `fecha_trans` date DEFAULT NULL COMMENT 'FECHA TRANSACCION',
  `obsv_trans` text DEFAULT NULL COMMENT 'OBSERVACIONES TRANSACCION',
  `tipo_trans` int(11) NOT NULL DEFAULT 0 COMMENT 'TIPO TRANSACCION',
  `ope_trans` varchar(1) NOT NULL COMMENT 'OPERACION TRANSACCION',
  `idrefdoc_trans` int(11) DEFAULT NULL COMMENT 'ID DOCUMENTO REFERENCIA TRANSACCION',
  `seriedocref_trans` varchar(4) DEFAULT NULL COMMENT 'SERIE DOC REFERENCIA TRANSACCION',
  `docref_trans` varchar(10) DEFAULT NULL COMMENT 'DOCUMENTO REFERENCIA TRANSACCION',
  `almacen_trans` int(11) NOT NULL COMMENT 'ALMACEN TRANSACCION',
  `sucursal_trans` int(11) NOT NULL DEFAULT 0 COMMENT 'SUCURSAL TRANSACCION',
  `usuario_trans` int(11) NOT NULL DEFAULT 0 COMMENT 'USUARIO TRANSACCION',
  `status_trans` int(11) NOT NULL DEFAULT 0 COMMENT 'ESTATUS TRANSACCION 0=NO APROBADA, 1 = APROBADA, 2 = ANULADA',
  PRIMARY KEY (`id_trans`) USING BTREE,
  UNIQUE KEY `codigo_trans_2` (`codigo_trans`,`tipo_trans`) USING BTREE,
  KEY `codigo_trans` (`codigo_trans`),
  KEY `fecha_trans` (`fecha_trans`),
  KEY `tipo_trans` (`tipo_trans`),
  KEY `almacen_trans` (`almacen_trans`),
  KEY `usuario_trans` (`usuario_trans`),
  KEY `grupo_trans` (`ope_trans`),
  KEY `idrefdoc_trans` (`idrefdoc_trans`)
) ENGINE=InnoDB AUTO_INCREMENT=114 DEFAULT CHARSET=latin1 COMMENT='GUARDA DATOS DE LOS TRANSACCIONES';

--
-- Volcado de datos para la tabla `transaccion`
--

INSERT INTO `transaccion` (`id_trans`, `codigo_trans`, `fecha_trans`, `obsv_trans`, `tipo_trans`, `ope_trans`, `idrefdoc_trans`, `seriedocref_trans`, `docref_trans`, `almacen_trans`, `sucursal_trans`, `usuario_trans`, `status_trans`) VALUES
(14, '0000000001', '2019-11-26', NULL, 4, 'S', 3, NULL, NULL, 1, 1, 2, 1),
(15, '0000000002', '2019-11-26', NULL, 4, 'S', 5, NULL, NULL, 1, 1, 2, 1),
(16, '0000000003', '2019-11-26', NULL, 4, 'S', 9, NULL, NULL, 1, 1, 2, 1),
(17, '0000000004', '2019-12-04', NULL, 4, 'S', 11, NULL, NULL, 1, 1, 2, 1),
(18, '0000000005', '2019-12-04', NULL, 4, 'S', 13, NULL, NULL, 1, 1, 2, 1),
(19, '0000000006', '2019-12-14', NULL, 4, 'S', 15, NULL, NULL, 1, 1, 2, 1),
(20, '0000000007', '2019-12-14', NULL, 4, 'S', 17, NULL, NULL, 1, 1, 2, 1),
(21, '0000000008', '2019-12-16', NULL, 4, 'S', 19, NULL, NULL, 1, 1, 2, 1),
(22, '0000000009', '2019-12-16', NULL, 4, 'S', 21, NULL, NULL, 1, 1, 2, 1),
(23, '0000000010', '2019-12-16', NULL, 4, 'S', 23, NULL, NULL, 1, 1, 2, 1),
(24, '0000000011', '2019-12-16', NULL, 4, 'S', 25, NULL, NULL, 1, 1, 2, 1),
(25, '0000000012', '2019-12-17', NULL, 4, 'S', 27, NULL, NULL, 1, 1, 2, 1),
(26, '0000000013', '2019-12-18', NULL, 4, 'S', 29, NULL, NULL, 1, 1, 2, 1),
(27, '0000000014', '2019-12-21', NULL, 4, 'S', 31, NULL, NULL, 1, 1, 2, 1),
(29, '0000000001', '2019-12-27', '', 3, 'E', 1, NULL, '', 1, 1, 2, 1),
(30, '0000000002', '2020-01-16', '', 3, 'E', 2, NULL, '', 1, 1, 2, 1),
(31, '0000000003', '2020-01-16', '', 3, 'E', 3, NULL, '', 1, 1, 2, 1),
(32, '0000000004', '2020-01-16', '', 3, 'E', 4, NULL, '', 1, 1, 2, 1),
(33, '0000000005', '2020-01-16', '', 3, 'E', 5, NULL, '', 1, 1, 2, 1),
(34, '0000000006', '2020-01-16', '', 3, 'E', 6, NULL, '', 1, 1, 2, 1),
(35, '0000000007', '2020-01-23', '', 3, 'E', 13, NULL, '', 1, 1, 2, 1),
(36, '0000000008', '2020-01-23', '', 3, 'E', 7, NULL, '', 1, 1, 2, 1),
(37, '0000000009', '2020-01-23', '', 3, 'E', 8, NULL, '', 1, 1, 2, 1),
(38, '0000000010', '2020-01-23', '', 3, 'E', 9, NULL, '', 1, 1, 2, 1),
(39, '0000000011', '2020-01-23', '', 3, 'E', 10, NULL, '', 1, 1, 2, 1),
(40, '0000000012', '2020-01-23', '', 3, 'E', 11, NULL, '', 1, 1, 2, 1),
(41, '0000000013', '2020-01-23', '', 3, 'E', 12, NULL, '', 1, 1, 2, 1),
(42, '0000000014', '2020-01-23', '', 3, 'E', 14, NULL, '', 1, 1, 2, 1),
(43, '0000000015', '2020-01-23', '', 3, 'E', 15, NULL, '', 1, 1, 2, 1),
(44, '0000000016', '2020-01-23', '', 3, 'E', 16, NULL, '', 1, 1, 2, 1),
(45, '0000000017', '2020-01-23', '', 3, 'E', 17, NULL, '', 1, 1, 2, 1),
(46, '0000000018', '2020-01-23', '', 3, 'E', 18, NULL, '', 1, 1, 2, 1),
(47, '0000000019', '2020-01-23', '', 3, 'E', 19, NULL, '', 1, 1, 2, 1),
(48, '0000000020', '2020-01-23', '', 3, 'E', 20, NULL, '', 1, 1, 2, 1),
(49, '0000000021', '2020-01-23', '', 3, 'E', 21, NULL, '', 1, 1, 2, 1),
(50, '0000000022', '2020-01-23', '', 3, 'E', 22, NULL, '', 1, 1, 2, 1),
(51, '0000000023', '2020-01-23', '', 3, 'E', 23, NULL, '', 1, 1, 2, 1),
(52, '0000000024', '2020-01-23', '', 3, 'E', 24, NULL, '', 1, 1, 2, 1),
(53, '0000000025', '2020-01-23', '', 3, 'E', 25, NULL, '', 1, 1, 2, 1),
(54, '0000000026', '2020-01-24', '', 3, 'E', 26, NULL, '', 1, 1, 2, 1),
(55, '0000000027', '2020-01-24', '', 3, 'E', 27, NULL, '', 1, 1, 2, 1),
(56, '0000000028', '2020-01-24', '', 3, 'E', 28, NULL, '', 1, 1, 2, 1),
(57, '0000000029', '2020-01-24', '', 3, 'E', 29, NULL, '', 1, 1, 2, 1),
(58, '0000000030', '2020-01-24', '', 3, 'E', 30, NULL, '', 1, 1, 2, 1),
(59, '0000000031', '2020-01-24', '', 5, 'E', NULL, NULL, '', 1, 1, 2, 2),
(60, '0000000032', '2020-01-27', '', 3, 'E', 31, NULL, '', 1, 1, 2, 1),
(61, '0000000033', '2020-01-27', '', 3, 'E', 32, NULL, '', 1, 1, 2, 1),
(62, '0000000015', '2020-01-27', NULL, 4, 'S', 33, NULL, NULL, 1, 1, 2, 1),
(63, '0000000016', '2020-01-27', NULL, 4, 'S', 35, NULL, NULL, 1, 1, 2, 1),
(64, '0000000017', '2020-01-27', NULL, 4, 'S', 37, NULL, NULL, 1, 1, 2, 1),
(65, '0000000018', '2020-01-27', NULL, 4, 'S', 39, NULL, NULL, 1, 1, 2, 1),
(66, '0000000019', '2020-01-27', NULL, 4, 'S', 41, NULL, NULL, 1, 1, 2, 1),
(67, '0000000020', '2020-01-27', NULL, 4, 'S', 43, NULL, NULL, 1, 1, 2, 1),
(68, '0000000021', '2020-01-28', NULL, 4, 'S', 45, NULL, NULL, 1, 1, 2, 1),
(69, '0000000022', '2020-01-29', NULL, 4, 'S', 47, NULL, NULL, 1, 1, 2, 1),
(70, '0000000023', '2020-01-29', NULL, 4, 'S', 49, NULL, NULL, 1, 1, 2, 1),
(71, '0000000034', '2020-01-30', '', 3, 'E', 33, NULL, '', 1, 1, 2, 1),
(72, '0000000024', '2020-01-30', NULL, 4, 'S', 51, NULL, NULL, 1, 1, 2, 1),
(73, '0000000025', '2020-01-30', NULL, 4, 'S', 53, NULL, NULL, 1, 1, 2, 1),
(74, '0000000026', '2020-01-30', NULL, 4, 'S', 55, NULL, NULL, 1, 1, 2, 1),
(75, '0000000027', '2020-01-30', NULL, 4, 'S', 57, NULL, NULL, 1, 1, 2, 1),
(76, '0000000035', '2020-01-31', '', 3, 'E', 35, NULL, '', 1, 1, 2, 1),
(77, '0000000028', '2020-02-03', NULL, 4, 'S', 59, NULL, NULL, 1, 1, 2, 1),
(78, '0000000029', '2020-02-03', NULL, 4, 'S', 61, NULL, NULL, 1, 1, 2, 1),
(79, '0000000030', '2020-02-04', NULL, 4, 'S', 63, NULL, NULL, 1, 1, 2, 1),
(80, '0000000031', '2020-02-04', NULL, 4, 'S', 65, NULL, NULL, 1, 1, 2, 1),
(81, '0000000032', '2020-02-04', NULL, 4, 'S', 67, NULL, NULL, 1, 1, 2, 1),
(82, '0000000036', '2020-02-05', '', 3, 'E', 36, NULL, '', 1, 1, 2, 1),
(83, '0000000033', '2020-02-05', NULL, 4, 'S', 69, NULL, NULL, 1, 1, 2, 1),
(84, '0000000034', '2020-02-05', NULL, 4, 'S', 71, NULL, NULL, 1, 1, 2, 1),
(85, '0000000035', '2020-02-07', NULL, 4, 'S', 73, NULL, NULL, 1, 1, 2, 1),
(86, '0000000036', '2020-02-07', NULL, 4, 'S', 75, NULL, NULL, 1, 1, 2, 1),
(87, '0000000037', '2020-02-07', '', 5, 'E', NULL, NULL, '07/02/2020', 1, 1, 2, 1),
(88, '0000000037', '2020-02-07', NULL, 4, 'S', 77, NULL, NULL, 1, 1, 2, 1),
(89, '0000000038', '2020-02-07', NULL, 4, 'S', 79, NULL, NULL, 1, 1, 2, 1),
(90, '0000000039', '2020-02-07', NULL, 4, 'S', 81, NULL, NULL, 1, 1, 2, 1),
(91, '0000000040', '2020-02-07', NULL, 4, 'S', 83, NULL, NULL, 1, 1, 2, 1),
(92, '0000000038', '2020-02-07', '', 3, 'E', 37, NULL, '', 1, 1, 2, 1),
(93, '0000000041', '2020-02-10', NULL, 4, 'S', 85, NULL, NULL, 1, 1, 2, 1),
(94, '0000000042', '2020-02-10', NULL, 4, 'S', 87, NULL, NULL, 1, 1, 2, 1),
(95, '0000000043', '2020-02-11', NULL, 4, 'S', 89, NULL, NULL, 1, 1, 2, 1),
(96, '0000000044', '2020-02-11', NULL, 4, 'S', 91, NULL, NULL, 1, 1, 2, 1),
(97, '0000000045', '2020-02-12', NULL, 4, 'S', 93, NULL, NULL, 1, 1, 2, 1),
(98, '0000000046', '2020-02-13', NULL, 4, 'S', 95, NULL, NULL, 1, 1, 2, 1),
(99, '0000000047', '2020-02-13', NULL, 4, 'S', 97, NULL, NULL, 1, 1, 2, 1),
(100, '0000000048', '2020-02-17', NULL, 4, 'S', 99, NULL, NULL, 1, 1, 2, 1),
(101, '0000000049', '2020-02-17', NULL, 4, 'S', 101, NULL, NULL, 1, 1, 2, 1),
(102, '0000000050', '2020-02-17', NULL, 4, 'S', 103, NULL, NULL, 1, 1, 2, 1),
(103, '0000000051', '2020-02-17', NULL, 4, 'S', 105, NULL, NULL, 1, 1, 2, 1),
(104, '0000000039', '2020-02-19', '', 3, 'E', 38, NULL, '', 1, 1, 2, 1),
(105, '0000000052', '2020-02-20', NULL, 4, 'S', 108, NULL, NULL, 1, 1, 2, 1),
(106, '0000000040', '2020-02-21', '', 3, 'E', 39, NULL, '', 1, 1, 2, 1),
(107, '0000000041', '2020-02-21', '', 3, 'E', 40, NULL, '', 1, 1, 2, 1),
(108, '0000000042', '2020-02-21', '', 3, 'E', 41, NULL, '', 1, 1, 2, 1),
(109, '0000000043', '2020-02-21', '', 1, 'E', NULL, NULL, '', 1, 1, 2, 2),
(111, '0000000045', '2020-02-21', '', 1, 'E', NULL, NULL, '', 1, 1, 2, 1),
(112, '0000000046', '2020-02-21', '', 3, 'E', 42, NULL, '', 1, 1, 2, 1),
(113, '0000000047', '2020-02-22', '', 3, 'E', 43, NULL, '', 1, 1, 2, 1);

-- --------------------------------------------------------

--
-- Estructura de tabla para la tabla `transportista`
--

DROP TABLE IF EXISTS `transportista`;
CREATE TABLE IF NOT EXISTS `transportista` (
  `id_transp` int(11) NOT NULL AUTO_INCREMENT COMMENT 'ID UNICO',
  `ruc_transp` varchar(12) NOT NULL COMMENT 'RUC TRANSPORTISTA',
  `des_transp` varchar(150) DEFAULT NULL COMMENT 'DESCRIPCION TRANSPORTISTA',
  `status_transp` int(11) NOT NULL DEFAULT 0 COMMENT 'ESTATUS TRANSPORTISTA',
  `sucursal_transp` int(11) NOT NULL DEFAULT 0 COMMENT 'SUCURSAL TRANSPORTISTA',
  PRIMARY KEY (`id_transp`),
  KEY `status_transp` (`status_transp`),
  KEY `sucursal_transp` (`sucursal_transp`)
) ENGINE=InnoDB AUTO_INCREMENT=11 DEFAULT CHARSET=latin1 COMMENT='ALMACENA DATOS DE LOS TRANSPORTISTAS';

--
-- Volcado de datos para la tabla `transportista`
--

INSERT INTO `transportista` (`id_transp`, `ruc_transp`, `des_transp`, `status_transp`, `sucursal_transp`) VALUES
(1, '123456', 'LEOPHARD S.A.C..', 1, 1),
(2, '20440309853', 'EVANS CARGO', 1, 1),
(3, '20498189637', 'AREQUIPA EXPRESO MARVISUR EIRL', 1, 1),
(4, '------------', '------------', 1, 1),
(5, '20555954884', 'EXPRESO EL ALTIPLANO S.R.L.', 1, 1),
(6, '20121837634', 'TRANSPORTES CALIFORNIA S.A  ', 1, 1),
(7, '21123815', 'CARGO EXPRESS TERESITA  ', 1, 1),
(8, '20508074281', 'EXPRESO GRAEL SAC', 1, 1),
(9, '20531983255', 'EMP.DE TRANSP.CHIMBOTE EXPRESS                              ', 1, 1),
(10, '20498456856', 'TRANSMOTAR S.A.C. ', 1, 1);

-- --------------------------------------------------------

--
-- Estructura de tabla para la tabla `trans_detalle`
--

DROP TABLE IF EXISTS `trans_detalle`;
CREATE TABLE IF NOT EXISTS `trans_detalle` (
  `id_detalle` int(11) NOT NULL AUTO_INCREMENT COMMENT 'ID UNICO',
  `trans_detalle` int(11) NOT NULL DEFAULT 0 COMMENT 'TRANSACCION DETALLE',
  `prod_detalle` int(11) NOT NULL DEFAULT 0 COMMENT 'PRODUCTO DETALLE',
  `cant_detalle` int(11) NOT NULL DEFAULT 0 COMMENT 'CANTIDAD DETALLE',
  PRIMARY KEY (`id_detalle`),
  KEY `trans_detalle` (`trans_detalle`),
  KEY `prod_detalle` (`prod_detalle`)
) ENGINE=InnoDB AUTO_INCREMENT=1535 DEFAULT CHARSET=latin1 COMMENT='GUARDA DETALLE DE TRANSACCIONES';

--
-- Volcado de datos para la tabla `trans_detalle`
--

INSERT INTO `trans_detalle` (`id_detalle`, `trans_detalle`, `prod_detalle`, `cant_detalle`) VALUES
(134, 14, 150, 10),
(135, 15, 634, 50),
(136, 15, 636, 20),
(137, 15, 635, 20),
(138, 15, 637, 20),
(139, 15, 624, 50),
(140, 15, 603, 10),
(141, 15, 657, 5),
(142, 15, 656, 5),
(143, 15, 665, 10),
(144, 15, 664, 10),
(145, 15, 667, 10),
(146, 15, 666, 10),
(147, 16, 648, 1),
(148, 16, 649, 1),
(149, 16, 633, 20),
(150, 16, 634, 20),
(151, 16, 675, 10),
(152, 16, 637, 5),
(153, 16, 638, 5),
(154, 16, 161, 2),
(155, 17, 600, 3),
(156, 17, 599, 3),
(157, 17, 604, 3),
(158, 17, 603, 3),
(159, 17, 651, 3),
(160, 17, 650, 3),
(161, 17, 671, 5),
(162, 17, 127, 3),
(163, 18, 10, 2),
(164, 18, 30, 2),
(165, 18, 41, 3),
(166, 18, 51, 2),
(167, 18, 50, 2),
(168, 18, 54, 3),
(169, 18, 59, 1),
(170, 18, 80, 2),
(171, 18, 81, 2),
(172, 18, 90, 1),
(173, 18, 96, 1),
(174, 18, 109, 1),
(175, 18, 111, 1),
(176, 18, 120, 2),
(177, 18, 123, 6),
(178, 18, 128, 1),
(179, 18, 132, 1),
(180, 18, 152, 2),
(181, 18, 151, 2),
(182, 18, 165, 2),
(183, 18, 129, 2),
(184, 18, 69, 1),
(185, 18, 689, 1),
(186, 19, 460, 1),
(187, 19, 459, 1),
(188, 19, 651, 4),
(189, 19, 650, 4),
(190, 19, 22, 3),
(191, 20, 149, 4),
(192, 20, 150, 3),
(193, 20, 54, 1),
(194, 20, 140, 2),
(195, 20, 139, 1),
(196, 20, 143, 1),
(197, 20, 161, 1),
(198, 21, 690, 10),
(199, 21, 137, 2),
(200, 21, 123, 1),
(201, 21, 140, 2),
(202, 21, 152, 3),
(203, 21, 151, 3),
(204, 22, 47, 3),
(205, 22, 689, 1),
(206, 22, 690, 6),
(207, 22, 127, 2),
(208, 22, 138, 2),
(209, 22, 141, 2),
(210, 22, 142, 2),
(211, 22, 162, 2),
(212, 23, 123, 1),
(213, 23, 690, 3),
(214, 23, 133, 1),
(215, 23, 167, 2),
(216, 23, 166, 2),
(217, 23, 165, 1),
(218, 23, 172, 1),
(219, 24, 123, 1),
(220, 24, 690, 3),
(221, 24, 133, 1),
(222, 24, 167, 2),
(223, 24, 166, 2),
(224, 24, 165, 1),
(225, 24, 172, 1),
(226, 25, 68, 2),
(227, 25, 49, 2),
(228, 25, 690, 5),
(229, 26, 68, 2),
(230, 26, 49, 1),
(231, 26, 690, 5),
(232, 27, 43, 1),
(298, 29, 603, 12),
(299, 29, 604, 22),
(300, 29, 671, 7),
(301, 29, 657, 5),
(302, 29, 656, 5),
(303, 29, 599, 12),
(304, 29, 600, 12),
(305, 29, 459, 5),
(306, 29, 460, 5),
(307, 29, 635, 20),
(308, 29, 636, 20),
(309, 29, 650, 6),
(310, 29, 651, 6),
(311, 29, 665, 40),
(312, 29, 664, 40),
(313, 29, 637, 15),
(314, 29, 638, 35),
(315, 29, 666, 50),
(316, 29, 667, 50),
(317, 29, 649, 9),
(318, 29, 633, 480),
(319, 29, 634, 430),
(320, 29, 624, 30),
(321, 29, 689, 3),
(322, 29, 22, 12),
(323, 29, 50, 10),
(324, 29, 51, 10),
(325, 29, 59, 6),
(326, 29, 41, 1),
(327, 29, 49, 1),
(328, 29, 46, 9),
(329, 29, 629, 11),
(330, 29, 68, 4),
(331, 29, 69, 5),
(332, 29, 80, 5),
(333, 29, 30, 8),
(334, 29, 43, 4),
(335, 29, 90, 9),
(336, 29, 96, 9),
(337, 29, 109, 9),
(338, 29, 111, 9),
(339, 29, 120, 11),
(340, 29, 123, 19),
(341, 29, 139, 5),
(342, 29, 161, 7),
(343, 29, 128, 9),
(344, 29, 127, 5),
(345, 29, 129, 18),
(346, 29, 141, 8),
(347, 29, 142, 4),
(348, 29, 143, 9),
(349, 29, 135, 8),
(350, 29, 149, 11),
(351, 29, 150, 7),
(352, 29, 133, 4),
(353, 29, 140, 8),
(354, 29, 690, 33),
(355, 29, 162, 5),
(356, 29, 152, 45),
(357, 29, 151, 45),
(358, 29, 165, 4),
(359, 29, 167, 4),
(360, 29, 166, 4),
(361, 29, 132, 12),
(362, 29, 172, 5),
(363, 30, 10, 2),
(364, 30, 30, 10),
(365, 30, 41, 4),
(366, 30, 51, 12),
(367, 30, 50, 12),
(368, 30, 54, 15),
(369, 30, 59, 7),
(370, 30, 80, 7),
(371, 30, 81, 2),
(372, 30, 90, 10),
(373, 30, 96, 10),
(374, 30, 109, 10),
(375, 30, 111, 10),
(376, 30, 120, 13),
(377, 30, 123, 20),
(378, 30, 128, 10),
(379, 30, 132, 13),
(380, 30, 152, 50),
(381, 30, 151, 50),
(382, 30, 165, 7),
(383, 30, 129, 20),
(384, 30, 69, 6),
(385, 30, 689, 5),
(386, 31, 634, 500),
(387, 31, 636, 40),
(388, 31, 635, 40),
(389, 31, 637, 40),
(390, 31, 624, 80),
(391, 31, 584, 25),
(392, 31, 656, 10),
(393, 31, 657, 10),
(394, 31, 664, 50),
(395, 31, 665, 50),
(396, 31, 666, 60),
(397, 31, 667, 60),
(398, 31, 648, 1),
(399, 31, 649, 10),
(400, 31, 675, 10),
(401, 31, 638, 40),
(402, 31, 161, 2),
(403, 32, 150, 20),
(404, 32, 600, 15),
(405, 32, 599, 15),
(406, 32, 603, 25),
(407, 32, 650, 13),
(408, 32, 651, 13),
(409, 32, 671, 12),
(410, 32, 127, 10),
(411, 32, 460, 6),
(412, 32, 459, 6),
(413, 32, 22, 15),
(414, 32, 149, 15),
(415, 32, 140, 12),
(416, 32, 139, 6),
(417, 32, 143, 10),
(418, 32, 161, 6),
(419, 33, 690, 50),
(420, 33, 137, 2),
(421, 33, 47, 12),
(422, 33, 138, 10),
(423, 33, 141, 10),
(424, 33, 142, 6),
(425, 33, 162, 7),
(426, 33, 123, 6),
(427, 33, 133, 5),
(428, 33, 166, 6),
(429, 33, 167, 6),
(430, 33, 172, 6),
(431, 33, 68, 6),
(432, 33, 43, 6),
(433, 34, 49, 3),
(434, 34, 633, 500),
(435, 35, 17, 10),
(436, 35, 18, 10),
(437, 35, 27, 10),
(438, 35, 97, 15),
(439, 35, 108, 15),
(440, 35, 113, 10),
(441, 35, 154, 3),
(442, 35, 153, 3),
(443, 36, 624, 50),
(444, 36, 917, 50),
(445, 36, 918, 250),
(446, 36, 919, 50),
(447, 36, 920, 50),
(448, 36, 921, 10),
(449, 36, 922, 10),
(450, 36, 923, 25),
(451, 36, 924, 25),
(452, 36, 625, 25),
(453, 36, 626, 25),
(454, 36, 627, 50),
(455, 36, 628, 50),
(456, 36, 633, 1500),
(457, 36, 634, 3500),
(458, 36, 925, 50),
(459, 36, 926, 50),
(460, 36, 642, 140),
(461, 36, 643, 140),
(462, 36, 927, 50),
(463, 36, 928, 50),
(464, 37, 984, 15),
(465, 37, 985, 40),
(466, 37, 986, 50),
(467, 37, 987, 25),
(468, 37, 988, 20),
(469, 37, 989, 25),
(470, 37, 990, 20),
(471, 37, 991, 15),
(472, 37, 992, 15),
(473, 37, 993, 20),
(474, 37, 994, 49),
(475, 37, 995, 40),
(476, 37, 996, 40),
(477, 37, 997, 15),
(478, 37, 998, 15),
(479, 37, 999, 20),
(480, 37, 1000, 10),
(481, 37, 1001, 10),
(482, 37, 1002, 20),
(483, 37, 1003, 24),
(484, 37, 1004, 10),
(485, 37, 1005, 10),
(486, 38, 929, 50),
(487, 38, 930, 50),
(488, 38, 931, 50),
(489, 38, 932, 50),
(490, 38, 933, 50),
(491, 38, 648, 100),
(492, 38, 649, 100),
(493, 38, 934, 15),
(494, 38, 935, 15),
(495, 38, 936, 15),
(496, 38, 937, 15),
(497, 38, 938, 10),
(498, 38, 939, 25),
(499, 38, 652, 25),
(500, 38, 653, 25),
(501, 38, 940, 25),
(502, 38, 656, 10),
(503, 38, 657, 10),
(504, 38, 654, 10),
(505, 38, 655, 10),
(506, 39, 1007, 40),
(507, 39, 1006, 40),
(508, 39, 1009, 25),
(509, 39, 1008, 25),
(510, 39, 1010, 15),
(511, 39, 1011, 12),
(512, 39, 1012, 40),
(513, 39, 1013, 40),
(514, 39, 1014, 40),
(515, 39, 1015, 40),
(516, 39, 1016, 40),
(517, 39, 1017, 40),
(518, 39, 1019, 50),
(519, 39, 1018, 50),
(520, 39, 1020, 500),
(521, 39, 1021, 50),
(522, 39, 1022, 50),
(523, 39, 1023, 125),
(524, 39, 1024, 25),
(525, 39, 1025, 10),
(526, 39, 615, 160),
(527, 39, 616, 60),
(528, 40, 676, 25),
(529, 40, 677, 25),
(530, 40, 678, 15),
(531, 40, 679, 15),
(532, 40, 941, 10),
(533, 40, 942, 10),
(534, 40, 943, 15),
(535, 40, 944, 15),
(536, 40, 945, 15),
(537, 40, 946, 15),
(538, 40, 947, 15),
(539, 40, 635, 25),
(540, 40, 636, 25),
(541, 40, 637, 25),
(542, 40, 638, 25),
(543, 40, 948, 10),
(544, 40, 949, 10),
(545, 40, 950, 10),
(546, 40, 951, 10),
(547, 40, 661, 15),
(548, 40, 952, 10),
(549, 41, 953, 15),
(550, 41, 954, 15),
(551, 41, 955, 30),
(552, 41, 646, 80),
(553, 41, 647, 80),
(554, 41, 664, 200),
(555, 41, 665, 200),
(556, 41, 666, 200),
(557, 41, 667, 200),
(558, 41, 956, 150),
(559, 41, 957, 250),
(560, 41, 958, 20),
(561, 41, 959, 20),
(562, 41, 960, 20),
(563, 41, 961, 20),
(564, 41, 962, 15),
(565, 41, 963, 15),
(566, 41, 964, 15),
(567, 41, 965, 15),
(568, 41, 966, 50),
(569, 41, 639, 50),
(570, 42, 967, 50),
(571, 42, 968, 50),
(572, 42, 969, 50),
(573, 42, 970, 50),
(574, 42, 971, 40),
(575, 42, 972, 75),
(576, 42, 668, 25),
(577, 42, 973, 50),
(578, 42, 670, 25),
(579, 42, 974, 25),
(580, 42, 975, 50),
(581, 42, 669, 75),
(582, 42, 976, 25),
(583, 42, 977, 25),
(584, 42, 671, 40),
(585, 42, 978, 15),
(586, 42, 979, 15),
(587, 42, 980, 15),
(588, 42, 981, 15),
(589, 42, 982, 25),
(590, 42, 983, 25),
(591, 43, 783, 15),
(592, 43, 782, 15),
(593, 43, 784, 5),
(594, 43, 785, 5),
(595, 43, 786, 10),
(596, 43, 787, 10),
(597, 43, 789, 15),
(598, 43, 788, 15),
(599, 43, 790, 20),
(600, 43, 791, 20),
(601, 43, 792, 40),
(602, 43, 532, 15),
(603, 43, 531, 15),
(604, 43, 533, 15),
(605, 43, 534, 15),
(606, 43, 793, 15),
(607, 43, 794, 15),
(608, 43, 796, 20),
(609, 43, 795, 20),
(610, 43, 797, 50),
(611, 43, 798, 50),
(612, 44, 764, 10),
(613, 44, 765, 10),
(614, 44, 767, 20),
(615, 44, 766, 20),
(616, 44, 768, 10),
(617, 44, 769, 10),
(618, 44, 770, 8),
(619, 44, 771, 75),
(620, 44, 773, 75),
(621, 44, 772, 75),
(622, 44, 775, 20),
(623, 44, 774, 20),
(624, 44, 776, 20),
(625, 44, 777, 20),
(626, 44, 779, 15),
(627, 44, 778, 15),
(628, 44, 780, 10),
(629, 44, 528, 15),
(630, 44, 781, 65),
(631, 44, 529, 15),
(632, 44, 530, 25),
(633, 45, 518, 15),
(634, 45, 519, 15),
(635, 45, 520, 40),
(636, 45, 753, 90),
(637, 45, 521, 40),
(638, 45, 522, 40),
(639, 45, 754, 25),
(640, 45, 523, 25),
(641, 45, 524, 50),
(642, 45, 503, 30),
(643, 45, 755, 10),
(644, 45, 756, 20),
(645, 45, 757, 15),
(646, 45, 758, 35),
(647, 45, 512, 20),
(648, 45, 759, 10),
(649, 45, 760, 10),
(650, 45, 761, 10),
(651, 45, 762, 10),
(652, 45, 511, 20),
(653, 45, 763, 20),
(654, 46, 451, 25),
(655, 46, 452, 25),
(656, 46, 453, 25),
(657, 46, 454, 25),
(658, 46, 457, 25),
(659, 46, 458, 25),
(660, 46, 743, 25),
(661, 46, 742, 25),
(662, 46, 744, 10),
(663, 46, 745, 10),
(664, 46, 746, 15),
(665, 46, 747, 25),
(666, 46, 748, 25),
(667, 46, 750, 25),
(668, 46, 749, 25),
(669, 46, 459, 50),
(670, 46, 460, 50),
(671, 46, 752, 75),
(672, 46, 751, 75),
(673, 46, 516, 15),
(674, 46, 517, 15),
(675, 47, 731, 10),
(676, 47, 732, 10),
(677, 47, 486, 15),
(678, 47, 487, 25),
(679, 47, 733, 30),
(680, 47, 734, 15),
(681, 47, 736, 15),
(682, 47, 735, 15),
(683, 47, 738, 15),
(684, 47, 737, 15),
(685, 47, 740, 35),
(686, 47, 739, 15),
(687, 47, 498, 20),
(688, 47, 499, 45),
(689, 47, 506, 10),
(690, 47, 507, 10),
(691, 47, 741, 20),
(692, 47, 509, 15),
(693, 47, 510, 15),
(694, 47, 514, 25),
(695, 47, 515, 25),
(696, 48, 721, 15),
(697, 48, 720, 15),
(698, 48, 722, 15),
(699, 48, 723, 15),
(700, 48, 724, 100),
(701, 48, 449, 40),
(702, 48, 450, 40),
(703, 48, 726, 25),
(704, 48, 725, 25),
(705, 48, 727, 45),
(706, 48, 728, 45),
(707, 48, 730, 50),
(708, 48, 729, 50),
(709, 48, 463, 40),
(710, 48, 464, 40),
(711, 48, 467, 40),
(712, 48, 468, 40),
(713, 48, 469, 25),
(714, 48, 470, 25),
(715, 48, 471, 25),
(716, 48, 472, 25),
(717, 49, 703, 55),
(718, 49, 438, 25),
(719, 49, 705, 15),
(720, 49, 704, 15),
(721, 49, 443, 100),
(722, 49, 444, 100),
(723, 49, 706, 25),
(724, 49, 707, 25),
(725, 49, 708, 40),
(726, 49, 709, 40),
(727, 49, 710, 40),
(728, 49, 711, 40),
(729, 49, 712, 15),
(730, 49, 713, 15),
(731, 49, 714, 25),
(732, 49, 715, 25),
(733, 49, 716, 25),
(734, 49, 717, 25),
(735, 49, 718, 15),
(736, 49, 719, 15),
(737, 50, 691, 10),
(738, 50, 692, 10),
(739, 50, 428, 15),
(740, 50, 429, 15),
(741, 50, 694, 15),
(742, 50, 693, 15),
(743, 50, 430, 50),
(744, 50, 696, 25),
(745, 50, 695, 25),
(746, 50, 697, 15),
(747, 50, 698, 15),
(748, 50, 699, 15),
(749, 50, 700, 25),
(750, 50, 701, 15),
(751, 50, 702, 25),
(752, 50, 432, 15),
(753, 50, 433, 25),
(754, 50, 434, 15),
(755, 50, 435, 25),
(756, 50, 436, 15),
(757, 50, 437, 25),
(758, 51, 897, 5),
(759, 51, 898, 5),
(760, 51, 899, 10),
(761, 51, 900, 10),
(762, 51, 901, 10),
(763, 51, 902, 10),
(764, 51, 903, 15),
(765, 51, 904, 15),
(766, 51, 905, 15),
(767, 51, 906, 15),
(768, 51, 907, 15),
(769, 51, 908, 15),
(770, 51, 911, 10),
(771, 51, 910, 10),
(772, 51, 912, 10),
(773, 51, 913, 10),
(774, 51, 914, 25),
(775, 51, 915, 25),
(776, 51, 621, 250),
(777, 51, 916, 250),
(778, 51, 909, 15),
(779, 52, 877, 50),
(780, 52, 878, 25),
(781, 52, 879, 15),
(782, 52, 880, 15),
(783, 52, 881, 15),
(784, 52, 882, 15),
(785, 52, 883, 25),
(786, 52, 884, 10),
(787, 52, 885, 10),
(788, 52, 613, 15),
(789, 52, 614, 15),
(790, 52, 886, 15),
(791, 52, 887, 25),
(792, 52, 888, 25),
(793, 52, 889, 20),
(794, 52, 890, 30),
(795, 52, 891, 10),
(796, 52, 892, 10),
(797, 52, 893, 10),
(798, 52, 894, 10),
(799, 52, 895, 10),
(800, 52, 896, 10),
(801, 53, 856, 10),
(802, 53, 857, 15),
(803, 53, 858, 15),
(804, 53, 859, 15),
(805, 53, 860, 20),
(806, 53, 861, 50),
(807, 53, 862, 50),
(808, 53, 863, 30),
(809, 53, 864, 10),
(810, 53, 865, 10),
(811, 53, 866, 15),
(812, 53, 867, 15),
(813, 53, 868, 10),
(814, 53, 869, 10),
(815, 53, 870, 10),
(816, 53, 871, 10),
(817, 53, 872, 20),
(818, 53, 873, 20),
(819, 53, 874, 15),
(820, 53, 875, 15),
(821, 53, 876, 10),
(822, 54, 837, 20),
(823, 54, 838, 20),
(824, 54, 839, 20),
(825, 54, 840, 20),
(826, 54, 841, 15),
(827, 54, 842, 15),
(828, 54, 608, 20),
(829, 54, 609, 20),
(830, 54, 843, 15),
(831, 54, 844, 25),
(832, 54, 845, 20),
(833, 54, 846, 20),
(834, 54, 847, 15),
(835, 54, 848, 20),
(836, 54, 849, 20),
(837, 54, 850, 15),
(838, 54, 851, 15),
(839, 54, 852, 10),
(840, 54, 853, 10),
(841, 54, 854, 15),
(842, 54, 855, 10),
(843, 55, 824, 15),
(844, 55, 825, 15),
(845, 55, 826, 10),
(846, 55, 827, 10),
(847, 55, 597, 20),
(848, 55, 598, 20),
(849, 55, 828, 15),
(850, 55, 829, 35),
(851, 55, 830, 10),
(852, 55, 831, 10),
(853, 55, 585, 10),
(854, 55, 586, 10),
(855, 55, 832, 20),
(856, 55, 833, 20),
(857, 55, 594, 50),
(858, 55, 603, 15),
(859, 55, 604, 15),
(860, 55, 834, 10),
(861, 55, 835, 10),
(862, 55, 836, 25),
(863, 55, 599, 10),
(864, 55, 600, 10),
(887, 56, 809, 15),
(888, 56, 810, 15),
(889, 56, 555, 10),
(890, 56, 556, 10),
(891, 56, 811, 10),
(892, 56, 812, 10),
(893, 56, 541, 10),
(894, 56, 540, 10),
(895, 56, 813, 20),
(896, 56, 814, 20),
(897, 56, 815, 15),
(898, 56, 816, 15),
(899, 56, 817, 10),
(900, 56, 818, 10),
(901, 56, 819, 15),
(902, 56, 820, 250),
(903, 56, 821, 150),
(904, 56, 584, 75),
(905, 56, 822, 250),
(906, 56, 823, 50),
(907, 57, 799, 25),
(908, 57, 800, 25),
(909, 57, 559, 10),
(910, 57, 560, 10),
(911, 57, 801, 20),
(912, 57, 802, 20),
(913, 57, 803, 50),
(914, 57, 553, 15),
(915, 57, 554, 15),
(916, 57, 557, 10),
(917, 57, 558, 10),
(918, 57, 804, 15),
(919, 57, 805, 15),
(920, 57, 806, 25),
(921, 57, 807, 25),
(922, 57, 573, 15),
(923, 57, 574, 15),
(924, 57, 808, 30),
(925, 57, 575, 25),
(926, 57, 576, 25),
(927, 58, 504, 5),
(928, 58, 505, 5),
(929, 58, 439, 40),
(930, 58, 440, 40),
(931, 58, 473, 10),
(932, 58, 474, 10),
(933, 58, 539, 5),
(934, 58, 1025, 5),
(935, 58, 544, 8),
(936, 58, 545, 4),
(937, 58, 658, 100),
(938, 58, 447, 40),
(939, 58, 448, 40),
(940, 58, 523, 20),
(941, 58, 524, 30),
(942, 58, 477, 7),
(943, 58, 478, 7),
(944, 58, 479, 8),
(945, 58, 480, 8),
(946, 58, 525, 20),
(947, 58, 526, 20),
(948, 58, 1024, 15),
(949, 58, 527, 8),
(950, 59, 441, 25),
(951, 59, 442, 25),
(952, 60, 441, 50),
(953, 60, 442, 50),
(954, 60, 513, 40),
(955, 60, 550, 3),
(956, 60, 488, 15),
(957, 60, 489, 15),
(958, 60, 490, 15),
(959, 60, 491, 15),
(960, 60, 527, 4),
(961, 60, 622, 40),
(962, 60, 623, 40),
(963, 60, 640, 20),
(964, 60, 641, 20),
(965, 60, 682, 20),
(966, 60, 683, 20),
(967, 60, 685, 20),
(968, 60, 686, 20),
(969, 60, 475, 10),
(970, 60, 476, 10),
(971, 60, 45, 20),
(972, 60, 48, 10),
(973, 60, 49, 10),
(974, 61, 53, 3),
(975, 61, 56, 20),
(976, 61, 103, 20),
(977, 61, 104, 20),
(978, 61, 118, 30),
(979, 62, 443, 50),
(980, 62, 444, 50),
(981, 62, 712, 2),
(982, 62, 713, 2),
(983, 62, 708, 10),
(984, 62, 709, 5),
(985, 62, 710, 5),
(986, 62, 711, 5),
(987, 62, 733, 10),
(988, 62, 734, 10),
(989, 62, 463, 1),
(990, 62, 464, 1),
(991, 62, 731, 10),
(992, 62, 732, 10),
(993, 62, 576, 2),
(994, 62, 891, 10),
(995, 62, 915, 15),
(996, 62, 957, 50),
(997, 62, 430, 10),
(998, 62, 792, 3),
(999, 62, 877, 30),
(1000, 62, 999, 10),
(1001, 62, 745, 10),
(1002, 63, 704, 2),
(1003, 63, 705, 2),
(1004, 63, 707, 4),
(1005, 63, 443, 10),
(1006, 63, 444, 10),
(1007, 63, 447, 3),
(1008, 63, 448, 7),
(1009, 63, 741, 3),
(1010, 63, 757, 3),
(1011, 63, 758, 3),
(1012, 63, 527, 4),
(1013, 63, 526, 4),
(1014, 63, 525, 4),
(1015, 63, 797, 10),
(1016, 63, 809, 2),
(1017, 63, 810, 2),
(1018, 63, 872, 10),
(1019, 63, 873, 10),
(1020, 63, 823, 10),
(1021, 63, 868, 1),
(1022, 63, 869, 1),
(1023, 63, 874, 2),
(1024, 63, 875, 2),
(1025, 63, 866, 1),
(1026, 64, 867, 1),
(1027, 64, 876, 10),
(1028, 64, 857, 1),
(1029, 64, 984, 2),
(1030, 64, 956, 4),
(1031, 64, 1002, 7),
(1032, 64, 1003, 3),
(1033, 64, 488, 1),
(1034, 64, 489, 1),
(1035, 64, 490, 1),
(1036, 64, 491, 1),
(1037, 65, 678, 1),
(1038, 65, 679, 1),
(1039, 65, 676, 2),
(1040, 65, 677, 2),
(1041, 65, 633, 20),
(1042, 65, 634, 50),
(1043, 65, 627, 15),
(1044, 65, 628, 30),
(1045, 65, 664, 30),
(1046, 65, 667, 40),
(1047, 65, 646, 2),
(1048, 65, 647, 2),
(1049, 65, 525, 2),
(1050, 65, 526, 2),
(1051, 65, 1024, 1),
(1052, 65, 527, 1),
(1053, 66, 695, 3),
(1054, 66, 696, 3),
(1055, 66, 441, 1),
(1056, 66, 442, 1),
(1057, 66, 443, 3),
(1058, 66, 444, 3),
(1059, 66, 447, 3),
(1060, 66, 448, 3),
(1061, 66, 486, 2),
(1062, 66, 487, 2),
(1063, 66, 526, 2),
(1064, 66, 1024, 3),
(1065, 66, 803, 4),
(1066, 66, 800, 10),
(1067, 66, 817, 2),
(1068, 66, 818, 2),
(1069, 66, 603, 2),
(1070, 66, 604, 2),
(1071, 66, 615, 5),
(1072, 66, 616, 5),
(1073, 66, 908, 2),
(1074, 66, 909, 2),
(1075, 66, 527, 3),
(1076, 67, 1020, 5),
(1077, 67, 624, 10),
(1078, 67, 1021, 10),
(1079, 67, 917, 10),
(1080, 67, 650, 2),
(1081, 67, 651, 2),
(1082, 67, 918, 10),
(1083, 67, 621, 10),
(1084, 67, 956, 6),
(1085, 67, 872, 6),
(1086, 67, 622, 10),
(1087, 67, 623, 10),
(1088, 67, 682, 2),
(1089, 67, 683, 2),
(1090, 67, 685, 6),
(1091, 67, 686, 2),
(1092, 68, 956, 10),
(1093, 68, 637, 10),
(1094, 68, 638, 10),
(1095, 68, 934, 10),
(1096, 68, 935, 10),
(1097, 68, 706, 6),
(1098, 68, 707, 6),
(1099, 68, 627, 20),
(1100, 68, 628, 20),
(1101, 68, 624, 25),
(1102, 68, 917, 25),
(1103, 68, 821, 25),
(1104, 68, 633, 20),
(1105, 68, 634, 20),
(1106, 68, 463, 2),
(1107, 68, 464, 2),
(1108, 68, 467, 2),
(1109, 68, 468, 2),
(1110, 68, 822, 20),
(1111, 69, 754, 4),
(1112, 69, 512, 2),
(1113, 69, 765, 1),
(1114, 69, 767, 1),
(1115, 69, 790, 2),
(1116, 69, 633, 30),
(1117, 69, 634, 30),
(1118, 69, 637, 5),
(1119, 69, 638, 5),
(1120, 69, 994, 4),
(1121, 69, 982, 3),
(1122, 69, 1021, 10),
(1123, 69, 985, 5),
(1124, 69, 957, 4),
(1125, 69, 933, 2),
(1126, 69, 49, 2),
(1127, 70, 162, 2),
(1128, 70, 118, 5),
(1129, 71, 956, 130),
(1130, 72, 633, 30),
(1131, 72, 634, 30),
(1132, 72, 638, 8),
(1133, 72, 637, 8),
(1134, 72, 635, 2),
(1135, 72, 636, 2),
(1136, 72, 1021, 10),
(1137, 72, 917, 10),
(1138, 72, 767, 2),
(1139, 72, 118, 1),
(1140, 73, 982, 2),
(1141, 73, 850, 1),
(1142, 73, 487, 3),
(1143, 73, 740, 5),
(1144, 73, 854, 1),
(1145, 74, 956, 250),
(1146, 75, 49, 1),
(1147, 75, 45, 3),
(1148, 75, 48, 2),
(1149, 75, 53, 1),
(1150, 75, 56, 2),
(1151, 75, 103, 2),
(1152, 75, 104, 2),
(1153, 76, 28, 5),
(1154, 76, 37, 3),
(1155, 76, 58, 10),
(1156, 76, 67, 1),
(1157, 76, 88, 10),
(1158, 76, 112, 10),
(1159, 76, 117, 7),
(1160, 76, 1026, 15),
(1161, 76, 122, 10),
(1162, 76, 126, 7),
(1163, 76, 1027, 10),
(1164, 77, 428, 2),
(1165, 77, 429, 2),
(1166, 77, 693, 3),
(1167, 77, 430, 5),
(1168, 77, 770, 4),
(1169, 77, 768, 2),
(1170, 77, 744, 2),
(1171, 77, 746, 1),
(1172, 77, 728, 2),
(1173, 77, 727, 2),
(1174, 77, 633, 10),
(1175, 77, 634, 10),
(1176, 77, 1018, 2),
(1177, 77, 1019, 2),
(1178, 77, 998, 3),
(1179, 77, 1004, 2),
(1180, 78, 925, 10),
(1181, 78, 926, 10),
(1182, 78, 635, 6),
(1183, 78, 637, 6),
(1184, 78, 638, 6),
(1185, 78, 642, 5),
(1186, 78, 643, 5),
(1187, 78, 1023, 20),
(1188, 78, 699, 2),
(1189, 78, 700, 2),
(1190, 78, 701, 2),
(1191, 78, 702, 2),
(1192, 79, 906, 10),
(1193, 79, 907, 10),
(1194, 79, 704, 3),
(1195, 79, 439, 2),
(1196, 79, 440, 2),
(1197, 79, 441, 2),
(1198, 79, 442, 2),
(1199, 79, 443, 5),
(1200, 79, 444, 5),
(1201, 79, 463, 5),
(1202, 79, 464, 5),
(1203, 79, 467, 5),
(1204, 79, 468, 5),
(1205, 79, 735, 10),
(1206, 79, 736, 10),
(1207, 79, 753, 5),
(1208, 79, 520, 5),
(1209, 79, 521, 5),
(1210, 79, 522, 5),
(1211, 79, 477, 1),
(1212, 79, 478, 1),
(1213, 79, 479, 1),
(1214, 79, 480, 1),
(1215, 79, 737, 5),
(1216, 79, 738, 5),
(1217, 80, 498, 5),
(1218, 80, 499, 5),
(1219, 80, 744, 5),
(1220, 80, 746, 5),
(1221, 80, 727, 5),
(1222, 80, 728, 5),
(1223, 80, 741, 3),
(1224, 80, 512, 3),
(1225, 80, 528, 2),
(1226, 80, 781, 2),
(1227, 80, 529, 2),
(1228, 80, 530, 5),
(1229, 80, 863, 5),
(1230, 80, 883, 5),
(1231, 80, 923, 3),
(1232, 80, 924, 3),
(1233, 80, 622, 3),
(1234, 80, 623, 3),
(1235, 80, 635, 10),
(1236, 80, 636, 10),
(1237, 80, 637, 10),
(1238, 80, 638, 10),
(1239, 81, 1020, 20),
(1240, 81, 624, 50),
(1241, 81, 665, 10),
(1242, 81, 667, 10),
(1243, 81, 997, 2),
(1244, 81, 998, 2),
(1245, 81, 1004, 2),
(1246, 81, 1005, 2),
(1247, 82, 431, 100),
(1248, 82, 486, 30),
(1249, 82, 484, 10),
(1250, 82, 98, 15),
(1251, 82, 487, 100),
(1252, 82, 6, 20),
(1253, 82, 14, 4),
(1254, 82, 148, 20),
(1255, 82, 690, 25),
(1256, 82, 134, 5),
(1257, 82, 1028, 25),
(1258, 82, 935, 12),
(1259, 82, 61, 10),
(1260, 82, 62, 10),
(1261, 82, 934, 12),
(1262, 82, 956, 20),
(1263, 83, 444, 6),
(1264, 83, 747, 2),
(1265, 83, 748, 2),
(1266, 83, 749, 2),
(1267, 83, 750, 2),
(1268, 83, 739, 3),
(1269, 83, 740, 3),
(1270, 83, 506, 5),
(1271, 83, 507, 5),
(1272, 83, 806, 2),
(1273, 83, 807, 2),
(1274, 83, 854, 2),
(1275, 84, 957, 2),
(1276, 84, 642, 10),
(1277, 84, 635, 5),
(1278, 84, 636, 5),
(1279, 84, 637, 5),
(1280, 84, 638, 5),
(1281, 84, 633, 25),
(1282, 84, 634, 50),
(1283, 84, 956, 2),
(1284, 85, 430, 10),
(1285, 85, 486, 3),
(1286, 85, 736, 5),
(1287, 85, 735, 5),
(1288, 85, 453, 4),
(1289, 85, 454, 5),
(1290, 85, 458, 1),
(1291, 85, 754, 2),
(1292, 85, 767, 1),
(1293, 85, 770, 2),
(1294, 85, 792, 3),
(1295, 85, 864, 1),
(1296, 85, 883, 10),
(1297, 85, 888, 2),
(1298, 85, 957, 2),
(1299, 85, 973, 2),
(1300, 85, 1007, 1),
(1301, 85, 1006, 1),
(1302, 85, 616, 2),
(1303, 85, 615, 5),
(1304, 85, 825, 1),
(1305, 85, 824, 1),
(1306, 85, 629, 3),
(1307, 85, 1020, 5),
(1308, 85, 1009, 1),
(1309, 85, 487, 5),
(1310, 86, 1008, 1),
(1311, 86, 658, 5),
(1312, 86, 10, 2),
(1313, 86, 6, 2),
(1314, 86, 14, 3),
(1315, 87, 502, 20),
(1316, 88, 148, 3),
(1317, 88, 690, 3),
(1318, 89, 1002, 8),
(1319, 89, 1003, 4),
(1320, 90, 806, 5),
(1321, 90, 807, 5),
(1322, 90, 877, 6),
(1323, 90, 765, 3),
(1324, 90, 502, 5),
(1325, 90, 503, 5),
(1326, 91, 806, 5),
(1327, 91, 807, 5),
(1328, 91, 877, 6),
(1329, 91, 765, 3),
(1330, 91, 502, 5),
(1331, 91, 503, 5),
(1332, 92, 503, 20),
(1333, 92, 446, 20),
(1334, 92, 445, 20),
(1335, 92, 662, 5),
(1336, 92, 103, 15),
(1337, 92, 104, 15),
(1338, 92, 593, 15),
(1339, 92, 594, 15),
(1340, 92, 607, 10),
(1341, 92, 691, 8),
(1342, 92, 692, 8),
(1343, 92, 36, 5),
(1344, 92, 85, 5),
(1345, 92, 5, 1),
(1346, 92, 42, 10),
(1347, 92, 93, 15),
(1348, 93, 6, 2),
(1349, 93, 43, 1),
(1350, 93, 45, 2),
(1351, 93, 54, 1),
(1352, 93, 61, 1),
(1353, 93, 62, 1),
(1354, 93, 1026, 5),
(1355, 93, 112, 1),
(1356, 93, 133, 1),
(1357, 93, 690, 2),
(1358, 94, 43, 1),
(1359, 94, 47, 1),
(1360, 94, 49, 1),
(1361, 94, 48, 1),
(1362, 94, 54, 1),
(1363, 94, 59, 1),
(1364, 94, 69, 1),
(1365, 94, 127, 2),
(1366, 94, 138, 2),
(1367, 94, 141, 1),
(1368, 94, 151, 2),
(1369, 94, 152, 2),
(1370, 95, 633, 20),
(1371, 95, 634, 20),
(1372, 96, 45, 10),
(1373, 96, 123, 3),
(1374, 97, 729, 5),
(1375, 97, 730, 5),
(1376, 97, 459, 2),
(1377, 97, 460, 2),
(1378, 97, 463, 2),
(1379, 97, 464, 2),
(1380, 97, 467, 1),
(1381, 97, 468, 1),
(1382, 97, 753, 2),
(1383, 97, 520, 2),
(1384, 97, 521, 2),
(1385, 97, 522, 2),
(1386, 97, 523, 1),
(1387, 97, 524, 1),
(1388, 97, 754, 2),
(1389, 97, 509, 1),
(1390, 97, 510, 1),
(1391, 97, 764, 1),
(1392, 97, 765, 1),
(1393, 97, 513, 2),
(1394, 98, 987, 8),
(1395, 98, 989, 5),
(1396, 98, 870, 3),
(1397, 98, 871, 3),
(1398, 98, 872, 3),
(1399, 98, 873, 3),
(1400, 98, 953, 5),
(1401, 98, 954, 5),
(1402, 98, 650, 5),
(1403, 98, 651, 5),
(1404, 98, 772, 10),
(1405, 98, 773, 10),
(1406, 98, 757, 2),
(1407, 98, 758, 5),
(1408, 98, 956, 10),
(1409, 98, 658, 5),
(1410, 99, 854, 4),
(1411, 99, 859, 2),
(1412, 99, 804, 2),
(1413, 99, 805, 2),
(1414, 99, 526, 3),
(1415, 99, 1024, 3),
(1416, 99, 740, 5),
(1417, 99, 709, 3),
(1418, 99, 711, 3),
(1419, 100, 633, 30),
(1420, 100, 634, 30),
(1421, 100, 637, 8),
(1422, 100, 638, 8),
(1423, 100, 635, 2),
(1424, 100, 636, 2),
(1425, 100, 1021, 10),
(1426, 100, 917, 10),
(1427, 100, 767, 2),
(1428, 100, 118, 1),
(1429, 101, 982, 2),
(1430, 101, 850, 1),
(1431, 101, 487, 3),
(1432, 101, 740, 5),
(1433, 101, 854, 1),
(1434, 102, 956, 250),
(1435, 103, 49, 1),
(1436, 103, 45, 3),
(1437, 103, 48, 2),
(1438, 103, 53, 1),
(1439, 103, 56, 2),
(1440, 103, 103, 2),
(1441, 103, 104, 2),
(1442, 104, 461, 15),
(1443, 104, 462, 15),
(1444, 104, 644, 15),
(1445, 104, 645, 15),
(1446, 104, 897, 5),
(1447, 104, 898, 5),
(1448, 104, 992, 15),
(1449, 104, 127, 30),
(1450, 104, 31, 15),
(1451, 104, 131, 20),
(1452, 104, 102, 12),
(1453, 104, 107, 20),
(1454, 104, 565, 12),
(1455, 104, 566, 12),
(1456, 104, 941, 8),
(1457, 104, 942, 8),
(1458, 104, 684, 30),
(1459, 105, 54, 1),
(1460, 105, 526, 6),
(1461, 105, 431, 15),
(1462, 105, 985, 3),
(1463, 105, 150, 3),
(1464, 106, 1181, 40),
(1465, 106, 1182, 25),
(1466, 106, 31, 15),
(1467, 106, 1183, 15),
(1468, 106, 1184, 35),
(1469, 106, 1185, 35),
(1470, 106, 46, 20),
(1471, 106, 1186, 50),
(1472, 106, 1187, 15),
(1473, 106, 1188, 15),
(1474, 106, 1189, 15),
(1475, 106, 1190, 35),
(1476, 106, 1191, 20),
(1477, 106, 1192, 10),
(1478, 106, 1193, 20),
(1479, 106, 689, 15),
(1480, 106, 1194, 15),
(1481, 106, 1195, 15),
(1482, 106, 96, 50),
(1483, 106, 1196, 20),
(1484, 106, 95, 30),
(1485, 107, 129, 50),
(1486, 107, 127, 50),
(1487, 107, 1210, 15),
(1488, 107, 1211, 15),
(1489, 107, 161, 15),
(1490, 107, 163, 35),
(1491, 107, 1212, 25),
(1492, 107, 158, 30),
(1493, 107, 1213, 10),
(1494, 107, 1214, 10),
(1495, 107, 1215, 7),
(1496, 107, 1216, 10),
(1497, 108, 111, 20),
(1498, 108, 110, 20),
(1499, 108, 1197, 5),
(1500, 108, 1198, 20),
(1501, 108, 1199, 25),
(1502, 108, 1200, 15),
(1503, 108, 1201, 15),
(1504, 108, 1202, 10),
(1505, 108, 1203, 15),
(1506, 108, 1204, 25),
(1507, 108, 149, 20),
(1508, 108, 1205, 100),
(1509, 108, 147, 40),
(1510, 108, 1206, 40),
(1511, 108, 142, 25),
(1512, 108, 1207, 50),
(1513, 108, 1208, 25),
(1514, 108, 141, 50),
(1515, 108, 134, 25),
(1516, 108, 1209, 30),
(1517, 108, 131, 20),
(1518, 109, 934, 5),
(1519, 109, 935, 5),
(1522, 111, 935, 2),
(1523, 111, 934, 3),
(1524, 112, 934, 3),
(1525, 112, 935, 3),
(1526, 113, 1021, 25),
(1527, 113, 631, 30),
(1528, 113, 632, 30),
(1529, 113, 629, 20),
(1530, 113, 630, 20),
(1531, 113, 501, 10),
(1532, 113, 500, 10),
(1533, 113, 660, 10),
(1534, 113, 661, 20);

-- --------------------------------------------------------

--
-- Estructura de tabla para la tabla `unidad_medida`
--

DROP TABLE IF EXISTS `unidad_medida`;
CREATE TABLE IF NOT EXISTS `unidad_medida` (
  `id_und` int(11) NOT NULL AUTO_INCREMENT COMMENT 'ID UNICO',
  `des_und` varchar(50) NOT NULL COMMENT 'DESCRIPCION UNIDAD MEDIDA',
  `status_und` int(11) NOT NULL COMMENT 'ESTATUS UNIDAD MEDIDA',
  `sunatm_und` varchar(10) DEFAULT NULL COMMENT 'UNIDAD DE MEDIDA DE LA SUNAT',
  `sucursal_und` int(11) NOT NULL COMMENT 'SUCURSAL UNIDAD MEDIDA',
  PRIMARY KEY (`id_und`),
  KEY `sucursal_und` (`sucursal_und`)
) ENGINE=InnoDB AUTO_INCREMENT=3 DEFAULT CHARSET=latin1 COMMENT='GUARDA DATOS UNIDAD MEDIDA';

--
-- Volcado de datos para la tabla `unidad_medida`
--

INSERT INTO `unidad_medida` (`id_und`, `des_und`, `status_und`, `sunatm_und`, `sucursal_und`) VALUES
(1, 'SET', 1, 'SET', 1),
(2, 'UNIDAD', 1, 'NIU', 1);

-- --------------------------------------------------------

--
-- Estructura de tabla para la tabla `unidad_transporte`
--

DROP TABLE IF EXISTS `unidad_transporte`;
CREATE TABLE IF NOT EXISTS `unidad_transporte` (
  `id_utransp` int(11) NOT NULL AUTO_INCREMENT COMMENT 'ID UNICO',
  `des_utransp` varchar(150) DEFAULT NULL COMMENT 'DESCRIPCION UNIDAD TRANSPORTISTA',
  `status_utransp` int(11) NOT NULL DEFAULT 0 COMMENT 'ESTATUS UNIDAD TRANSPORTISTA',
  `sucursal_utransp` int(11) NOT NULL DEFAULT 0 COMMENT 'SUCURSAL UNIDAD TRANSPORTISTA',
  PRIMARY KEY (`id_utransp`),
  KEY `status_utransp` (`status_utransp`),
  KEY `sucursal_utransp` (`sucursal_utransp`)
) ENGINE=InnoDB AUTO_INCREMENT=2 DEFAULT CHARSET=latin1 COMMENT='ALMACENA DATOS DE LAS UNIDADES TRANSPORTISTAS';

--
-- Volcado de datos para la tabla `unidad_transporte`
--

INSERT INTO `unidad_transporte` (`id_utransp`, `des_utransp`, `status_utransp`, `sucursal_utransp`) VALUES
(1, 'KIA AKO-770', 1, 1);

-- --------------------------------------------------------

--
-- Estructura de tabla para la tabla `user`
--

DROP TABLE IF EXISTS `user`;
CREATE TABLE IF NOT EXISTS `user` (
  `id` int(11) NOT NULL AUTO_INCREMENT,
  `username` varchar(32) COLLATE utf8_unicode_ci NOT NULL,
  `auth_key` varchar(32) COLLATE utf8_unicode_ci NOT NULL,
  `password_hash` varchar(255) COLLATE utf8_unicode_ci NOT NULL,
  `password_reset_token` varchar(255) COLLATE utf8_unicode_ci DEFAULT NULL,
  `email` varchar(255) COLLATE utf8_unicode_ci NOT NULL,
  `status` smallint(6) NOT NULL DEFAULT 10,
  `created_at` int(11) NOT NULL,
  `updated_at` int(11) NOT NULL,
  `empresa` int(11) DEFAULT 0,
  `sucursal` int(11) DEFAULT NULL,
  PRIMARY KEY (`id`),
  KEY `empresa` (`empresa`),
  KEY `sucursal` (`sucursal`)
) ENGINE=InnoDB AUTO_INCREMENT=7 DEFAULT CHARSET=utf8 COLLATE=utf8_unicode_ci;

--
-- Volcado de datos para la tabla `user`
--

INSERT INTO `user` (`id`, `username`, `auth_key`, `password_hash`, `password_reset_token`, `email`, `status`, `created_at`, `updated_at`, `empresa`, `sucursal`) VALUES
(2, 'admin', 'qQb-eZ47QFy_2Gcngm-mBgtoItkkFQa4', '$2y$13$JAQP/j7i49qCfP8mACKq2uCVBgqVM/Th6k91sj8RAThAvLHoa28BS', NULL, 'admin@local.com', 10, 1563458207, 1563467567, 1, 1),
(3, 'jose', 'pRSIjg_V3dZQE9aIgTcI5dKWj4w8gRfw', '$2y$13$/BrHTFYSbsSXWsMExIC4y.9DzMi5TkWaLe/OsJGeD7It3iftXw0Mi', NULL, 'jose@jose.local', 10, 1586212551, 1586212551, 1, 1),
(4, 'nuevo1', 'Lrb5l5a7VZCmkY37HrDm55OSOBaX6-7W', '$2y$13$rFiE0x4MCV.IL5tLk9tI4eHMHl/rH2YwpE8XGu86uwxWNKX.l1PEO', NULL, 'nuevo1@fact.local', 10, 1587333922, 1587333922, 0, NULL),
(6, 'nuevo2', 'KHNknVktWzan4mpXRrItoaZYGC7hqAu6', '$2y$13$WddgbD7eByFrtV4n1iA8CurWdnwpw5YIUxIobaKMJRS7VIgWjp6JW', NULL, 'nuevo2@fact.local', 10, 1587345568, 1587345568, 0, NULL);

-- --------------------------------------------------------

--
-- Estructura de tabla para la tabla `vendedor`
--

DROP TABLE IF EXISTS `vendedor`;
CREATE TABLE IF NOT EXISTS `vendedor` (
  `id_vendedor` int(11) NOT NULL AUTO_INCREMENT COMMENT 'ID UNICO',
  `dni_vend` varchar(11) NOT NULL COMMENT 'DNI VENDEDOR',
  `nombre_vend` varchar(50) NOT NULL COMMENT 'NOMBRE VENDEDOR',
  `tlf_vend` varchar(20) NOT NULL COMMENT 'TELEFONO VENDEDOR',
  `estatus_vend` int(11) NOT NULL COMMENT 'ESTATUS VENDEDOR',
  `sucursal_vend` int(11) NOT NULL COMMENT 'SUCURSAL VENDEDOR',
  `zona_vend` int(11) NOT NULL COMMENT 'ZONA VENDEDOR',
  PRIMARY KEY (`id_vendedor`),
  KEY `zona_vend` (`zona_vend`),
  KEY `sucursal_vend` (`sucursal_vend`)
) ENGINE=InnoDB AUTO_INCREMENT=7 DEFAULT CHARSET=latin1 COMMENT='GUARDA DATOS DE VENDEDORES';

--
-- Volcado de datos para la tabla `vendedor`
--

INSERT INTO `vendedor` (`id_vendedor`, `dni_vend`, `nombre_vend`, `tlf_vend`, `estatus_vend`, `sucursal_vend`, `zona_vend`) VALUES
(1, '', 'OFICINA', '', 1, 1, 1),
(2, '', 'OMAR CAHUI', '', 1, 1, 1),
(3, '', 'MELIN HUAMAN', '', 1, 1, 1),
(4, '', 'IRVIN PEREZ', '', 1, 1, 1),
(5, '', 'APP', '', 1, 1, 1),
(6, '', 'GUTIERREZ', '', 1, 1, 3);

-- --------------------------------------------------------

--
-- Estructura Stand-in para la vista `v_productos`
-- (Véase abajo para la vista actual)
--
DROP VIEW IF EXISTS `v_productos`;
CREATE TABLE IF NOT EXISTS `v_productos` (
`id_prod` int(11)
,`cod_prod` varchar(25)
,`des_prod` text
,`compra_prod` int(11)
,`venta_prod` int(11)
,`status_prod` int(11)
,`sucursal_prod` int(11)
,`tipo_prod` int(11)
,`texto` mediumtext
,`impuesto_suc` decimal(7,2)
,`id_und` int(11)
,`des_und` varchar(50)
,`stock_prod` decimal(41,2)
);

-- --------------------------------------------------------

--
-- Estructura de tabla para la tabla `zona`
--

DROP TABLE IF EXISTS `zona`;
CREATE TABLE IF NOT EXISTS `zona` (
  `id_zona` int(11) NOT NULL AUTO_INCREMENT COMMENT 'ID UNICO',
  `nombre_zona` varchar(150) NOT NULL COMMENT 'NOMBRE ZONA',
  `desc_zona` text NOT NULL COMMENT 'DESCRIPCION ZONA',
  `estatus_zona` int(11) NOT NULL COMMENT 'ESTATUS ZONA',
  `sucursal_zona` int(11) NOT NULL COMMENT 'SUCURSAL ZONA',
  PRIMARY KEY (`id_zona`),
  KEY `sucursal_zona` (`sucursal_zona`)
) ENGINE=InnoDB AUTO_INCREMENT=5 DEFAULT CHARSET=latin1 COMMENT='GUARDA DATOS DE ZONAS';

--
-- Volcado de datos para la tabla `zona`
--

INSERT INTO `zona` (`id_zona`, `nombre_zona`, `desc_zona`, `estatus_zona`, `sucursal_zona`) VALUES
(1, 'LIMA', 'LIMA, TODAS LAS ZONAS EXCEPTO LA CINCUENTA', 1, 1),
(2, 'LA CINCUENTA', 'LIMA -  LA CINCUENTA', 1, 1),
(3, 'PROVINCIA - NORTE', 'PROVINCIAS DEL NORTE', 1, 1),
(4, 'PROVINCIA - CENTRO', 'PROVINCIAS DEL CENTRO', 1, 1);

-- --------------------------------------------------------

--
-- Estructura para la vista `v_productos`
--
DROP TABLE IF EXISTS `v_productos`;

CREATE ALGORITHM=UNDEFINED DEFINER=`root`@`localhost` SQL SECURITY DEFINER VIEW `v_productos`  AS  select `pr`.`id_prod` AS `id_prod`,`pr`.`cod_prod` AS `cod_prod`,`pr`.`des_prod` AS `des_prod`,`pr`.`compra_prod` AS `compra_prod`,`pr`.`venta_prod` AS `venta_prod`,`pr`.`status_prod` AS `status_prod`,`suc`.`id_suc` AS `sucursal_prod`,`pr`.`tipo_prod` AS `tipo_prod`,concat(`pr`.`cod_prod`,' ',`pr`.`des_prod`,' - ',`um`.`des_und`) AS `texto`,`suc`.`impuesto_suc` AS `impuesto_suc`,`um`.`id_und` AS `id_und`,`um`.`des_und` AS `des_und`,`pr`.`stock_prod` - (select coalesce(sum(`pedido_detalle`.`cant_pdetalle`),0) AS `cant_pedido` from (`pedido_detalle` join `pedido` on(`pedido`.`id_pedido` = `pedido_detalle`.`pedido_pdetalle`)) where `pedido_detalle`.`prod_pdetalle` = `pr`.`id_prod` and `pedido`.`sucursal_pedido` = `suc`.`id_suc` and `pedido`.`estatus_pedido` = 0) AS `stock_prod` from ((`producto` `pr` join `unidad_medida` `um` on(`um`.`id_und` = `pr`.`umed_prod`)) join `sucursal` `suc` on(`pr`.`sucursal_prod` = `suc`.`id_suc`)) group by `pr`.`id_prod`,`pr`.`cod_prod`,`pr`.`des_prod`,`pr`.`compra_prod`,`pr`.`venta_prod`,`pr`.`status_prod`,`pr`.`stock_prod`,`suc`.`id_suc`,`pr`.`tipo_prod`,`suc`.`impuesto_suc`,`um`.`id_und`,`um`.`des_und` order by `pr`.`cod_prod` ;

--
-- Restricciones para tablas volcadas
--

--
-- Filtros para la tabla `auth_assignment`
--
ALTER TABLE `auth_assignment`
  ADD CONSTRAINT `auth_assignment_ibfk_1` FOREIGN KEY (`item_name`) REFERENCES `auth_item` (`name`) ON DELETE CASCADE ON UPDATE CASCADE;

--
-- Filtros para la tabla `auth_item`
--
ALTER TABLE `auth_item`
  ADD CONSTRAINT `auth_item_ibfk_1` FOREIGN KEY (`rule_name`) REFERENCES `auth_rule` (`name`) ON DELETE SET NULL ON UPDATE CASCADE;

--
-- Filtros para la tabla `auth_item_child`
--
ALTER TABLE `auth_item_child`
  ADD CONSTRAINT `auth_item_child_ibfk_1` FOREIGN KEY (`parent`) REFERENCES `auth_item` (`name`) ON DELETE CASCADE ON UPDATE CASCADE,
  ADD CONSTRAINT `auth_item_child_ibfk_2` FOREIGN KEY (`child`) REFERENCES `auth_item` (`name`) ON DELETE CASCADE ON UPDATE CASCADE;

--
-- Filtros para la tabla `cliente`
--
ALTER TABLE `cliente`
  ADD CONSTRAINT `cliente_ibfk_1` FOREIGN KEY (`vendedor_clte`) REFERENCES `vendedor` (`id_vendedor`),
  ADD CONSTRAINT `cliente_ibfk_2` FOREIGN KEY (`pais_cte`) REFERENCES `pais` (`id_pais`) ON UPDATE CASCADE,
  ADD CONSTRAINT `cliente_ibfk_3` FOREIGN KEY (`provi_cte`) REFERENCES `provincia` (`id_prov`) ON UPDATE CASCADE,
  ADD CONSTRAINT `cliente_ibfk_4` FOREIGN KEY (`depto_cte`) REFERENCES `departamento` (`id_depto`) ON UPDATE CASCADE,
  ADD CONSTRAINT `cliente_ibfk_5` FOREIGN KEY (`dtto_clte`) REFERENCES `distrito` (`id_dtto`) ON UPDATE CASCADE,
  ADD CONSTRAINT `cliente_ibfk_6` FOREIGN KEY (`lista_clte`) REFERENCES `tipo_listap` (`id_lista`) ON DELETE NO ACTION ON UPDATE CASCADE,
  ADD CONSTRAINT `cliente_ibfk_7` FOREIGN KEY (`tipoid_clte`) REFERENCES `tipo_identificacion` (`id_tipoi`) ON DELETE NO ACTION ON UPDATE CASCADE;

--
-- Filtros para la tabla `compra`
--
ALTER TABLE `compra`
  ADD CONSTRAINT `compra_ibfk_1` FOREIGN KEY (`provee_compra`) REFERENCES `proveedor` (`id_prove`) ON UPDATE CASCADE,
  ADD CONSTRAINT `compra_ibfk_3` FOREIGN KEY (`moneda_compra`) REFERENCES `moneda` (`id_moneda`) ON UPDATE CASCADE,
  ADD CONSTRAINT `compra_ibfk_4` FOREIGN KEY (`condp_compra`) REFERENCES `cond_pago` (`id_condp`) ON UPDATE CASCADE;

--
-- Filtros para la tabla `compra_detalle`
--
ALTER TABLE `compra_detalle`
  ADD CONSTRAINT `compra_detalle_ibfk_1` FOREIGN KEY (`compra_cdetalle`) REFERENCES `compra` (`id_compra`) ON DELETE CASCADE ON UPDATE CASCADE,
  ADD CONSTRAINT `compra_detalle_ibfk_2` FOREIGN KEY (`prod_cdetalle`) REFERENCES `producto` (`id_prod`) ON DELETE CASCADE;

--
-- Filtros para la tabla `departamento`
--
ALTER TABLE `departamento`
  ADD CONSTRAINT `prov_depto_ibkf` FOREIGN KEY (`prov_depto`) REFERENCES `provincia` (`id_prov`);

--
-- Filtros para la tabla `distrito`
--
ALTER TABLE `distrito`
  ADD CONSTRAINT `depto_dtto_ibkf` FOREIGN KEY (`depto_dtto`) REFERENCES `departamento` (`id_depto`);

--
-- Filtros para la tabla `documento`
--
ALTER TABLE `documento`
  ADD CONSTRAINT `documento_ibfk_1` FOREIGN KEY (`tipo_doc`) REFERENCES `tipo_documento` (`id_tipod`) ON DELETE NO ACTION ON UPDATE CASCADE,
  ADD CONSTRAINT `documento_ibfk_2` FOREIGN KEY (`pedido_doc`) REFERENCES `pedido` (`id_pedido`) ON DELETE NO ACTION ON UPDATE CASCADE,
  ADD CONSTRAINT `documento_ibfk_3` FOREIGN KEY (`numeracion_doc`) REFERENCES `numeracion` (`id_num`) ON DELETE CASCADE ON UPDATE CASCADE;

--
-- Filtros para la tabla `documento_detalle`
--
ALTER TABLE `documento_detalle`
  ADD CONSTRAINT `documento_detalle_ibfk_1` FOREIGN KEY (`prod_ddetalle`) REFERENCES `producto` (`id_prod`) ON UPDATE CASCADE,
  ADD CONSTRAINT `documento_detalle_ibfk_2` FOREIGN KEY (`documento_ddetalle`) REFERENCES `documento` (`id_doc`) ON DELETE CASCADE ON UPDATE CASCADE;

--
-- Filtros para la tabla `lista_precios`
--
ALTER TABLE `lista_precios`
  ADD CONSTRAINT `lista_precios_ibfk_1` FOREIGN KEY (`tipo_lista`) REFERENCES `tipo_listap` (`id_lista`) ON UPDATE CASCADE,
  ADD CONSTRAINT `lista_precios_ibfk_2` FOREIGN KEY (`prod_lista`) REFERENCES `producto` (`id_prod`) ON UPDATE CASCADE;

--
-- Filtros para la tabla `menu`
--
ALTER TABLE `menu`
  ADD CONSTRAINT `menu_ibfk_1` FOREIGN KEY (`parent`) REFERENCES `menu` (`id`) ON DELETE SET NULL ON UPDATE CASCADE;

--
-- Filtros para la tabla `numeracion`
--
ALTER TABLE `numeracion`
  ADD CONSTRAINT `numeracion_ibfk_1` FOREIGN KEY (`tipo_num`) REFERENCES `tipo_documento` (`id_tipod`) ON UPDATE CASCADE;

--
-- Filtros para la tabla `pedido`
--
ALTER TABLE `pedido`
  ADD CONSTRAINT `pedido_ibfk_1` FOREIGN KEY (`clte_pedido`) REFERENCES `cliente` (`id_clte`) ON UPDATE CASCADE,
  ADD CONSTRAINT `pedido_ibfk_2` FOREIGN KEY (`vend_pedido`) REFERENCES `vendedor` (`id_vendedor`) ON UPDATE CASCADE,
  ADD CONSTRAINT `pedido_ibfk_3` FOREIGN KEY (`moneda_pedido`) REFERENCES `moneda` (`id_moneda`) ON UPDATE CASCADE,
  ADD CONSTRAINT `pedido_ibfk_4` FOREIGN KEY (`condp_pedido`) REFERENCES `cond_pago` (`id_condp`) ON UPDATE CASCADE;

--
-- Filtros para la tabla `pedido_detalle`
--
ALTER TABLE `pedido_detalle`
  ADD CONSTRAINT `fk_pedido_detalle_1` FOREIGN KEY (`prod_pdetalle`) REFERENCES `producto` (`id_prod`) ON UPDATE CASCADE,
  ADD CONSTRAINT `pedido_detalle_ibfk_1` FOREIGN KEY (`pedido_pdetalle`) REFERENCES `pedido` (`id_pedido`) ON DELETE CASCADE ON UPDATE CASCADE;

--
-- Filtros para la tabla `producto`
--
ALTER TABLE `producto`
  ADD CONSTRAINT `producto_ibkf_1` FOREIGN KEY (`tipo_prod`) REFERENCES `tipo_producto` (`id_tpdcto`) ON UPDATE CASCADE,
  ADD CONSTRAINT `producto_ibkf_2` FOREIGN KEY (`umed_prod`) REFERENCES `unidad_medida` (`id_und`) ON UPDATE CASCADE;

--
-- Filtros para la tabla `profile`
--
ALTER TABLE `profile`
  ADD CONSTRAINT `profile_ibfk_1` FOREIGN KEY (`user_id`) REFERENCES `user` (`id`) ON DELETE CASCADE ON UPDATE CASCADE;

--
-- Filtros para la tabla `proveedor`
--
ALTER TABLE `proveedor`
  ADD CONSTRAINT `provee_ibfk_1` FOREIGN KEY (`pais_prove`) REFERENCES `pais` (`id_pais`) ON UPDATE CASCADE,
  ADD CONSTRAINT `provee_ibfk_2` FOREIGN KEY (`provi_prove`) REFERENCES `provincia` (`id_prov`) ON UPDATE CASCADE,
  ADD CONSTRAINT `provee_ibfk_3` FOREIGN KEY (`depto_prove`) REFERENCES `departamento` (`id_depto`) ON UPDATE CASCADE,
  ADD CONSTRAINT `provee_ibfk_4` FOREIGN KEY (`dtto_prove`) REFERENCES `distrito` (`id_dtto`) ON UPDATE CASCADE;

--
-- Filtros para la tabla `provincia`
--
ALTER TABLE `provincia`
  ADD CONSTRAINT `fx_pais_prov` FOREIGN KEY (`pais_prov`) REFERENCES `pais` (`id_pais`) ON DELETE NO ACTION ON UPDATE NO ACTION;

--
-- Filtros para la tabla `sucursal`
--
ALTER TABLE `sucursal`
  ADD CONSTRAINT `sucursal_ibfk_1` FOREIGN KEY (`empresa_suc`) REFERENCES `empresa` (`id_empresa`) ON DELETE CASCADE ON UPDATE CASCADE;

--
-- Filtros para la tabla `transaccion`
--
ALTER TABLE `transaccion`
  ADD CONSTRAINT `transaccion_ibfk_1` FOREIGN KEY (`tipo_trans`) REFERENCES `tipo_movimiento` (`id_tipom`) ON DELETE CASCADE ON UPDATE CASCADE,
  ADD CONSTRAINT `transaccion_ibfk_2` FOREIGN KEY (`almacen_trans`) REFERENCES `almacen` (`id_almacen`) ON DELETE CASCADE ON UPDATE CASCADE;

--
-- Filtros para la tabla `trans_detalle`
--
ALTER TABLE `trans_detalle`
  ADD CONSTRAINT `trans_detalle_ibfk_1` FOREIGN KEY (`trans_detalle`) REFERENCES `transaccion` (`id_trans`) ON DELETE CASCADE ON UPDATE CASCADE,
  ADD CONSTRAINT `trans_detalle_ibfk_2` FOREIGN KEY (`prod_detalle`) REFERENCES `producto` (`id_prod`) ON DELETE NO ACTION ON UPDATE CASCADE;

--
-- Filtros para la tabla `vendedor`
--
ALTER TABLE `vendedor`
  ADD CONSTRAINT `vendedor_ibfk_1` FOREIGN KEY (`zona_vend`) REFERENCES `zona` (`id_zona`) ON DELETE CASCADE ON UPDATE CASCADE;
COMMIT;

/*!40101 SET CHARACTER_SET_CLIENT=@OLD_CHARACTER_SET_CLIENT */;
/*!40101 SET CHARACTER_SET_RESULTS=@OLD_CHARACTER_SET_RESULTS */;
/*!40101 SET COLLATION_CONNECTION=@OLD_COLLATION_CONNECTION */;
