<?xml version="1.0" encoding="ISO-8859-1" standalone="no"?>
<Invoice
  xmlns="urn:oasis:names:specification:ubl:schema:xsd:Invoice-2"
  xmlns:cac="urn:oasis:names:specification:ubl:schema:xsd:CommonAggregateComponents-2"
  xmlns:cbc="urn:oasis:names:specification:ubl:schema:xsd:CommonBasicComponents-2"
  xmlns:ccts="urn:un:unece:uncefact:documentation:2"
  xmlns:ds="http://www.w3.org/2000/09/xmldsig#"
  xmlns:ext="urn:oasis:names:specification:ubl:schema:xsd:CommonExtensionComponents-2"
  xmlns:qdt="urn:oasis:names:specification:ubl:schema:xsd:QualifiedDatatypes-2"
  xmlns:sac="urn:sunat:names:specification:ubl:peru:schema:xsd:SunatAggregateComponents-1"
  xmlns:udt="urn:un:unece:uncefact:data:specification:UnqualifiedDataTypesSchemaModule:2"
  xmlns:xsi="http://www.w3.org/2001/XMLSchema-instance">
  <cbc:UBLVersionID>2.0</cbc:UBLVersionID>
  <cbc:CustomizationID>1.0</cbc:CustomizationID>
  <!-- ///////////////////// Fecha de emision ///////////////////// -->
  <cbc:IssueDate>2019-11-08</cbc:IssueDate>
  <!-- ///////////////////// Fecha de emision ///////////////////// -->
  <!-- ///////////////////// Certificado digital ///////////////////// -->
  <ext:UBLExtensions>
    <ext:UBLExtension>
      <ext:ExtensionContent>
        <ds:Signature Id="LeophardSIGN">
          <ds:SignedInfo>
            <ds:CanonicalizationMethod Algorithm="http://www.w3.org/TR/2001/REC-xml-c14n20010315#WithComments"/>
            <ds:SignatureMethod Algorithm="http://www.w3.org/2000/09/xmldsig#dsa-sha1"/>
            <ds:Reference URI="">
              <ds:Transforms>
                <ds:Transform Algorithm="http://www.w3.org/2000/09/xmldsig#envelopedsignature"/>
              </ds:Transforms>
              <ds:DigestMethod Algorithm="http://www.w3.org/2000/09/xmldsig#sha1"/>
              <ds:DigestValue>+pruib33lOapq6GSw58GgQLR8VGIGqANloj4EqB1cb4=</ds:DigestValue>
            </ds:Reference>
          </ds:SignedInfo>
          <ds:SignatureValue>Oatv5xMfFInuGqiX9SoLDTy2yuLf0tTlMFkWtkdw1z/Ss6kiDz+vIgZhgKfIaxp+JbVy57GT5 8D6+WMYZ0xOxTK2mojNkJNewwTTXzqOqrrAlObs9YoS5JAQAMi/TwkR4brNniU9tVwyybirHxw0H WVzN2bB43yQd9hOlXzRUYpC8/sXw78h7ME3E/zeu882aOFySOnHWB63imBQGcYBV+LIGR/JW8ER+
            0VLMLatdwPVRbrWmz1/NIy5CWp1xWMaM6fC/9SXV0O1Lqopk0UeX2I2yuf05QhmVfjgUu6GnS3m6 o6zM9J36iDvMVZyj7vbJTwI8SfWjTSNqxXlqPQ==</ds:SignatureValue>
          <ds:KeyInfo>
            <ds:X509Data>
              <ds:X509Certificate>MIIF9TCCBN2gAwIBAgIGAK0oRTg/MA0GCSqGSIb3DQEBCwUAMFkxCzAJBgNVBAY TAlRSMUowSAYD VQQDDEFNYWxpIE3DvGjDvHIgRWxla3Ryb25payBTZXJ0aWZpa2EgSGl6bWV0IFNhxJ9sYXnEsWPE
                sXPEsSAtIFRlc3QgMTAeFw0wOTEwMjAxMTM3MTJaFw0xNDEwMTkxMTM3MTJaMIGgMRowGAYDVQQL DBFHZW5lbCBNw7xkw7xybMO8azEUMBIGA1UEBRMLMTAwMDAwMDAwMDIxbDBqBgNVBAMMY0F5ZMSx biBHcm91cCAtIFR1cml6bSDEsHRoYWxhdCDEsGhyYWNhdCBUZWtzdGlsIMSwbsWfYWF0IFBhemFy
                bGFtYSBEYW7EscWfbWFubMSxayDFnmlya2V0bGVyIEd1cnVidTCCASIwDQYJKoZIhvcNAQEBBQAD 4CJOTK0Qop/PgXsshX3fdiK8xha27VYDPTIab2ywu9PTqHj5N/d7j+OviISTcTRhIWtkujUrnjxe uYE4Md4TPX/J7FhRD7ydoLoRm+CPwXCNXAq9IuJlw1m9mtch0+6pz90CAwEAAaOCAnkwggJ1MB8G
                A1UdIwQYMBaAFDMWVMTfikyw1eUSpUXYmkw7n/hdMB0GA1UdDgQWBBT7OwFR6wLVKsTw6jL5+Hf1 s/ZDPTAOBgNVHQ8BAf8EBAMCB4AwggEzBgNVHSAEggEqMIIBJjCCASIGC2CGGAECAQEFBwQBMIIB ETAqBggrBgEFBQcCARYeaHR0cDovL2RlcG8ua2FtdXNtLmdvdi50ci9pbGtlMIHiBggrBgEFBQcC
                AjCB1R6B0gBCAHUAIABzAGUAcgB0AGkAZgBpAGsAYQAgAGkAbABlACAAaQBsAGcAaQBsAGkAIABz AGUAcgB0AGkAZgBpAGsAYQAgAHUAeQBnAHUAbABhAG0AYQAgAGUAcwBhAHMAbABhAHIBMQBuATEA DQYJKoZIhvcNAQELBQADggEBAGCcBJ7cEfYc2MaPchbc1yPXku8V8SOWpjg+jrTXBW98dy9HvciW
                iMwtPnC2DRjdsyGv3bxwRZr9wXMRrMNwRjyFe9JPA7bSscEgaXwzDUG5FCvfS/PNT+XCce+VECAx 6Q3R1ZRSA49fYz6tDB4Ia5HVBXZODmrCs26XisHF6kuS5N/yGg8E7VC1BRr/SmxXeLTdjQYAfo7l xCz4dT6wP5TOiBvF+lyWW1bi9nbliXyb/e5HjCp4k/ra9LTskjbY/Ukl5O8G9JEAViZkjvxDX7T0
                yVRHgMGiioIKVMwU6Lrtln607BNurLwED0OeoZ4wBgkBiB5vXofreXrfN2pHZ24=
              </ds:X509Certificate>
            </ds:X509Data>
          </ds:KeyInfo>
        </ds:Signature>
      </ext:ExtensionContent>
    </ext:UBLExtension>
  </ext:UBLExtensions>
  <!-- ///////////////////// Certificado digital ///////////////////// -->
  <!-- ///////////////////// Firma Electronica ///////////////////// -->
  <cac:Signature>
    <cbc:ID>IDLeophardSIGN</cbc:ID>
    <cac:SignatoryParty>
      <cac:PartyIdentification>
        <cbc:ID>20604954241</cbc:ID>
      </cac:PartyIdentification>
      <cac:PartyName>
        <cbc:Name>
          <![CDATA[CORPORACION LEOPHARD S.A.C.]]>
        </cbc:Name>
      </cac:PartyName>
    </cac:SignatoryParty>
  </cac:Signature>
  <!-- ///////////////////// Firma Electronica ///////////////////// -->
  <cac:AccountingSupplierParty>
    <!-- ///////////////////// RUC emisor ///////////////////// -->
    <cbc:CustomerAssignedAccountID>20604954241</cbc:CustomerAssignedAccountID>
    <!-- ///////////////////// Tipo de documento emisor ///////////////////// -->
    <cbc:AdditionalAccountID>6</cbc:AdditionalAccountID>
    <cac:Party>
      <cac:PartyName>
        <!-- ///////////////////// Razon social emisor ///////////////////// -->
        <cbc:Name>
          <![CDATA[CORPORACION LEOPHARD S.A.C.]]>
        </cbc:Name>
      </cac:PartyName>
      <cac:PostalAddress>
        <!-- ///////////////////// Ubigeo emisor ///////////////////// -->
        <cbc:ID>070101</cbc:ID>
        <!-- ///////////////////// Direccion emisor ///////////////////// -->
        <cbc:StreetName>Calle Los Olivos 234</cbc:StreetName>
        <cbc:CitySubdivisionName></cbc:CitySubdivisionName>
        <!-- ///////////////////// Departamento emisor ///////////////////// -->
        <cbc:CityName>Lima</cbc:CityName>
        <!-- /////////////////////  Provincia emisor ///////////////////// -->
        <cbc:CountrySubentity>Callao</cbc:CountrySubentity>
        <!-- /////////////////////  Dsitrito emisor ///////////////////// -->
        <cbc:District>Callao</cbc:District>
        <cac:Country>
          <!-- /////////////////////  Codigo pais emisor ///////////////////// -->
          <cbc:IdentificationCode>PE</cbc:IdentificationCode>
        </cac:Country>
      </cac:PostalAddress>
      <cac:PartyLegalEntity>
        <cbc:RegistrationName>
          <!-- ///////////////////// Nomnbre comercial emisor ///////////////////// -->
          <![CDATA[CORPORACION LEOPHARD S.A.C.]]>
        </cbc:RegistrationName>
      </cac:PartyLegalEntity>
    </cac:Party>
  </cac:AccountingSupplierParty>
  <!-- ///////////////////// Tipo de documento ///////////////////// -->
  <cbc:InvoiceTypeCode>01</cbc:InvoiceTypeCode>
  <!-- ///////////////////// Numero de factura (Serie-Correlativo)///////////////////// -->
  <cbc:ID>FA01-10</cbc:ID>
  <cac:AccountingCustomerParty>
    <!-- ///////////////////// Ruc usuario ///////////////////// -->
    <cbc:CustomerAssignedAccountID>20382170114</cbc:CustomerAssignedAccountID>
    <!-- ///////////////////// Tipo de documento usuario ///////////////////// -->
    <cbc:AdditionalAccountID>6</cbc:AdditionalAccountID>
    <cac:Party>
      <cac:PartyLegalEntity>
        <cbc:RegistrationName>
          <!-- ///////////////////// Razon social usuario ///////////////////// -->
          <![CDATA[CECI FARMA IMPORT S.R.L.]]>
        </cbc:RegistrationName>
      </cac:PartyLegalEntity>
    </cac:Party>
  </cac:AccountingCustomerParty>
  <cac:InvoiceLine>
    <!-- ///////////////////// Nro de orden de item ///////////////////// -->
    <cbc:ID>1</cbc:ID>
    <!-- ///////////////////// Cantidad con unidad de medida de item ///////////////////// -->
    <cbc:InvoicedQuantity unitCode="NIU">1</cbc:InvoicedQuantity>
    <!-- ///////////////////// Precio unitario de item sin IGV y sin descuento por item ///////////////////// -->
    <cac:Price>
      <cbc:PriceAmount currencyID="PEN">678.0</cbc:PriceAmount>
    </cac:Price>
    <cac:Item>
      <!-- ///////////////////// Codigo de item ///////////////////// -->
      <cac:SellersItemIdentification>
        <cbc:ID>Cap-258963</cbc:ID>
      </cac:SellersItemIdentification>
      <!-- ///////////////////// Descripcion por item ///////////////////// -->
      <cbc:Description>
        <![CDATA[CAPTOPRIL 25mg X 30]]>
      </cbc:Description>
    </cac:Item>
    <cac:PricingReference>
      <cac:AlternativeConditionPrice>
        <!-- ///////////////////// Precio total con IGV por item (tipo de moneda) ///////////////////// -->
        <cbc:PriceAmount currencyID="PEN">800.04</cbc:PriceAmount>
        <!-- /////////////////////  Tipo de IGV por item ///////////////////// -->
        <cbc:PriceTypeCode>01</cbc:PriceTypeCode>
      </cac:AlternativeConditionPrice>
    </cac:PricingReference>
    <cac:TaxTotal>
      <!-- /////////////////////  Total de IGV por item ///////////////////// -->
      <cbc:TaxAmount currencyID="PEN">122.04</cbc:TaxAmount>
      <cac:TaxSubtotal>
        <!-- /////////////////////  Total de IGV por item ///////////////////// -->
        <cbc:TaxAmount currencyID="PEN">122.04</cbc:TaxAmount>
        <cac:TaxCategory>
          <cbc:TaxExemptionReasonCode>10</cbc:TaxExemptionReasonCode>
          <cac:TaxScheme>
            <cbc:ID>1000</cbc:ID>
            <cbc:Name>IGV</cbc:Name>
            <cbc:TaxTypeCode>VAT</cbc:TaxTypeCode>
          </cac:TaxScheme>
        </cac:TaxCategory>
      </cac:TaxSubtotal>
    </cac:TaxTotal>
    <!-- ///////////////////// Total de Precio unitario por item menos el descuento sin IGV por item ///////////////////// -->
    <cbc:LineExtensionAmount currencyID="PEN">678.0</cbc:LineExtensionAmount>
  </cac:InvoiceLine>
  <ext:UBLExtension>
    <ext:ExtensionContent>
      <sac:AdditionalInformation>
        <!-- ///////////////////// Total de valor de ventas sin IGV ///////////////////// -->
        <sac:AdditionalMonetaryTotal>
          <cbc:ID>1001</cbc:ID>
          <cbc:PayableAmount currencyID="PEN">678.0</cbc:PayableAmount>
        </sac:AdditionalMonetaryTotal>
      </sac:AdditionalInformation>
      <sac:AdditionalInformation>
        <sac:AdditionalProperty>
          <cbc:ID>1000</cbc:ID>
          <cbc:Value>Son Catorce mil quinientos ocho y 00/100</cbc:Value>
        </sac:AdditionalProperty>
      </sac:AdditionalInformation>
    </ext:ExtensionContent>
  </ext:UBLExtension>
  <cac:TaxTotal>
    <cbc:TaxAmount currencyID="PEN">59210.65</cbc:TaxAmount>
    <cac:TaxSubtotal>
      <cbc:TaxAmount currencyID="PEN">59210.65</cbc:TaxAmount>
      <cac:TaxCategory>
        <cac:TaxScheme>
          <cbc:ID>1000</cbc:ID>
          <cbc:Name>IGV</cbc:Name>
          <cbc:TaxTypeCode>VAT</cbc:TaxTypeCode>
        </cac:TaxScheme>
      </cac:TaxCategory>
    </cac:TaxSubtotal>
  </cac:TaxTotal>
  <cac:LegalMonetaryTotal>
    <cbc:PayableAmount currencyID="PEN">45.34</cbc:PayableAmount>
  </cac:LegalMonetaryTotal>
  <cbc:DocumentCurrencyCode>PEN</cbc:DocumentCurrencyCode>
</Invoice>
